sequence_id,sequence,model,max_reference_similarity,passes_novelty_rule_le80
diff_amp_00000,MMLFSTIKNAGKSIAGKLVNSIKNKLSCKED,AMP-Diffusion,0.5625,True
diff_amp_00001,MMAIPGTLTRNLFLPGPRCAILRNRIRRTCC,AMP-Diffusion,0.5,True
diff_amp_00002,MMLLNFLKNKLKEFAKGVASGVLQAAKDKLS,AMP-Diffusion,0.5573770491803278,True
diff_amp_00003,CMSCRICACRKTCRRLLSEEICSNNRLHFLC,AMP-Diffusion,0.5,True
diff_amp_00004,MMSIKYIKKVRLNGGNKAASAAVGKKLEELA,AMP-Diffusion,0.5625,True
diff_amp_00005,GMLRLWPKISKGPALVKKGKSFLKALHPILK,AMP-Diffusion,0.5666666666666667,True
diff_amp_00006,GMIFGPIASLGNKIAGNLIGGVLDKLKDKIN,AMP-Diffusion,0.5769230769230769,True
diff_amp_00007,MGFLDKLKNVAKGVAKSVGQSVLNQLKKSLD,AMP-Diffusion,0.65625,True
diff_amp_00008,CMTCSGVCGRCLRTEKIIGSCRFCNRTRSCY,AMP-Diffusion,0.5263157894736843,True
diff_amp_00009,MMVFSKLKNAAKNAAKGAGVSLLGKVSGKID,AMP-Diffusion,0.6031746031746033,True
diff_amp_00010,MMLFSTFKGVLKGVLKVAGKMGLKAAAKSID,AMP-Diffusion,0.5806451612903225,True
diff_amp_00011,AGFGDLLAKALDHAGKATANLLKSLRGGPQA,AMP-Diffusion,0.6551724137931035,True
diff_amp_00012,MMLFSSGIEKLKSAAKIAGKAVLNSLSCKIT,AMP-Diffusion,0.5925925925925926,True
diff_amp_00013,MGILDTIKNVAKGVAKGLGKGVMNTLKGKFS,AMP-Diffusion,0.65625,True
diff_amp_00014,MMRWSRLVKTGKKFGRKVLDSQAKTGNPSQS,AMP-Diffusion,0.5588235294117647,True
diff_amp_00015,MMFLRKFAKRGLNGIRTILRSAVDRGAVNAA,AMP-Diffusion,0.5555555555555556,True
diff_amp_00016,MMILSKFKNALKKLAKGLADNVLQKAAKAVS,AMP-Diffusion,0.6,True
diff_amp_00017,MMLWKGIKQLIKIAGKAGAQNLLQAASCKVS,AMP-Diffusion,0.5666666666666667,True
diff_amp_00018,MMCKTRSKKNICVCRGKEKRNPRKIGRYLCE,AMP-Diffusion,0.5,True
diff_amp_00019,MMGIFAFAKVIGTAAKGAVDNLFKKAQCKSD,AMP-Diffusion,0.5573770491803278,True
diff_amp_00020,GMVFPTVGKEGIPALVIRAAKSGKSGLSKLL,AMP-Diffusion,0.5357142857142857,True
diff_amp_00021,MMGGKPKNRQKPKGPNGLKRPGPNNCFPHMA,AMP-Diffusion,0.4918032786885246,True
diff_amp_00022,GMIMSPLKNLLKGGAKNVAGSVLGAASGKLS,AMP-Diffusion,0.6071428571428572,True
diff_amp_00023,MMVFIIIKGAVATTAVGYALKKLQAAVKGIA,AMP-Diffusion,0.5555555555555556,True
diff_amp_00024,MMLLGKTKKDKGRNAKSDEQLKKLKACRVIP,AMP-Diffusion,0.53125,True
diff_amp_00025,MMIKSIFKMNGLCKIGKFARKIICKINSNLG,AMP-Diffusion,0.5384615384615384,True
diff_amp_00026,MMKRLRKITLGEKALLGRGVADQLFAVGAKY,AMP-Diffusion,0.5423728813559322,True
diff_amp_00027,MMCKYKELQKRLGKMERIDGVCALIPCYRAQ,AMP-Diffusion,0.48484848484848486,True
diff_amp_00028,GMILDALKSMIKGAAKSAGVGVLQTAKDKLS,AMP-Diffusion,0.625,True
diff_amp_00029,MMLNLLAQNEIPLTAITGGKMLLSAAICPAK,AMP-Diffusion,0.5,True
diff_amp_00030,GMILSVAKILAKQVAKVAGNQLVDTLQKKLS,AMP-Diffusion,0.6129032258064516,True
diff_amp_00031,MGIFGTILGMAKGAAKDLGKSVLGKAKGKLS,AMP-Diffusion,0.6153846153846154,True
diff_amp_00032,GGLLDTLKGVAKNVAKNVGGGLLETLAGKVS,AMP-Diffusion,0.6545454545454545,True
diff_amp_00033,MMLFDTIKNVAKAAASSVAQNVSNKLSCKLL,AMP-Diffusion,0.59375,True
diff_amp_00034,MMKLKRFGKKLGKKLKRIGQKAKRIGSSLEN,AMP-Diffusion,0.6333333333333333,True
diff_amp_00035,MMFFLTIWKKLEARRAEAGVGCLINSNCPKS,AMP-Diffusion,0.5283018867924528,True
diff_amp_00036,MMKKDFEKISKFGQKLVEGIKKIADIVKNLN,AMP-Diffusion,0.5194805194805194,True
diff_amp_00037,MMWFRQIKKIALNAANQGLASVVEDAACKLS,AMP-Diffusion,0.5555555555555556,True
diff_amp_00038,MMILSSLKNVLTNAGKSAAGVLVNTLSCKLS,AMP-Diffusion,0.65625,True
diff_amp_00039,CMTCVRHTCKYNNLRSARGGCINGLCSHRLR,AMP-Diffusion,0.4761904761904761,True
diff_amp_00040,CMLCCRLYGRIRRPCHRVKCQFSCSGTYCGL,AMP-Diffusion,0.5,True
diff_amp_00041,GMLLTSFKGGAIKIAGKAAQNVLNELKGKIT,AMP-Diffusion,0.6451612903225806,True
diff_amp_00042,MMFMDVLKGLMKNALKVLGQSAVQKASCKIS,AMP-Diffusion,0.5714285714285714,True
diff_amp_00043,MMRGLISSTTGTAVGLLSAKTRVCFIKPCRS,AMP-Diffusion,0.5423728813559322,True
diff_amp_00044,MMLKGIKVIKIGLAKKVLGLGKIGGVPKILS,AMP-Diffusion,0.5769230769230769,True
diff_amp_00045,MMLFNLFKKAAKGAFRNIVNNVRGALDQLSG,AMP-Diffusion,0.5357142857142857,True
diff_amp_00046,GGLLDTIKNVIKGAANSLGKELLDKAKDKIS,AMP-Diffusion,0.6440677966101696,True
diff_amp_00047,MMLLSLFGKAAEKAGKGAGKLAKNLAKGFIS,AMP-Diffusion,0.6181818181818182,True
diff_amp_00048,CMICCSRTHKLCKKCLKNTVKGVYCLRKKMC,AMP-Diffusion,0.5,True
diff_amp_00049,MMIFGKLMNGLKAVAKHVGGKLLGTLAGKLT,AMP-Diffusion,0.5555555555555556,True
diff_amp_00050,MMWGFGKFLMEKLMKIGKKIV,AMP-Diffusion,0.6046511627906976,True
diff_amp_00051,MMKSLNKFFKKLTKVPKLFQV,AMP-Diffusion,0.5945945945945945,True
diff_amp_00052,MMLSLLYCYVGIVGCTLSDTC,AMP-Diffusion,0.5365853658536586,True
diff_amp_00053,MMGAGAVHGAFKGLFKGGLAG,AMP-Diffusion,0.5909090909090908,True
diff_amp_00054,MGLLKKIGGLAKKFGQKAVGS,AMP-Diffusion,0.6829268292682926,True
diff_amp_00055,MMLKWSKKFLKKGWLFIGATV,AMP-Diffusion,0.6285714285714286,True
diff_amp_00056,MMLPALAGLAAKFLPFAFCKS,AMP-Diffusion,0.6666666666666667,True
diff_amp_00057,MMIGEIAQQIRRTIHRIARRI,AMP-Diffusion,0.6190476190476191,True
diff_amp_00058,KLRRKLKRLLRKLRRLKRLLR,AMP-Diffusion,0.8292682926829268,False
diff_amp_00059,MMIIKTLSNGLEKGLKGGLKH,AMP-Diffusion,0.6153846153846154,True
diff_amp_00060,MMLGFLFKGLTKLLPKFVGAF,AMP-Diffusion,0.5789473684210527,True
diff_amp_00061,EMLGRSFKEKIKKIVQKFFQR,AMP-Diffusion,0.64,True
diff_amp_00062,MMWKKILKGGLKKAVAHGVKN,AMP-Diffusion,0.6511627906976745,True
diff_amp_00063,MMVIGKLGGALGKAIHAIRRR,AMP-Diffusion,0.6341463414634146,True
diff_amp_00064,MMVLDIVKIAKGIGKFVERIV,AMP-Diffusion,0.5789473684210527,True
diff_amp_00065,MMLWRRGAAKQLKKLPPVGTR,AMP-Diffusion,0.5945945945945945,True
diff_amp_00066,MMHNWLEKLFKRVVPGIAGLI,AMP-Diffusion,0.5714285714285714,True
diff_amp_00067,MMLRDFTKKFGQQAIAIFRRI,AMP-Diffusion,0.5,True
diff_amp_00068,MMWGALKLGGKLILASHPHLL,AMP-Diffusion,0.5945945945945945,True
diff_amp_00069,MMIFSKILSLFKKAGKGVVEN,AMP-Diffusion,0.5641025641025641,True
diff_amp_00070,AMLGDTLTSAFEKAVQLVLNK,AMP-Diffusion,0.5365853658536586,True
diff_amp_00071,MGIAAIAKIGAQVFGTFVGKI,AMP-Diffusion,0.6046511627906976,True
diff_amp_00072,MMWGKLFKGAKRVGKAALGAF,AMP-Diffusion,0.6222222222222222,True
diff_amp_00073,MMFFSKRWKSLGKEFRRFKNM,AMP-Diffusion,0.5454545454545454,True
diff_amp_00074,MGVLSKIGKVAGKALSGLAKG,AMP-Diffusion,0.6666666666666667,True
diff_amp_00075,RMRLYARRLVRYVLKRVRRLK,AMP-Diffusion,0.6285714285714286,True
diff_amp_00076,GGLGDILKKAGKALGQAISEV,AMP-Diffusion,0.6666666666666667,True
diff_amp_00077,MMFSSIWNLARKGLEAIVKLL,AMP-Diffusion,0.5714285714285714,True
diff_amp_00078,MMLGSIAKVAPKFLPSILPHI,AMP-Diffusion,0.6046511627906976,True
diff_amp_00079,MMWPLIRELYRQYRRVIAGTT,AMP-Diffusion,0.5384615384615384,True
diff_amp_00080,MMLFELIKTAGKNAGKVLKAV,AMP-Diffusion,0.5789473684210527,True
diff_amp_00081,MMFGLLKKLGSTVGKVAHHFL,AMP-Diffusion,0.6111111111111112,True
diff_amp_00082,MMLIEWKSVINEFKKIFGSIV,AMP-Diffusion,0.5405405405405406,True
diff_amp_00083,MMLSTLLKTAKKVLKKVWAIT,AMP-Diffusion,0.5945945945945945,True
diff_amp_00084,MMLKEIKKLGAAFVAGGQSVI,AMP-Diffusion,0.5641025641025641,True
diff_amp_00085,MMINAFKKKLTHIGKIALAVA,AMP-Diffusion,0.5714285714285714,True
diff_amp_00086,MMFFSVLSAGRRLLRKIRTLG,AMP-Diffusion,0.5714285714285714,True
diff_amp_00087,MMLGSIIKGAGKVVGGVVASL,AMP-Diffusion,0.5789473684210527,True
diff_amp_00088,MGIGKHLFSGIGKAIHFVGKA,AMP-Diffusion,0.6666666666666667,True
diff_amp_00089,MMITNFLRKFLRKKRKKLGED,AMP-Diffusion,0.5789473684210527,True
diff_amp_00090,MMFGLIAKIAKEAGPMVKGLI,AMP-Diffusion,0.6,True
diff_amp_00091,MMLGAILGFALGLLKKIAGAI,AMP-Diffusion,0.6190476190476191,True
diff_amp_00092,MMLSKLLKVAGKFGPAAFLPL,AMP-Diffusion,0.5945945945945945,True
diff_amp_00093,MMVKEFIATNEKIIPKFIKKS,AMP-Diffusion,0.5333333333333333,True
diff_amp_00094,MMFPVIAGLAGKLLPTAISLI,AMP-Diffusion,0.5945945945945945,True
diff_amp_00095,MMEQIHRRVARIQQVLRAVLI,AMP-Diffusion,0.5116279069767442,True
diff_amp_00096,MMIQEIARGIAHSIRRIARRI,AMP-Diffusion,0.5945945945945945,True
diff_amp_00097,MGIWDKIFKAAKGLAAEGLNS,AMP-Diffusion,0.6285714285714286,True
diff_amp_00098,MMLRTALHIGLHILPRIRKLL,AMP-Diffusion,0.6111111111111112,True
diff_amp_00099,KMGFLKKLFKKLKKELVLQQL,AMP-Diffusion,0.7027027027027026,True
diff_amp_00100,MMLPALILFNSK,AMP-Diffusion,0.6,True
diff_amp_00101,GMRLRRAGWWLR,AMP-Diffusion,0.6956521739130435,True
diff_amp_00102,RMWARRQWRMKK,AMP-Diffusion,0.782608695652174,True
diff_amp_00103,MMNWKAFLKALK,AMP-Diffusion,0.6363636363636364,True
diff_amp_00104,MGLLDILSKVVS,AMP-Diffusion,0.6666666666666667,True
diff_amp_00105,MMKRLWRTWVPL,AMP-Diffusion,0.6666666666666667,True
diff_amp_00106,KMWKLFKIFKFL,AMP-Diffusion,0.8181818181818181,False
diff_amp_00107,MMRRIIKIIIKI,AMP-Diffusion,0.782608695652174,True
diff_amp_00108,MLKRALKRLARH,AMP-Diffusion,0.6923076923076923,True
diff_amp_00109,MMKLRWAWKWLA,AMP-Diffusion,0.64,True
diff_amp_00110,MMAPLKLFLPFF,AMP-Diffusion,0.6,True
diff_amp_00111,CMLPWRTKWWRW,AMP-Diffusion,0.6666666666666667,True
diff_amp_00112,MMLGRARRLKRL,AMP-Diffusion,0.7619047619047619,True
diff_amp_00113,GRRRWRRRWWWW,AMP-Diffusion,0.9090909090909091,False
diff_amp_00114,MKKLLRKIKRYL,AMP-Diffusion,0.7272727272727273,True
diff_amp_00115,KMKKFKKILKLF,AMP-Diffusion,0.8695652173913043,False
diff_amp_00116,KMNLLKLGLKIK,AMP-Diffusion,0.7272727272727273,True
diff_amp_00117,MMWLKTILSLAK,AMP-Diffusion,0.6086956521739131,True
diff_amp_00118,MFFPILIPLLTS,AMP-Diffusion,0.64,True
diff_amp_00119,KKKLKKLKKKLK,AMP-Diffusion,0.8571428571428572,False
diff_amp_00120,CMCFCGRRFRPC,AMP-Diffusion,0.6666666666666667,True
diff_amp_00121,KMALKKLLKKLL,AMP-Diffusion,0.88,False
diff_amp_00122,MMIRKKIRKALI,AMP-Diffusion,0.7,True
diff_amp_00123,KLKKLKKLLKKL,AMP-Diffusion,0.923076923076923,False
diff_amp_00124,KMLLKLELLKIL,AMP-Diffusion,0.8,True
diff_amp_00125,KLKKLLALKKLK,AMP-Diffusion,0.8571428571428572,False
diff_amp_00126,MMIPFLRRLVIR,AMP-Diffusion,0.6,True
diff_amp_00127,MMKLLAALKTLL,AMP-Diffusion,0.72,True
diff_amp_00128,MMFKRLLKLLRL,AMP-Diffusion,0.72,True
diff_amp_00129,MGLFDIIKNVVK,AMP-Diffusion,0.75,True
diff_amp_00130,KKRLPKFLPKFF,AMP-Diffusion,0.64,True
diff_amp_00131,CMLCRKWRWWWL,AMP-Diffusion,0.7,True
diff_amp_00132,MKLWKKLFKKVL,AMP-Diffusion,0.8181818181818181,False
diff_amp_00133,MMGVFLWLYSHI,AMP-Diffusion,0.5217391304347826,True
diff_amp_00134,CMYCRRRFFCRC,AMP-Diffusion,0.6666666666666667,True
diff_amp_00136,MMFDLLKRVIDL,AMP-Diffusion,0.6153846153846154,True
diff_amp_00137,KMLLRLKLKLRL,AMP-Diffusion,0.8181818181818181,False
diff_amp_00138,MMFSLSASWKGG,AMP-Diffusion,0.5454545454545454,True
diff_amp_00139,MMFAKIFAHIAK,AMP-Diffusion,0.6666666666666667,True
diff_amp_00140,MMINLRTVGKAA,AMP-Diffusion,0.5925925925925926,True
diff_amp_00141,CMKVCRRWCSFS,AMP-Diffusion,0.6,True
diff_amp_00142,MMIIYARVHLTK,AMP-Diffusion,0.6086956521739131,True
diff_amp_00143,MLFRPILIGFLP,AMP-Diffusion,0.6666666666666667,True
diff_amp_00144,MMIVATIAALSK,AMP-Diffusion,0.6896551724137931,True
diff_amp_00145,MMRKKLKRKMLL,AMP-Diffusion,0.7272727272727273,True
diff_amp_00146,MMILRKIGALAK,AMP-Diffusion,0.64,True
diff_amp_00147,KHKLRHLLRHLL,AMP-Diffusion,0.7,True
diff_amp_00148,KMLLRKIINKKL,AMP-Diffusion,0.7272727272727273,True
diff_amp_00149,GRRRRRRPPYPP,AMP-Diffusion,0.75,True
diff_amp_00150,AMPMLAALLRALRRVWHAGLL,AMP-Diffusion,0.5853658536585367,True
diff_amp_00151,MMFKHIYKGAKHIGKHIHKAI,AMP-Diffusion,0.631578947368421,True
diff_amp_00152,MMLLIIFKVGHLVAAAVCNLI,AMP-Diffusion,0.6,True
diff_amp_00153,MMKVNLLSSTYLPTEKLIKQL,AMP-Diffusion,0.5365853658536586,True
diff_amp_00154,MRGIRVIRRAIRAIPAYIRAI,AMP-Diffusion,0.7,True
diff_amp_00155,MMGRWLTRARLLGGLALYALI,AMP-Diffusion,0.5853658536585367,True
diff_amp_00156,MMLRAIVRILQLPQRVVRQLR,AMP-Diffusion,0.6285714285714286,True
diff_amp_00157,MMLWKALRKAVKLAAKLFGNV,AMP-Diffusion,0.6,True
diff_amp_00158,MMARKQNQWAKAYLKSWAAKA,AMP-Diffusion,0.5945945945945945,True
diff_amp_00159,MMAGPILTVIGKAVGKLFKKI,AMP-Diffusion,0.5853658536585367,True
diff_amp_00160,GMMGDLAKGAVKVVGKAGLEA,AMP-Diffusion,0.6222222222222222,True
diff_amp_00161,MMKLFHLFGIFRLNKRYLRLK,AMP-Diffusion,0.5909090909090908,True
diff_amp_00162,MMFRRFGTHVKGYIKRVHGLI,AMP-Diffusion,0.5555555555555556,True
diff_amp_00163,MKKAKAAAAAAAAAAAAAAKA,AMP-Diffusion,0.8571428571428572,False
diff_amp_00164,MGLGGAFKGAAKIIGAAVGKV,AMP-Diffusion,0.6341463414634146,True
diff_amp_00165,MMPLVKTAFRYLYHPPHKLYV,AMP-Diffusion,0.5128205128205128,True
diff_amp_00166,MMKKLFKSIAQKFNKTILHLI,AMP-Diffusion,0.6285714285714286,True
diff_amp_00167,MMGKRIYKGAGKAAKRAWRGA,AMP-Diffusion,0.6046511627906976,True
diff_amp_00168,MMFHLKFHVRKIHGAKHVPEI,AMP-Diffusion,0.5365853658536586,True
diff_amp_00169,MGFLDTIKGFAGGLAKGLAGN,AMP-Diffusion,0.6486486486486487,True
diff_amp_00170,MMIASFLKSAVKLVVGGLLES,AMP-Diffusion,0.5945945945945945,True
diff_amp_00171,EMLVQRLKDAQLKEVRLILKD,AMP-Diffusion,0.5714285714285714,True
diff_amp_00172,MMLSALFKGIASVGKAIHGFI,AMP-Diffusion,0.5853658536585367,True
diff_amp_00173,EMGVERFLKKLKKKFKKIEEI,AMP-Diffusion,0.6486486486486487,True
diff_amp_00174,MMLGPLLAKVIAGPKIRFQHI,AMP-Diffusion,0.5641025641025641,True
diff_amp_00175,MMADALCGGLSLGLHLLRAAY,AMP-Diffusion,0.5641025641025641,True
diff_amp_00176,MMLLKKWKKGGKKGWKWLKKI,AMP-Diffusion,0.6486486486486487,True
diff_amp_00177,KMKFLKFIKKAKSLFKKLFKR,AMP-Diffusion,0.6666666666666667,True
diff_amp_00178,MMFFAIFKAAKKVGPAVFGLI,AMP-Diffusion,0.6222222222222222,True
diff_amp_00179,MMVGRLKRIFKKIKRFFRNLL,AMP-Diffusion,0.6111111111111112,True
diff_amp_00180,MMWPLARHALQRAKKRIGIAI,AMP-Diffusion,0.52,True
diff_amp_00181,MMIKEFKRRVTRIVDRLRSWL,AMP-Diffusion,0.65,True
diff_amp_00182,KKLLKLLLKLLKSKLKKLLKL,AMP-Diffusion,0.8444444444444444,False
diff_amp_00183,MMRKLKKKIKKLWNRLQNQLK,AMP-Diffusion,0.6285714285714286,True
diff_amp_00184,RMLHRLRRRVFVIKRLHRLLR,AMP-Diffusion,0.6666666666666667,True
diff_amp_00185,MMVKLLVHGLSAVFQALNAIE,AMP-Diffusion,0.5454545454545454,True
diff_amp_00186,MMLWSSLKKAFKKALGKALNA,AMP-Diffusion,0.6153846153846154,True
diff_amp_00187,MMLKLFKFLASLCNGKKRGTA,AMP-Diffusion,0.5641025641025641,True
diff_amp_00188,MMKLIKGPLFLRALGKGAAQA,AMP-Diffusion,0.5945945945945945,True
diff_amp_00189,RMLLRYLTKWIRTWVEKPLER,AMP-Diffusion,0.5263157894736843,True
diff_amp_00190,MMKLDEWLKNIFEAIRKGLFA,AMP-Diffusion,0.5555555555555556,True
diff_amp_00191,MMLNWITAIKKAYYITKQGIA,AMP-Diffusion,0.5405405405405406,True
diff_amp_00192,MKKAKKIPKKIKKKVKKAKVA,AMP-Diffusion,0.6857142857142857,True
diff_amp_00193,MMFGIVKKILHTVKKFLHGLV,AMP-Diffusion,0.5714285714285714,True
diff_amp_00194,MMAKVIKGIKAGIKALFRGIK,AMP-Diffusion,0.6222222222222222,True
diff_amp_00195,RRLLLRGLLQGLLSRIGGLLQ,AMP-Diffusion,0.65,True
diff_amp_00196,MMVNLKLLKYKLIGGGLYLKA,AMP-Diffusion,0.5945945945945945,True
diff_amp_00197,KMFKFLFKRLFKRFSKKFKLL,AMP-Diffusion,0.6666666666666667,True
diff_amp_00198,MMAKKTILKKALNELKKFKSG,AMP-Diffusion,0.6153846153846154,True
diff_amp_00199,MMWKDFLKKLKEIGPHVAEAI,AMP-Diffusion,0.5365853658536586,True
diff_amp_00200,MMLIGKVLRSHLHRA,AMP-Diffusion,0.5714285714285714,True
diff_amp_00201,RMFRPWIRRRPIRPP,AMP-Diffusion,0.8125,False
diff_amp_00202,EMLKEIKREIESIKK,AMP-Diffusion,0.5882352941176471,True
diff_amp_00203,MMIVRRKRWRLLTRQ,AMP-Diffusion,0.6428571428571428,True
diff_amp_00204,CMWRRPIRRRPIRPP,AMP-Diffusion,0.8125,False
diff_amp_00205,MMIVKKRRWAAKRAK,AMP-Diffusion,0.6428571428571428,True
diff_amp_00206,MMWFRKIKKALKKVA,AMP-Diffusion,0.6666666666666667,True
diff_amp_00207,MMWKRWKKFAKKFSK,AMP-Diffusion,0.6666666666666667,True
diff_amp_00208,MMKYHWNWRGGRAGL,AMP-Diffusion,0.5625,True
diff_amp_00209,MMKKLKKIIKLGLNF,AMP-Diffusion,0.6923076923076923,True
diff_amp_00210,MMPERQWQWQMRMWK,AMP-Diffusion,0.56,True
diff_amp_00211,MMFFRPIRRNPIRPP,AMP-Diffusion,0.7333333333333334,True
diff_amp_00212,MMAKLLKKSAKLAKK,AMP-Diffusion,0.7692307692307692,True
diff_amp_00213,MMIKYAWRRAYRRSK,AMP-Diffusion,0.5714285714285714,True
diff_amp_00214,CRFRPPIRRPPIRPP,AMP-Diffusion,0.9333333333333332,False
diff_amp_00215,CGGCFRCCYRGGCCY,AMP-Diffusion,0.56,True
diff_amp_00216,MMFLRKYWRPIFKYP,AMP-Diffusion,0.5925925925925926,True
diff_amp_00217,CMWRRPIRRPPIRPP,AMP-Diffusion,0.8125,False
diff_amp_00218,KMKLKKKRWRKLLLR,AMP-Diffusion,0.6896551724137931,True
diff_amp_00219,MMLGAIVGSVVGAII,AMP-Diffusion,0.5925925925925926,True
diff_amp_00220,CMLRRLLKKLLRCLR,AMP-Diffusion,0.7142857142857143,True
diff_amp_00221,RMRSRPIRRPRPRPR,AMP-Diffusion,0.7741935483870968,True
diff_amp_00222,KMKLWKIKWKLIRWK,AMP-Diffusion,0.7407407407407408,True
diff_amp_00223,MMLSKILPKVISLVS,AMP-Diffusion,0.5925925925925926,True
diff_amp_00224,KMLFRRIRRKVKKLA,AMP-Diffusion,0.6666666666666667,True
diff_amp_00225,CMCRRFCRCRGRCFC,AMP-Diffusion,0.5625,True
diff_amp_00226,MMFPLLTKAIGGGIQ,AMP-Diffusion,0.5714285714285714,True
diff_amp_00227,MGWKKFAKKVKAFFK,AMP-Diffusion,0.8,True
diff_amp_00228,MMFGLKKWFKRIKKL,AMP-Diffusion,0.6666666666666667,True
diff_amp_00229,MMLLWKVTKKWGWLR,AMP-Diffusion,0.64,True
diff_amp_00230,CMICFRVCARGICYR,AMP-Diffusion,0.625,True
diff_amp_00231,MMLGRPVKLTAKTKV,AMP-Diffusion,0.5714285714285714,True
diff_amp_00232,MMLPFLVKILTGILG,AMP-Diffusion,0.7142857142857143,True
diff_amp_00233,MMNNKKPVRPQPRPP,AMP-Diffusion,0.7272727272727273,True
diff_amp_00234,MMLKKIGKLIKRTVA,AMP-Diffusion,0.6666666666666667,True
diff_amp_00235,MMRGRFARRIPRIGR,AMP-Diffusion,0.6896551724137931,True
diff_amp_00236,MMWYRKIRAINLTKI,AMP-Diffusion,0.5714285714285714,True
diff_amp_00237,MMLKLFKKIAKVGGK,AMP-Diffusion,0.6923076923076923,True
diff_amp_00238,MMVVWKIKQWRWRRL,AMP-Diffusion,0.5925925925925926,True
diff_amp_00239,CMLNRPRPASPPHPH,AMP-Diffusion,0.625,True
diff_amp_00240,MMGFKKIRRAPIRPP,AMP-Diffusion,0.6206896551724138,True
diff_amp_00241,MGFVDLIKKAAGVIS,AMP-Diffusion,0.6666666666666667,True
diff_amp_00242,CMWFSKCRWRKMKCS,AMP-Diffusion,0.6153846153846154,True
diff_amp_00243,MKDIFKKFVQRIKDF,AMP-Diffusion,0.6923076923076923,True
diff_amp_00244,MMGFLKKIWEVIKNV,AMP-Diffusion,0.6060606060606061,True
diff_amp_00245,MMRRFCARAIRNIRR,AMP-Diffusion,0.6666666666666667,True
diff_amp_00246,CMWCFRWCYRGCCYR,AMP-Diffusion,0.625,True
diff_amp_00247,KLRKLLKKILKKIKK,AMP-Diffusion,0.7586206896551724,True
diff_amp_00248,KMLKKWKKVLRRWKK,AMP-Diffusion,0.7692307692307692,True
diff_amp_00249,MMKRKLFKRALALLK,AMP-Diffusion,0.6666666666666667,True
diff_amp_00250,MGWLSTFKDGAKTVAKHVLDMLKDKV,AMP-Diffusion,0.5964912280701755,True
diff_amp_00251,MMVLDTIKKAGGKIASLFKKIMAEAN,AMP-Diffusion,0.5714285714285714,True
diff_amp_00252,GMAGGPFLIGRLFLRVLRKLLKRLKK,AMP-Diffusion,0.5957446808510638,True
diff_amp_00253,KMLRKRFRRKIKKLLKKYPKIIKPLR,AMP-Diffusion,0.6909090909090909,True
diff_amp_00254,GMLGSRVQRAGRAIRHIPRRIGQGLR,AMP-Diffusion,0.6666666666666667,True
diff_amp_00255,RMRWFWFPWLGGRWPSPPGFPRRFVP,AMP-Diffusion,0.5909090909090908,True
diff_amp_00256,MMVLRVIGQAARKVGRKIRSIIRRII,AMP-Diffusion,0.5531914893617021,True
diff_amp_00257,MMRVTYWFRSRWISHQGPGQVRFRFH,AMP-Diffusion,0.5217391304347826,True
diff_amp_00258,MMLLRKLGKKKLSKITASGMARIPAI,AMP-Diffusion,0.5818181818181818,True
diff_amp_00259,MMLIDKALKGVGKVLGKILPAIIEKV,AMP-Diffusion,0.5957446808510638,True
diff_amp_00260,MKGFGKLWKGAKKFGKLLKGLKKLLK,AMP-Diffusion,0.6818181818181819,True
diff_amp_00261,AMPPVARRVLRLLGIQIRLTARQIIK,AMP-Diffusion,0.5333333333333333,True
diff_amp_00262,MMLFSTLKQLLKQGAKQALEKIAQFV,AMP-Diffusion,0.5777777777777777,True
diff_amp_00263,MMIGERLRRVIREIGKRIVQVIKAAL,AMP-Diffusion,0.5454545454545454,True
diff_amp_00264,MMAWSKLLEKIASVAGKAAVNAGQTA,AMP-Diffusion,0.5957446808510638,True
diff_amp_00265,MGIFEKIKGALKKAVATGLLKVAGPL,AMP-Diffusion,0.6521739130434783,True
diff_amp_00266,MMIGDIFKNAAKIALSKLVDKIKNAV,AMP-Diffusion,0.5882352941176471,True
diff_amp_00267,MGFKDTLKKGVTGGLKDVAVKIMEKI,AMP-Diffusion,0.5777777777777777,True
diff_amp_00268,EMLLKRFRGKRLKDFKERLKDIIRNL,AMP-Diffusion,0.5818181818181818,True
diff_amp_00269,MKLWSKFKKKALKAGGKALKKLPAIG,AMP-Diffusion,0.6521739130434783,True
diff_amp_00270,AGLLKAAGKKVLAAAKKLAGLAKKLL,AMP-Diffusion,0.7234042553191489,True
diff_amp_00271,RMRAWQRKLQWKYSSIQRRLRRYWRH,AMP-Diffusion,0.5909090909090908,True
diff_amp_00272,MMLLKRIGRFRKWIKRIPQRIRKVLR,AMP-Diffusion,0.6,True
diff_amp_00273,KMLFSTVLGAAIKKLFKLGKLLKLKK,AMP-Diffusion,0.6521739130434783,True
diff_amp_00274,MMGWDTFKQKIKNAAKGGLKAAANKM,AMP-Diffusion,0.6122448979591837,True
diff_amp_00275,GMIGGFLRGGLKKAGNFILEKIRGIL,AMP-Diffusion,0.5957446808510638,True
diff_amp_00276,MMRFKKFKEKIGKKLGKIVKRIKRIR,AMP-Diffusion,0.6222222222222222,True
diff_amp_00277,AMPRRTLRDAITTELRKRARKELLAA,AMP-Diffusion,0.5454545454545454,True
diff_amp_00278,MMIKGLAKRTARFGLKRGGLAAVYAI,AMP-Diffusion,0.5652173913043479,True
diff_amp_00279,MMAARTALKALRKAAKAAWKAAKKAG,AMP-Diffusion,0.6818181818181819,True
diff_amp_00280,MMVLRRIRRGCRRIRRIPRQIQGGER,AMP-Diffusion,0.5957446808510638,True
diff_amp_00281,MGLWSSIKNKGKNLAGKLAKAAMNGM,AMP-Diffusion,0.6122448979591837,True
diff_amp_00282,RMWWLTLRRILRIGWEIPRRLIDLLE,AMP-Diffusion,0.5652173913043479,True
diff_amp_00283,MMLIETIRRGIRAIRHIPRRIRQGVL,AMP-Diffusion,0.6666666666666667,True
diff_amp_00284,MMWLDTIKNFVKAIAATALTAALGGA,AMP-Diffusion,0.64,True
diff_amp_00285,MGLKDKIKQAASAAAKVLLKNAGGGG,AMP-Diffusion,0.5555555555555556,True
diff_amp_00286,MMLERIRRVFGRIFRFIRQPIRDILE,AMP-Diffusion,0.5531914893617021,True
diff_amp_00287,MMLKKLLTKAIKVAGKVALTALKAVL,AMP-Diffusion,0.653061224489796,True
diff_amp_00288,GMIGAAIKDFLKGVAKGAGNELLEKM,AMP-Diffusion,0.5882352941176471,True
diff_amp_00289,MMRLFKKIIQKLKDLFQKATKKFIDT,AMP-Diffusion,0.5909090909090908,True
diff_amp_00290,RMKLSRWWRRRKLQSWRKLIRALIRR,AMP-Diffusion,0.6086956521739131,True
diff_amp_00291,MMAIPLFWLLLAAGLKLIRRRQRNNR,AMP-Diffusion,0.5531914893617021,True
diff_amp_00292,MGLLDFLKNAGKAVAKALLDKLKDKY,AMP-Diffusion,0.6440677966101696,True
diff_amp_00293,MMIGKLIKGVGKTLIRGAAIRAGNKI,AMP-Diffusion,0.625,True
diff_amp_00294,MMGWKRIARKGKNVGKHVARAAKGAL,AMP-Diffusion,0.6382978723404256,True
diff_amp_00295,GGIADWIRRGLKFGAHSVGKQLNHGR,AMP-Diffusion,0.5306122448979591,True
diff_amp_00296,GGFGSSLLEGAKAAGKNLLDKLKDKI,AMP-Diffusion,0.6,True
diff_amp_00297,MGLATDLVKGIASKLFGGVLDVFGDK,AMP-Diffusion,0.5714285714285714,True
diff_amp_00298,MGLMKKFGKKLRHAGSSVLDAAKAAV,AMP-Diffusion,0.6122448979591837,True
diff_amp_00299,MKKAAAKAAAAAAAAAAAAAAAKAAA,AMP-Diffusion,0.84,False
diff_amp_00300,MMIKSFLKTVKKAVKTVVKTALKA,AMP-Diffusion,0.7234042553191489,True
diff_amp_00301,MMLFSLFKIATIGKHLVKAVIKAL,AMP-Diffusion,0.6511627906976745,True
diff_amp_00302,MMKKLFKKIEKSASKVIGKTLLPA,AMP-Diffusion,0.6,True
diff_amp_00303,MMLVNTIESLYKKIIKKLKPHSLA,AMP-Diffusion,0.5454545454545454,True
diff_amp_00304,MMWLKKILKTTLKTLKKVGTAALT,AMP-Diffusion,0.5909090909090908,True
diff_amp_00305,MMKKLIKKIAKSIKKTVTSVLPKV,AMP-Diffusion,0.6046511627906976,True
diff_amp_00306,MMPIKQSIRKFTNLFKVATTVLNF,AMP-Diffusion,0.5333333333333333,True
diff_amp_00307,MMGKKFLKTFLLYKLFKVYTNIKA,AMP-Diffusion,0.5714285714285714,True
diff_amp_00308,MMKKFFKKWKSLVKKTARKFRHVA,AMP-Diffusion,0.6190476190476191,True
diff_amp_00309,MMGAKKALKKIAKAGKKATKAAKA,AMP-Diffusion,0.7142857142857143,True
diff_amp_00310,MMWPVTFKKLWKFTKVQIACSKKF,AMP-Diffusion,0.5454545454545454,True
diff_amp_00311,MMLWTTVKKGLAQAVWKAIGHKLI,AMP-Diffusion,0.5531914893617021,True
diff_amp_00312,MMIKEFIKTLGLATKGLITVTLLT,AMP-Diffusion,0.5581395348837209,True
diff_amp_00313,MMKWGYTIFKKFLKELKKLAKTIA,AMP-Diffusion,0.6,True
diff_amp_00314,KMLLSSLKKSYLSNKKKLKKLLKA,AMP-Diffusion,0.6829268292682926,True
diff_amp_00315,MMIGSLLKTALKVGISAYLAGLKK,AMP-Diffusion,0.6222222222222222,True
diff_amp_00316,MMGRKLKRFAKIRKKYKVGKLIVR,AMP-Diffusion,0.6046511627906976,True
diff_amp_00317,MMWLSDIKKWIKKVPGVVIGAIAG,AMP-Diffusion,0.55,True
diff_amp_00318,MMFLKFIGKALKAAAKLGKTLLVP,AMP-Diffusion,0.64,True
diff_amp_00319,MMIKSWLPVLRKKKKRLKALFPSA,AMP-Diffusion,0.5714285714285714,True
diff_amp_00320,MMWKKLLKKFFLKSGKSAYTLLKH,AMP-Diffusion,0.65,True
diff_amp_00321,MMFKKWLKKLTAKIKKTQSTIKKT,AMP-Diffusion,0.6046511627906976,True
diff_amp_00322,MMKARFLRKINSRPFRAGGGRAAA,AMP-Diffusion,0.5106382978723405,True
diff_amp_00323,MMWLNKLKNVGKAIPKHFGKLAQS,AMP-Diffusion,0.5714285714285714,True
diff_amp_00324,MMWKSKIKHFTKAAGKKVLHALKH,AMP-Diffusion,0.64,True
diff_amp_00325,MMLGLFKTIAKSLAKTLAKAALKV,AMP-Diffusion,0.6190476190476191,True
diff_amp_00326,MMKLIFIKLKSEGVLLKVITRNKN,AMP-Diffusion,0.5454545454545454,True
diff_amp_00327,MMLKKFKKTFKEAVKLVKTIGKEF,AMP-Diffusion,0.6341463414634146,True
diff_amp_00328,MMKKSFKNLFSKGKLKAVIIGLAV,AMP-Diffusion,0.5909090909090908,True
diff_amp_00329,MMIFATRKSILKEEAKALITALNV,AMP-Diffusion,0.5652173913043479,True
diff_amp_00330,KKLFKSTIKSLSKKFKKAYKKYLK,AMP-Diffusion,0.7234042553191489,True
diff_amp_00331,MMGSSLASSVGKKKLLKSLAAAVA,AMP-Diffusion,0.5909090909090908,True
diff_amp_00332,MMIGSLIATAGPKILKTLSKLKKK,AMP-Diffusion,0.5777777777777777,True
diff_amp_00333,CMCRRWQRKIRPWTWSTRQMPWPR,AMP-Diffusion,0.55,True
diff_amp_00334,MMKKLFKPLHKFYQFVGGTHLLKS,AMP-Diffusion,0.5581395348837209,True
diff_amp_00335,MMFVTRKIVYYQRIKAGRLKKRLF,AMP-Diffusion,0.55,True
diff_amp_00336,KMKLKLIKKFKSLKKTVLKTLKKA,AMP-Diffusion,0.76,True
diff_amp_00337,MMWKLFSKKWRPIKAKTFPQAPRL,AMP-Diffusion,0.5365853658536586,True
diff_amp_00338,MMKFKSILKKLKKVGKKLGLFLAA,AMP-Diffusion,0.6521739130434783,True
diff_amp_00339,MKLKTALKTLTTAKLTKLKTALKL,AMP-Diffusion,0.7142857142857143,True
diff_amp_00340,MMWKDALKTVVGVVLPTGTNVALQ,AMP-Diffusion,0.5283018867924528,True
diff_amp_00341,MMLFKKIKKKVIKTVKKLTVRKAT,AMP-Diffusion,0.6,True
diff_amp_00342,MGIGSFIKVAAPALLKTVSTGTKL,AMP-Diffusion,0.5909090909090908,True
diff_amp_00343,MMWFRRWRPVLAVVATGGAAALAG,AMP-Diffusion,0.5365853658536586,True
diff_amp_00344,MMFGRHHFRFWGGKFKTSHTRLTT,AMP-Diffusion,0.5957446808510638,True
diff_amp_00345,MMLGSFLKELASIGVKLGGAALGL,AMP-Diffusion,0.6,True
diff_amp_00346,MMPKKNFAIIRRITILLRAAKAII,AMP-Diffusion,0.5581395348837209,True
diff_amp_00347,MMLGSWLKTVLSAVGKVLTTSKLK,AMP-Diffusion,0.5957446808510638,True
diff_amp_00348,MMPITSILKFKSLSAIASKTCPRV,AMP-Diffusion,0.55,True
diff_amp_00349,MMAWKTIATRKLLRVLKKATALIK,AMP-Diffusion,0.6,True
diff_amp_00350,MMDWDKIKQELLGAAKRVGGIVRGVFTKLSG,AMP-Diffusion,0.5185185185185186,True
diff_amp_00351,MGFLDSLKNTLKGAAKGAAKGLLNSLKGKLT,AMP-Diffusion,0.625,True
diff_amp_00352,MMKVRKGRKQRRRKRRRLKRRFHARYILQPI,AMP-Diffusion,0.5714285714285714,True
diff_amp_00353,MMILDLLKNAAKGAAKVLGTNSLKILSCKLS,AMP-Diffusion,0.625,True
diff_amp_00354,MMFFRKLRNSIPNVGSWLKDRVRRIKSSGAP,AMP-Diffusion,0.46875,True
diff_amp_00355,MMIFSSMKSAAKNLLKNALGNMLNTASCKID,AMP-Diffusion,0.5294117647058824,True
diff_amp_00356,MMIATLLKRAGWTLNQGRRLYKTAGNASKLT,AMP-Diffusion,0.5396825396825398,True
diff_amp_00357,AMAGLATEAGTAEAALRAIADTIQAVAAALR,AMP-Diffusion,0.5660377358490566,True
diff_amp_00358,MMIFGTLFHLARHAAKKGLGKVTKKLGCKAD,AMP-Diffusion,0.5588235294117647,True
diff_amp_00359,CMCRACCRRRRRFRSCLSGGFACSGRRIFFC,AMP-Diffusion,0.509090909090909,True
diff_amp_00360,EMLFPKIGKSRLASFVKKIEEKVKNFLESLF,AMP-Diffusion,0.5294117647058824,True
diff_amp_00361,MMMCRIQCSLNRKKRIRTRYNRTCRSSKNTK,AMP-Diffusion,0.48275862068965514,True
diff_amp_00362,GMIGSVLIGAGKAAGKLIGGKLLGNLAGKIS,AMP-Diffusion,0.5925925925925926,True
diff_amp_00363,MGMLSTIKNAATGVLKAAGKSVLNALKGKIS,AMP-Diffusion,0.6181818181818182,True
diff_amp_00364,CMPCNLCRSKKLGKKLYYTQCRNLGRRHRCC,AMP-Diffusion,0.509090909090909,True
diff_amp_00365,MMILDNFKKNALGALKSLGKSVLQAASKKLS,AMP-Diffusion,0.6349206349206349,True
diff_amp_00366,MMTCVWRFARRNVEEIGGRARSIARRRCRRR,AMP-Diffusion,0.5384615384615384,True
diff_amp_00367,CMGKCVCNRLRRVGHILRRSCGTNHLYGKCF,AMP-Diffusion,0.47272727272727283,True
diff_amp_00368,MMWSGLFKLVGKVIPKVVSSLAGKAAESKAS,AMP-Diffusion,0.5614035087719298,True
diff_amp_00369,MMILSFLKNVFSNVAKHAGKNALKGLVKKIS,AMP-Diffusion,0.5714285714285714,True
diff_amp_00370,GMTLGSLANKAIKGLQQGARSVLGKLKKKMD,AMP-Diffusion,0.5454545454545454,True
diff_amp_00371,KMRFKKRLKKFLKRFRKRLKKFLKRFRKFLK,AMP-Diffusion,0.7,True
diff_amp_00372,MMIGELLKAIAKRILQALAHGQIGRRGLCRL,AMP-Diffusion,0.5384615384615384,True
diff_amp_00373,MMLGSLVNGIKALASGVGGALGKVLSKCKLF,AMP-Diffusion,0.5769230769230769,True
diff_amp_00374,CMRGRRCLRKRKFIRESGGGCVRSNIFYFCC,AMP-Diffusion,0.49122807017543857,True
diff_amp_00375,GMILDTIKKVGKAAGGGLALNVLKTLKGKLG,AMP-Diffusion,0.6101694915254237,True
diff_amp_00376,CMCCRSYRCRLGCAGRKLSGYNCRRRIFCFC,AMP-Diffusion,0.47272727272727283,True
diff_amp_00377,EMKCLDVIEKRIIKNLKDLKRLLQKVIGLVL,AMP-Diffusion,0.5384615384615384,True
diff_amp_00378,MMKKWFKKIETVGQKLRKGGKAGIKALDVAE,AMP-Diffusion,0.5625,True
diff_amp_00379,GMVFRDIKGMGLNAAKHLAKHLSNALSCKLD,AMP-Diffusion,0.6153846153846154,True
diff_amp_00380,MGIFSTVKEALKDAVKSGLKSLFDRMSDKAD,AMP-Diffusion,0.5135135135135135,True
diff_amp_00381,MMFFKKLGQKIVGAGKHVGKGAAKALIGAAV,AMP-Diffusion,0.5846153846153845,True
diff_amp_00382,MMLFDVFKILTSKFAKAGASGLLATKACSLL,AMP-Diffusion,0.5666666666666667,True
diff_amp_00383,CMRCFCNIRQCRGTCFTSGICGLNYRRQSCC,AMP-Diffusion,0.5074626865671642,True
diff_amp_00384,MMLLPTIKQKAIPSVIGTAAKVGGPIASLLG,AMP-Diffusion,0.5245901639344263,True
diff_amp_00385,MMFLDTLKTAALIAAKNVGGSLLLKASCKVS,AMP-Diffusion,0.6349206349206349,True
diff_amp_00386,MMIGKRFRKVGNKLEKKGKKIGQKIRNFLPA,AMP-Diffusion,0.6440677966101696,True
diff_amp_00387,MMFLADFGNKILGAAKNAAKQVLQSASKKIS,AMP-Diffusion,0.5714285714285714,True
diff_amp_00388,MMSFLLKTLNKGVSGIKKGIHKLRRALCDVA,AMP-Diffusion,0.5,True
diff_amp_00389,MMWKSLFKLLSIGAAKLAALVGLQSAACKVS,AMP-Diffusion,0.59375,True
diff_amp_00390,MMFIGATRNLAGFAIQSLINSAANALKNSLG,AMP-Diffusion,0.509090909090909,True
diff_amp_00391,MMIFSRVKKLLGKAALKLAQAVLSTLKKKLT,AMP-Diffusion,0.576271186440678,True
diff_amp_00392,MMGDCINKKKCFRRNEGLITRIHCDGVFLTC,AMP-Diffusion,0.4761904761904761,True
diff_amp_00393,MMFGSFLKKALKVGAGVLSQLAGGLLSGLVD,AMP-Diffusion,0.5862068965517242,True
diff_amp_00394,MMWLKSLGKITLNAGKLVGVNGLQKANQKLS,AMP-Diffusion,0.5806451612903225,True
diff_amp_00395,MMFLSILGGVSNAIAALVAQKIKNKLSCCSF,AMP-Diffusion,0.509090909090909,True
diff_amp_00396,MGILDTLKNFAKNVAKNLAGGAMQGLKGKLS,AMP-Diffusion,0.65625,True
diff_amp_00397,GGLLDTAKDVAKGLAKTVLGSLLQKVAGKVS,AMP-Diffusion,0.6129032258064516,True
diff_amp_00398,MGIWDTIKTAARGVAKNLLDKLRSKLACKTA,AMP-Diffusion,0.6440677966101696,True
diff_amp_00399,GGVLDTLISAGKTAGKQAGGKVLDTLKDKFS,AMP-Diffusion,0.59375,True
diff_amp_00400,KMRKLRKWLEKIKKFFQRFVKRIKE,AMP-Diffusion,0.5909090909090908,True
diff_amp_00401,MMIGGILKIGASTVLAIKKRFRRRR,AMP-Diffusion,0.5714285714285714,True
diff_amp_00402,MMLWDTLKGLGKAIIKAGIVAGAAA,AMP-Diffusion,0.6086956521739131,True
diff_amp_00403,MMLDLFTSLFGYIASKAKGALCKIS,AMP-Diffusion,0.5333333333333333,True
diff_amp_00404,GGLGSILGKAGKAGLKFAGKALAES,AMP-Diffusion,0.6666666666666667,True
diff_amp_00405,MMPQPLPRLPNTPLPIPNPPFTHPN,AMP-Diffusion,0.5652173913043479,True
diff_amp_00406,MMLSKFKRIIGKHTKTLSAPVFTLI,AMP-Diffusion,0.5333333333333333,True
diff_amp_00407,GGLFGKLASVGKKAAKGAVPALVGS,AMP-Diffusion,0.64,True
diff_amp_00408,MMVWKVDPKRFGLYLKQSYEELKNA,AMP-Diffusion,0.4782608695652174,True
diff_amp_00409,MMVFKTLGQGIGKAAHKGIAALLPQ,AMP-Diffusion,0.56,True
diff_amp_00410,MMLWKTLKSGLGKVLKVALAAIANS,AMP-Diffusion,0.6222222222222222,True
diff_amp_00411,EMWERIGKKFKEILEKIKERIREFL,AMP-Diffusion,0.5957446808510638,True
diff_amp_00412,GMGRKRLRLALSRGGWGLLSWALYY,AMP-Diffusion,0.5454545454545454,True
diff_amp_00413,KMRHLFKYQGKILGKKILQLLLNLL,AMP-Diffusion,0.6181818181818182,True
diff_amp_00414,MMIGSVIRLFGRKKCTNVLFKCKCI,AMP-Diffusion,0.5333333333333333,True
diff_amp_00415,KKRFKRLFRKFRKRLKKLAPKILPI,AMP-Diffusion,0.6956521739130435,True
diff_amp_00416,MMIGSFLGGAAKVGPTVLSTVKGEN,AMP-Diffusion,0.625,True
diff_amp_00417,MMLFSSLKSVIKAVAKGGAVHLAET,AMP-Diffusion,0.5714285714285714,True
diff_amp_00418,MMMGTKVMKKVLSAGLAVIQGMFKN,AMP-Diffusion,0.5217391304347826,True
diff_amp_00419,KMKLKKFKKLTLLKKLKKLKSLKKL,AMP-Diffusion,0.7906976744186046,True
diff_amp_00420,MMIMSILKKVGKAALIFAGLIVGEK,AMP-Diffusion,0.6037735849056604,True
diff_amp_00421,MMGVKLTKLGIKFVKKLIFQGKATI,AMP-Diffusion,0.5833333333333333,True
diff_amp_00422,MMLFRRLRRFGGKAKKILKAIIKPI,AMP-Diffusion,0.6296296296296297,True
diff_amp_00423,CMWSTTLRALMRRGALPATCVRLRW,AMP-Diffusion,0.5581395348837209,True
diff_amp_00424,MGLFSFIKSIAKVLPTVKVFGQAAG,AMP-Diffusion,0.5777777777777777,True
diff_amp_00425,MMRKVEWDISQVNKKFFKQLISKNN,AMP-Diffusion,0.4761904761904761,True
diff_amp_00426,GMGLRRLRRWIRKIGRKPGWWIALA,AMP-Diffusion,0.5925925925925926,True
diff_amp_00427,MMLFKKLPKYLKAEATVGTGVLAKK,AMP-Diffusion,0.6037735849056604,True
diff_amp_00428,MMWKLFKKILRGAGKKIPGTVLLAI,AMP-Diffusion,0.625,True
diff_amp_00429,MMRRCGRVARRLRFLIPRTIAIGRQ,AMP-Diffusion,0.5714285714285714,True
diff_amp_00430,EMLFDSIKKSGEKIAKKFKRIVQRT,AMP-Diffusion,0.625,True
diff_amp_00431,MMKKLKKKIGAGIALFVAGPVLPLI,AMP-Diffusion,0.64,True
diff_amp_00432,MMIGPILKIVAKAVPTLTPAIKKLT,AMP-Diffusion,0.5909090909090908,True
diff_amp_00433,KMRKRWRKWWKRWWKRLRKKLRKLL,AMP-Diffusion,0.6511627906976745,True
diff_amp_00434,MMIKPKIKSAIKAAGKAVLTTIKAF,AMP-Diffusion,0.5777777777777777,True
diff_amp_00435,MMLIDFIKKFGGAALSVIRNVISGR,AMP-Diffusion,0.5454545454545454,True
diff_amp_00436,GGLGTALLKGAKGAAKGLLNGVAEG,AMP-Diffusion,0.653061224489796,True
diff_amp_00437,MGLWDKIKNAVKGALKHVGTGLAAA,AMP-Diffusion,0.6086956521739131,True
diff_amp_00438,MMEAIKTVQSLAETLGKELVNHWWR,AMP-Diffusion,0.48888888888888893,True
diff_amp_00439,GGILDTLKNGIKTAAKGLGNKILGA,AMP-Diffusion,0.625,True
diff_amp_00440,MMRFLTLRRLDSGGRKIRLVVPARE,AMP-Diffusion,0.5777777777777777,True
diff_amp_00441,AMPKLKLALKLALKLLKLALKLAAK,AMP-Diffusion,0.76,True
diff_amp_00442,MMDLALIWAANKKGIAKLLPNGLKS,AMP-Diffusion,0.5652173913043479,True
diff_amp_00443,KMEKSLSLKKLLKKAAKLALKLAAL,AMP-Diffusion,0.7083333333333333,True
diff_amp_00444,MMFGKFFNTAKKAVKKLFNIAKNAI,AMP-Diffusion,0.5777777777777777,True
diff_amp_00445,MMILKDVLKAVKTVLKTIVSTLEDL,AMP-Diffusion,0.6046511627906976,True
diff_amp_00446,MGVIDSVLDKLGSVAKGAGKALLAT,AMP-Diffusion,0.6363636363636364,True
diff_amp_00447,EMLKEGLHKAAKKTLTVVIDMLKAL,AMP-Diffusion,0.5714285714285714,True
diff_amp_00448,MGILSVLKGAAKGVGKGLMGAFKEA,AMP-Diffusion,0.6818181818181819,True
diff_amp_00449,EMLWKLLKGGYKYIKKVGRLKIKAL,AMP-Diffusion,0.6046511627906976,True
diff_amp_00450,CMWCYRVCFRGMCKKC,AMP-Diffusion,0.5925925925925926,True
diff_amp_00451,CGCRRRVCRRGGCRRV,AMP-Diffusion,0.6666666666666667,True
diff_amp_00452,RMWRWQRLGRFLLRSK,AMP-Diffusion,0.6428571428571428,True
diff_amp_00453,MMKPRPSTKKPRPHPR,AMP-Diffusion,0.6875,True
diff_amp_00454,KMLIKKLIKKIKKKLK,AMP-Diffusion,0.7741935483870968,True
diff_amp_00455,MMIFTMLRQYIRKEKK,AMP-Diffusion,0.5517241379310345,True
diff_amp_00456,MKRFKRFLRKIGKKIK,AMP-Diffusion,0.6875,True
diff_amp_00457,MMFNRPQPKPQPRHPK,AMP-Diffusion,0.6060606060606061,True
diff_amp_00458,MMNWKAIKSALKNALQ,AMP-Diffusion,0.625,True
diff_amp_00459,MMNIYKKIAKKILNIL,AMP-Diffusion,0.6666666666666667,True
diff_amp_00460,MMIMRHIRKAWHRMMK,AMP-Diffusion,0.5714285714285714,True
diff_amp_00461,KMWLKKFLKKAKKALK,AMP-Diffusion,0.7586206896551724,True
diff_amp_00462,RMWARRVVKRMRRSLR,AMP-Diffusion,0.6451612903225806,True
diff_amp_00463,MMKYKKLFKKIFKKLK,AMP-Diffusion,0.7407407407407408,True
diff_amp_00464,MMLFSALEKAVKKVEN,AMP-Diffusion,0.5714285714285714,True
diff_amp_00465,CRRPRPRPPRLPRPPR,AMP-Diffusion,0.875,False
diff_amp_00466,GGLLRRIGRKIKSLLD,AMP-Diffusion,0.6666666666666667,True
diff_amp_00467,MGIGLAFKAVAAVLSH,AMP-Diffusion,0.625,True
diff_amp_00468,AMAAKRAARKAKKAVK,AMP-Diffusion,0.6666666666666667,True
diff_amp_00469,MMGVLKIIRAIKRLLK,AMP-Diffusion,0.6666666666666667,True
diff_amp_00470,CMWVRCWRLRKGCYRC,AMP-Diffusion,0.5925925925925926,True
diff_amp_00471,MMLVKPRYLPKRRPPP,AMP-Diffusion,0.6857142857142857,True
diff_amp_00472,GWRRWWRRWGLGWRWW,AMP-Diffusion,0.7333333333333334,True
diff_amp_00473,CGICRCICGRGICRCI,AMP-Diffusion,0.5882352941176471,True
diff_amp_00474,MMLFKRIGQKIKKVFQ,AMP-Diffusion,0.6470588235294117,True
diff_amp_00475,MMVKWLLRLLRRIRKT,AMP-Diffusion,0.5925925925925926,True
diff_amp_00476,MMWIGRLLRILLTRLT,AMP-Diffusion,0.6206896551724138,True
diff_amp_00477,CMRCRLWRWKGCLYIR,AMP-Diffusion,0.5925925925925926,True
diff_amp_00478,MMHIWRKWWRGVHHLL,AMP-Diffusion,0.5517241379310345,True
diff_amp_00479,GPRPRPRPRPRPRHPR,AMP-Diffusion,0.7741935483870968,True
diff_amp_00480,MMNRTPPPPPPTPRPR,AMP-Diffusion,0.6666666666666667,True
diff_amp_00481,QMLKLLQKQIAQAEAR,AMP-Diffusion,0.5925925925925926,True
diff_amp_00482,MMLRRPIRRPQPRPPR,AMP-Diffusion,0.7272727272727273,True
diff_amp_00483,CMGLCVCVCRRICVCV,AMP-Diffusion,0.6,True
diff_amp_00484,RRWRWRWRWRWRWRWR,AMP-Diffusion,0.9333333333333332,False
diff_amp_00485,CMRCVRRCVRCVCVRR,AMP-Diffusion,0.7333333333333334,True
diff_amp_00486,AMRALRLLRAIRRALR,AMP-Diffusion,0.7096774193548387,True
diff_amp_00487,MMKLKKLLKALAAALK,AMP-Diffusion,0.75,True
diff_amp_00489,MMHRLLGRLLIRILAD,AMP-Diffusion,0.6666666666666667,True
diff_amp_00490,KMLLNKFKKKVKKVLK,AMP-Diffusion,0.7407407407407408,True
diff_amp_00491,CPRPRPRPPRPPRPRP,AMP-Diffusion,0.8,True
diff_amp_00492,KMLKLLKKLKLLLKLK,AMP-Diffusion,0.8387096774193549,False
diff_amp_00493,MMNPFRLITNFLRPAK,AMP-Diffusion,0.5806451612903225,True
diff_amp_00494,GMGAGGVYRRRCHRLR,AMP-Diffusion,0.6428571428571428,True
diff_amp_00495,RMLRRGRYVGRGLRYR,AMP-Diffusion,0.6666666666666667,True
diff_amp_00496,KIWKKIPKFFKKASKI,AMP-Diffusion,0.7058823529411764,True
diff_amp_00497,MMVHGRVFHQFFHLFH,AMP-Diffusion,0.5555555555555556,True
diff_amp_00498,MMLLRRIRRKIKHILK,AMP-Diffusion,0.6896551724137931,True
diff_amp_00499,MMLFEILKKIAGVIKD,AMP-Diffusion,0.6206896551724138,True
diff_amp_00500,MMGRQKILEYLKKTIARRKKRAL,AMP-Diffusion,0.5833333333333333,True
diff_amp_00501,MMWMAHIRHYLGKGVAVVGSPKK,AMP-Diffusion,0.5116279069767442,True
diff_amp_00502,MMWSLFKKMGLKFLLIAKALSPL,AMP-Diffusion,0.6190476190476191,True
diff_amp_00503,MMLNEIHSSAKKFIKRAIKKIAQ,AMP-Diffusion,0.5957446808510638,True
diff_amp_00504,MMWKTILKTFLKAIKALPKQHLA,AMP-Diffusion,0.6153846153846154,True
diff_amp_00505,MMLYALRKGGKKFLPHGFNLSKK,AMP-Diffusion,0.5581395348837209,True
diff_amp_00506,MMIKEWLRTVKQGKQKLKEFVNY,AMP-Diffusion,0.5238095238095238,True
diff_amp_00507,MMGKKILHGAKKFIPAVLKIKAN,AMP-Diffusion,0.6086956521739131,True
diff_amp_00508,MMLGQKIGSFLKEVISDLKERLR,AMP-Diffusion,0.55,True
diff_amp_00509,MMWFAKHIGKKFKKPVLFVTGGA,AMP-Diffusion,0.5581395348837209,True
diff_amp_00510,MMWKFFRKIFKKISKGQGFTAIA,AMP-Diffusion,0.5365853658536586,True
diff_amp_00511,MMKKLFKKLFKALLAKQLHPAMK,AMP-Diffusion,0.6829268292682926,True
diff_amp_00512,MMNKEWAWRIWWIIILQRRRIAR,AMP-Diffusion,0.5641025641025641,True
diff_amp_00513,MMFKDFLRKIKKFFQRIVDRIVR,AMP-Diffusion,0.5416666666666667,True
diff_amp_00514,MMLGAILGLAASAIPAISWIIKR,AMP-Diffusion,0.6086956521739131,True
diff_amp_00515,MMKWEKIYHYGKYAIKATKQAKN,AMP-Diffusion,0.5777777777777777,True
diff_amp_00516,MMPATFFTPVPSHQPPFLHLLRK,AMP-Diffusion,0.5106382978723405,True
diff_amp_00517,MMKLRKAGSRVLRKLRKAHSKAA,AMP-Diffusion,0.5909090909090908,True
diff_amp_00518,MMALSKIAKATKAALKTVLKLLK,AMP-Diffusion,0.653061224489796,True
diff_amp_00519,MMVGGAAHLVAHGLAHLAIAARR,AMP-Diffusion,0.5853658536585367,True
diff_amp_00520,MMIKKTLKIFKSLKKIAQRTIKK,AMP-Diffusion,0.6046511627906976,True
diff_amp_00521,RRPRLPPRPRLLRPPRPALPRPP,AMP-Diffusion,0.7555555555555555,True
diff_amp_00522,MMWKRWRWSFKKKRPIPAISGAW,AMP-Diffusion,0.5,True
diff_amp_00523,GMGLDVLGVALKAGLKAGGKYLA,AMP-Diffusion,0.64,True
diff_amp_00524,MMILQTYTYRGRRAWKKRAKLKL,AMP-Diffusion,0.55,True
diff_amp_00525,MMGLKKTVRKWRAKTKQALVKHW,AMP-Diffusion,0.5853658536585367,True
diff_amp_00526,GGIAGSLVKSAVKGLVSEALNAL,AMP-Diffusion,0.6153846153846154,True
diff_amp_00527,AMWRGAIKRALPAIIAYLRKKAR,AMP-Diffusion,0.5853658536585367,True
diff_amp_00528,MMSTAKHTRKLIISLSQITKQQW,AMP-Diffusion,0.5116279069767442,True
diff_amp_00529,MMLVELLKKNLETVLPLFWRIFI,AMP-Diffusion,0.5365853658536586,True
diff_amp_00530,MMGWEFIKSEYKHRRKKKGIAAV,AMP-Diffusion,0.5416666666666667,True
diff_amp_00531,MMWSSFLKKAMEALKKVAGQELI,AMP-Diffusion,0.5853658536585367,True
diff_amp_00532,MMLISAIKTLKKFAKKQLRNSAM,AMP-Diffusion,0.55,True
diff_amp_00533,GMGWSLLKGAGKAVMHFVAKAMS,AMP-Diffusion,0.6046511627906976,True
diff_amp_00534,MMVWPAVIVATYLGYYIYRKLKN,AMP-Diffusion,0.5777777777777777,True
diff_amp_00535,MMFGSAIHGAGKAIWKGAGLHLR,AMP-Diffusion,0.6046511627906976,True
diff_amp_00536,MMGRLKLKWGSKVKCTAKVQAKT,AMP-Diffusion,0.5641025641025641,True
diff_amp_00537,KMKFSLLGLALKLAKKLLAKALG,AMP-Diffusion,0.7317073170731707,True
diff_amp_00538,MMPTRFLKTAMKFFKKKNWKKKQ,AMP-Diffusion,0.5531914893617021,True
diff_amp_00539,MMLGELAKKIAKALKKFFQGIAN,AMP-Diffusion,0.5853658536585367,True
diff_amp_00540,MMGRFFRKIFKRIIKEFKRIIRE,AMP-Diffusion,0.6086956521739131,True
diff_amp_00541,MMSVKKFLKKGLFAPAVGGAALL,AMP-Diffusion,0.625,True
diff_amp_00542,MMIGGIIKGVIKAFWASIKKHLA,AMP-Diffusion,0.5581395348837209,True
diff_amp_00543,MMIKDFLKTFKKIFQRIVKAINQ,AMP-Diffusion,0.5853658536585367,True
diff_amp_00544,MMILKILQRVLKKAIQQILDLFR,AMP-Diffusion,0.5909090909090908,True
diff_amp_00545,MGWWEKAKNAAKHAAKVAKHAAN,AMP-Diffusion,0.6829268292682926,True
diff_amp_00546,MMLGSFLSSIKHLGKQGHSAAKK,AMP-Diffusion,0.6,True
diff_amp_00547,MMDFWTFIKKVLKVAGGLLGEMK,AMP-Diffusion,0.55,True
diff_amp_00548,MMWHRWIGWFIMKTIRNGKKEQG,AMP-Diffusion,0.5128205128205128,True
diff_amp_00549,MMKKLLKKMLTKALKKALKAAKK,AMP-Diffusion,0.7272727272727273,True
diff_amp_00550,MMLGRRLGKKIGRKLKKFGKKIKKIRI,AMP-Diffusion,0.7142857142857143,True
diff_amp_00551,EMLKEWLGRYYKAKFGGGRLAWIILKK,AMP-Diffusion,0.52,True
diff_amp_00552,MMDLRKRISKIGEKIKKDFGQKIRNIV,AMP-Diffusion,0.6428571428571428,True
diff_amp_00553,MMSCATASLFTIFIVGAGTCKYRCKKI,AMP-Diffusion,0.5106382978723405,True
diff_amp_00554,EMLLESTREQGKEAIKKIKKLVQKYIR,AMP-Diffusion,0.5333333333333333,True
diff_amp_00555,MMKGWKKGSKAARKGAKKGMKIAKRGF,AMP-Diffusion,0.5833333333333333,True
diff_amp_00556,MMSLGKRIVKELIDEAKKIVKGILAIL,AMP-Diffusion,0.5957446808510638,True
diff_amp_00557,MMFSKFFKKSLRPAVKKIKRVIRPARI,AMP-Diffusion,0.5652173913043479,True
diff_amp_00558,MGFKDKIKDFGKRVVSTIKQFAKNKLN,AMP-Diffusion,0.5652173913043479,True
diff_amp_00559,KMRRRRLRKKLKERLKKYKQIKKQIQK,AMP-Diffusion,0.6274509803921569,True
diff_amp_00560,KMLRRRLRKKLRKKVKKYGQKIQHIYK,AMP-Diffusion,0.6428571428571428,True
diff_amp_00561,MMWKFKFAEKLGNYLRKFGVKKAAKGI,AMP-Diffusion,0.5531914893617021,True
diff_amp_00562,MMINNIKAKFKGGKIGTSLINNAQIKR,AMP-Diffusion,0.5106382978723405,True
diff_amp_00563,MMIKKAIKKLIKKLLKKIARLIPVLRK,AMP-Diffusion,0.64,True
diff_amp_00564,MMKIFGKIAKFLGKIAKKIAKFIAKVL,AMP-Diffusion,0.7346938775510203,True
diff_amp_00565,MGLLNTVKQFLKKVAKGIADHAVKGAL,AMP-Diffusion,0.625,True
diff_amp_00566,MMFVDIFRKLAKHLVKKFYPHIKCGVA,AMP-Diffusion,0.5531914893617021,True
diff_amp_00567,MGWLSRIKKKGLKAVRKAGLEAVHRAA,AMP-Diffusion,0.5925925925925926,True
diff_amp_00568,MMFFETIWQGIKGALKEVVGKLFKLFS,AMP-Diffusion,0.5490196078431373,True
diff_amp_00569,MGILDTIKNFAKKIAGVMLDSAKDKLT,AMP-Diffusion,0.6,True
diff_amp_00570,MMAVRRLLKGIGRKVKKFGKIVAHLRR,AMP-Diffusion,0.5714285714285714,True
diff_amp_00571,MMRIRIRPRIIIRGRGRPPFRPRLPII,AMP-Diffusion,0.6,True
diff_amp_00572,MKRFKRFGKKIGKKLKKIGKVIKAIRK,AMP-Diffusion,0.7142857142857143,True
diff_amp_00573,KMLLRRLRQKIGKKLKKIGQKIKHIRI,AMP-Diffusion,0.8214285714285714,False
diff_amp_00574,MMLKDFLKTTAKKVAAGLALGLLKLIK,AMP-Diffusion,0.6037735849056604,True
diff_amp_00575,MGVLSTIKGIAGKKALGMLKNLATGKA,AMP-Diffusion,0.6153846153846154,True
diff_amp_00576,MMLFSKMKEGAKKAAVGAVLHKALKKL,AMP-Diffusion,0.6122448979591837,True
diff_amp_00577,GMGAGSLLKGGAIAVKGALKELAGKIA,AMP-Diffusion,0.6382978723404256,True
diff_amp_00578,MMLKRFLKSIRTYGKKTYKGGIRAIRR,AMP-Diffusion,0.5652173913043479,True
diff_amp_00579,MMGLKRLAKKALKKKIEKGLNKAIKII,AMP-Diffusion,0.6382978723404256,True
diff_amp_00580,MMIGKILHKRFPKIAKKVLQAGLNGPI,AMP-Diffusion,0.5777777777777777,True
diff_amp_00581,MMGGKFKRKFRKKLFKKLKPIIPIGRI,AMP-Diffusion,0.631578947368421,True
diff_amp_00582,KMLLRRLRRKIGKKLKKYIPKIGRIIR,AMP-Diffusion,0.7142857142857143,True
diff_amp_00583,MGLLDKLKSTIQKAGKNVVDGVQQGLA,AMP-Diffusion,0.5666666666666667,True
diff_amp_00584,MMLAKLLKRFRKIASKFAKTPKVLRAL,AMP-Diffusion,0.5833333333333333,True
diff_amp_00585,MMWKKFIRTIRKVVKKVIKTVLPAALP,AMP-Diffusion,0.5660377358490566,True
diff_amp_00586,MMFFKKFKRKIGEGLKKVAKIFKKARV,AMP-Diffusion,0.6274509803921569,True
diff_amp_00587,MMRIRRTPRITIKIRRRPIRVTRVTKR,AMP-Diffusion,0.5833333333333333,True
diff_amp_00588,MMGLRSFSKKLAKKFFKGIQGIQSHPL,AMP-Diffusion,0.5357142857142857,True
diff_amp_00589,EKRLRKFFKKINKEIKKFNKRILDLVR,AMP-Diffusion,0.6222222222222222,True
diff_amp_00590,MMLWKRMAKKIGKALKKGAQVGKALKK,AMP-Diffusion,0.625,True
diff_amp_00591,KMLLRRLRRKIGKKFKKIGQKIKALRK,AMP-Diffusion,0.8214285714285714,False
diff_amp_00592,MMILDTFKKVLGNTIAGIAKKICCKTC,AMP-Diffusion,0.5555555555555556,True
diff_amp_00593,GMLPGRLLGKLGGIGKKILRKLKPLRK,AMP-Diffusion,0.625,True
diff_amp_00594,MGLFSKIGQAVKGAAKDAAKQVVGGLA,AMP-Diffusion,0.5957446808510638,True
diff_amp_00595,MMLFKKFAKEAKKKLEKIGPRIKNIRI,AMP-Diffusion,0.56,True
diff_amp_00596,KKLFKKFRNKIKKKLKKFKQFIKKLKK,AMP-Diffusion,0.7083333333333333,True
diff_amp_00597,MGIGKTVKGFLKGVAKNLGKQATNVIL,AMP-Diffusion,0.64,True
diff_amp_00598,MMFHRLFKGVKNIVKKILQRLAPRIQT,AMP-Diffusion,0.5217391304347826,True
diff_amp_00599,KMRLRRLRKKIGGKFKKFSRKIKKIRI,AMP-Diffusion,0.6956521739130435,True
diff_amp_00600,MMLSLLPHLASHVFAIA,AMP-Diffusion,0.5806451612903225,True
diff_amp_00601,MMKVTLCLLWWSILKKW,AMP-Diffusion,0.5714285714285714,True
diff_amp_00602,CRRRPPPRPPPPRPRPP,AMP-Diffusion,0.8125,False
diff_amp_00603,AARRLARRLARRLARLA,AMP-Diffusion,0.8666666666666667,False
diff_amp_00604,MMIGSLAKIAVGLAKNL,AMP-Diffusion,0.6666666666666667,True
diff_amp_00605,MMIRLLDRLGRLARLLD,AMP-Diffusion,0.6451612903225806,True
diff_amp_00606,AMAARRALRAALRALRA,AMP-Diffusion,0.7777777777777779,True
diff_amp_00607,MMKLGKKIRNRIHKHIK,AMP-Diffusion,0.6153846153846154,True
diff_amp_00608,MMIRRIKKGIRIIIKKL,AMP-Diffusion,0.7096774193548387,True
diff_amp_00609,MMWGLFKKLLHRVKKLH,AMP-Diffusion,0.6470588235294117,True
diff_amp_00610,MMLGLVPGLVSGLVGLV,AMP-Diffusion,0.6486486486486487,True
diff_amp_00611,MMAKKKFRKNGKILGLA,AMP-Diffusion,0.6206896551724138,True
diff_amp_00612,MMIEVKARVGKLKLSLA,AMP-Diffusion,0.6,True
diff_amp_00613,KMRLKKFLFFLTKKIKS,AMP-Diffusion,0.6896551724137931,True
diff_amp_00614,KLKKLLKKLKKLLKLLA,AMP-Diffusion,0.9032258064516128,False
diff_amp_00615,MGFLDSIKKVASGAASG,AMP-Diffusion,0.6875,True
diff_amp_00616,MMGRRLIKWAGKKLLIG,AMP-Diffusion,0.6285714285714286,True
diff_amp_00617,MMWQILCRRCRAKFAIS,AMP-Diffusion,0.5517241379310345,True
diff_amp_00618,MMFSMIPKIVSGLASAA,AMP-Diffusion,0.6666666666666667,True
diff_amp_00619,MMPYSWRCICYKNNRAL,AMP-Diffusion,0.5,True
diff_amp_00620,MMRRIWLKIVRQLTALT,AMP-Diffusion,0.6666666666666667,True
diff_amp_00621,MMKLNAFKAALKGVLKH,AMP-Diffusion,0.6206896551724138,True
diff_amp_00622,MMFGSALGKALGKIGRL,AMP-Diffusion,0.7272727272727273,True
diff_amp_00623,MMKKLKKLAKKGLKKLA,AMP-Diffusion,0.8125,False
diff_amp_00624,MMLPKRVVRGIIKLLTR,AMP-Diffusion,0.6060606060606061,True
diff_amp_00625,MMDRLKKIFDKIRRLFD,AMP-Diffusion,0.6206896551724138,True
diff_amp_00626,MMLLSKLFKHIGKAVLA,AMP-Diffusion,0.6285714285714286,True
diff_amp_00627,MMHVRLARALLKKGRTF,AMP-Diffusion,0.5714285714285714,True
diff_amp_00628,MMRNRWVYPIPRPPHPP,AMP-Diffusion,0.6875,True
diff_amp_00629,MMGSLFGRLVQSIKKIV,AMP-Diffusion,0.5806451612903225,True
diff_amp_00630,GGLFSPIGSGLSGLIKK,AMP-Diffusion,0.6666666666666667,True
diff_amp_00631,MMLISGLPAVISAAINL,AMP-Diffusion,0.6666666666666667,True
diff_amp_00632,MMWKQFSAQFLKGGQRK,AMP-Diffusion,0.5,True
diff_amp_00633,GRAVRGQRLRRPGLPRP,AMP-Diffusion,0.6285714285714286,True
diff_amp_00634,MMFRKLFKLFKKILHLF,AMP-Diffusion,0.6896551724137931,True
diff_amp_00635,MMLKRRIFIPRILIKRK,AMP-Diffusion,0.6666666666666667,True
diff_amp_00636,MMIKTNKAALKILRAME,AMP-Diffusion,0.5806451612903225,True
diff_amp_00637,MMKNLLKAGIIQIVAQM,AMP-Diffusion,0.55,True
diff_amp_00638,MMWKKKWQLSLRQRAPF,AMP-Diffusion,0.5333333333333333,True
diff_amp_00639,MGLFSVIPRVVNTIANA,AMP-Diffusion,0.5714285714285714,True
diff_amp_00640,MMNILVHAANLGLAGHK,AMP-Diffusion,0.5714285714285714,True
diff_amp_00641,MLRHHGRFGRFLRSVRR,AMP-Diffusion,0.6875,True
diff_amp_00642,KMLKKRLKRLLRRLKKL,AMP-Diffusion,0.7272727272727273,True
diff_amp_00643,MMLVAKFVKKLVSSVIS,AMP-Diffusion,0.6,True
diff_amp_00644,GRAPFPVGPQLPRPRLL,AMP-Diffusion,0.6666666666666667,True
diff_amp_00645,MMKRVLRAILRIIRHIL,AMP-Diffusion,0.6,True
diff_amp_00646,MMAKRFAKLAKKLFAKI,AMP-Diffusion,0.7096774193548387,True
diff_amp_00647,MMKYRNRVQITPRPPPG,AMP-Diffusion,0.5714285714285714,True
diff_amp_00648,MLIGSLLPLITTLVGSL,AMP-Diffusion,0.6470588235294117,True
diff_amp_00649,CMKFSRWRCSRAVFRCP,AMP-Diffusion,0.5517241379310345,True
diff_amp_00650,MMIKSIWSVFKTVGKKAVLGFTALT,AMP-Diffusion,0.5925925925925926,True
diff_amp_00651,KKLLKQLKKLLKKLKKLLKKLLKKL,AMP-Diffusion,0.9056603773584907,False
diff_amp_00652,MMTLWALLKNTRKCLGRLAKIAKKY,AMP-Diffusion,0.5909090909090908,True
diff_amp_00653,KMKFAFKSKLTKFKKKLPKKFLAAS,AMP-Diffusion,0.6511627906976745,True
diff_amp_00654,GGFLGFLKSAGKAGLKGLIKGAASS,AMP-Diffusion,0.6923076923076923,True
diff_amp_00655,MMIGGTLLAKILGKLAKKAAKVLAD,AMP-Diffusion,0.6190476190476191,True
diff_amp_00656,MMPLKTGLLSVLAHRTVGPHLLKAV,AMP-Diffusion,0.5333333333333333,True
diff_amp_00657,MMLLGKLINKVGIALKKIFLGSNKL,AMP-Diffusion,0.6046511627906976,True
diff_amp_00658,AMLCKRQRKERGPKVLKRIQRGLAL,AMP-Diffusion,0.5333333333333333,True
diff_amp_00659,MMRAWKKFRKMGGKLIEAVLAIGQE,AMP-Diffusion,0.5357142857142857,True
diff_amp_00660,MMWKRFLKSAKEYLKKIGSTVKRIT,AMP-Diffusion,0.5531914893617021,True
diff_amp_00661,MGIWDTLKNAAKAAGKALMKGAAEA,AMP-Diffusion,0.6521739130434783,True
diff_amp_00662,MMLKGLVKIGKAVLHIAKALGRKHS,AMP-Diffusion,0.5882352941176471,True
diff_amp_00663,KMLKKLAKKLKKLLKKLAKKLKKLG,AMP-Diffusion,0.8163265306122449,False
diff_amp_00664,MMIKTSFKKALGKALLKGAAAVAAA,AMP-Diffusion,0.6222222222222222,True
diff_amp_00665,MGIKDAIKNGAKAFGKAALDAIKAF,AMP-Diffusion,0.6086956521739131,True
diff_amp_00666,MMTRGLRKMGRWLFAFRKKARAGLK,AMP-Diffusion,0.5777777777777777,True
diff_amp_00667,MMKKLFLTAAGLALLLKTATPWRIA,AMP-Diffusion,0.6046511627906976,True
diff_amp_00668,MMKVTRKILAQLLIKAQLKRQYNLY,AMP-Diffusion,0.5531914893617021,True
diff_amp_00669,MGWLKTIKKGAKTAGKEAAVGAARH,AMP-Diffusion,0.6086956521739131,True
diff_amp_00670,MMCSDGLSATPQVCYRFKNIRTSLR,AMP-Diffusion,0.5333333333333333,True
diff_amp_00671,MMRPAAHRLLTMRKRIRTILARPGK,AMP-Diffusion,0.5581395348837209,True
diff_amp_00672,MMTKEIPRPGPPYPRPRIPPHHRRP,AMP-Diffusion,0.625,True
diff_amp_00673,CMRRVCWCARGSCRASASAFCWWWR,AMP-Diffusion,0.5454545454545454,True
diff_amp_00674,MKWLKKAAKFAGKAALKLALKLAPK,AMP-Diffusion,0.6666666666666667,True
diff_amp_00675,MMIGTFLDGQSALKKWIKMIEAAKA,AMP-Diffusion,0.5333333333333333,True
diff_amp_00676,MMWKLAKKLGGKTLLPVFLPIAKKG,AMP-Diffusion,0.5909090909090908,True
diff_amp_00677,MMLGMAKAAKKLAHEGIKLFNNAQQ,AMP-Diffusion,0.5714285714285714,True
diff_amp_00678,MMILSVLGKVLGVAGKHLVPQVIQR,AMP-Diffusion,0.6,True
diff_amp_00679,MMWHWFARGIHWILRTIGRAVTGLR,AMP-Diffusion,0.5531914893617021,True
diff_amp_00680,MMDLSKLAKKIGPVKKVMTVIGKAT,AMP-Diffusion,0.5777777777777777,True
diff_amp_00681,EMIFRRVGRRLFRLIREFATKESEE,AMP-Diffusion,0.5,True
diff_amp_00682,MMTASTLAKTAAKAAKKAAKGAKLA,AMP-Diffusion,0.6976744186046511,True
diff_amp_00683,MMLGSLLLSMGKKAAKGVAKGAALT,AMP-Diffusion,0.6,True
diff_amp_00684,MMKFKFKNVGIWRNRKRRKVGGAAI,AMP-Diffusion,0.5416666666666667,True
diff_amp_00685,MMGLTALWKVLKTLAWKFLNQLLSG,AMP-Diffusion,0.5833333333333333,True
diff_amp_00686,MMWGVIQRHGLQLVKRIHRRIVGPK,AMP-Diffusion,0.5333333333333333,True
diff_amp_00687,MMWGSFVAKFIGAALGKGITALGEY,AMP-Diffusion,0.5818181818181818,True
diff_amp_00688,QMCWLTLRLRKRTWQLLKQIAWQQL,AMP-Diffusion,0.5238095238095238,True
diff_amp_00689,MMKKLKKKIIKKAVGPVLILGTPAP,AMP-Diffusion,0.6222222222222222,True
diff_amp_00690,MMKLFLKKIGKKAAKKLPTLGLTAI,AMP-Diffusion,0.6363636363636364,True
diff_amp_00691,MMLFHKIRRSTNRLIKSIHKVLKHI,AMP-Diffusion,0.5581395348837209,True
diff_amp_00692,MMWFSGLARKYLKYIAKVGPTKNLG,AMP-Diffusion,0.5581395348837209,True
diff_amp_00693,AMVGMDTLKQAGKGLIASLLGKVAD,AMP-Diffusion,0.5777777777777777,True
diff_amp_00694,MMLLEAILKAAGKLIKKVGEHIGVN,AMP-Diffusion,0.5306122448979591,True
diff_amp_00695,MMGIASWKKKLKNYLPAVAGIFLSK,AMP-Diffusion,0.6274509803921569,True
diff_amp_00696,MMGIGKKGIEKAARKIFGAAKAAAD,AMP-Diffusion,0.5777777777777777,True
diff_amp_00697,MMWKSFARLFLLAAALAAGPALLRR,AMP-Diffusion,0.5777777777777777,True
diff_amp_00698,MMLPFIGKMVGATVSAVFCKICSKT,AMP-Diffusion,0.5833333333333333,True
diff_amp_00699,MMIDKLKNENKYMKNAFKKMIQVIG,AMP-Diffusion,0.5,True
diff_amp_00700,MMIQHLFKKLASIG,AMP-Diffusion,0.6060606060606061,True
diff_amp_00701,MMKRLRRSIRRSIR,AMP-Diffusion,0.64,True
diff_amp_00702,MMSVWQVWWRWRKR,AMP-Diffusion,0.64,True
diff_amp_00703,MMLFKKIEKNLRRA,AMP-Diffusion,0.64,True
diff_amp_00704,KMLRLKKLIRLLLR,AMP-Diffusion,0.7692307692307692,True
diff_amp_00705,MMIWFRPGRWGCKV,AMP-Diffusion,0.5714285714285714,True
diff_amp_00706,MMLFKLFKLPLFKL,AMP-Diffusion,0.6923076923076923,True
diff_amp_00707,MKIAFARIKKLARR,AMP-Diffusion,0.6923076923076923,True
diff_amp_00708,RRRWPWGRWPWWPW,AMP-Diffusion,0.814814814814815,False
diff_amp_00709,RRRPRPPPRPLPRP,AMP-Diffusion,0.8888888888888888,False
diff_amp_00710,KIWKILKKIWRVLK,AMP-Diffusion,0.8,True
diff_amp_00711,MMRRWPWRRPRRRP,AMP-Diffusion,0.6923076923076923,True
diff_amp_00712,MMWAFQWKIWWVWR,AMP-Diffusion,0.6923076923076923,True
diff_amp_00713,MMILTLFKKAGGLS,AMP-Diffusion,0.6153846153846154,True
diff_amp_00714,KMKLLPKLIRKLLK,AMP-Diffusion,0.7857142857142857,True
diff_amp_00715,MMVQLVKWLVKPIH,AMP-Diffusion,0.6153846153846154,True
diff_amp_00716,GRRLRPRPRPLRRP,AMP-Diffusion,0.8333333333333335,False
diff_amp_00717,MMKKLITKVLKNLI,AMP-Diffusion,0.64,True
diff_amp_00718,MGWFVLIKKITGVI,AMP-Diffusion,0.6206896551724138,True
diff_amp_00719,MGLIADIVAKVVDV,AMP-Diffusion,0.6666666666666667,True
diff_amp_00720,KKKLLKKLKKLKKL,AMP-Diffusion,0.9285714285714286,False
diff_amp_00721,MMLSLIPTAIGLVS,AMP-Diffusion,0.6666666666666667,True
diff_amp_00722,MMKRFRVKQIIRCV,AMP-Diffusion,0.5833333333333333,True
diff_amp_00723,MMNKKALRALIAKQ,AMP-Diffusion,0.6666666666666667,True
diff_amp_00724,KKLKRKIKKVKAKL,AMP-Diffusion,0.7586206896551724,True
diff_amp_00725,MMVFKLPKQFDPAD,AMP-Diffusion,0.5833333333333333,True
diff_amp_00726,MMIGWILRRMRVLR,AMP-Diffusion,0.6153846153846154,True
diff_amp_00727,MALPFIASLIGTAI,AMP-Diffusion,0.6153846153846154,True
diff_amp_00728,RMRRRRRPRRLPRP,AMP-Diffusion,0.75,True
diff_amp_00729,MMKYGLLSWKIKKS,AMP-Diffusion,0.5925925925925926,True
diff_amp_00730,MMIVKLIRWWRFRW,AMP-Diffusion,0.64,True
diff_amp_00731,MMLKKWPRWWPWWK,AMP-Diffusion,0.8,True
diff_amp_00732,MMILKIWKIRWWWW,AMP-Diffusion,0.6666666666666667,True
diff_amp_00733,MMKWKKIAERIKKF,AMP-Diffusion,0.6428571428571428,True
diff_amp_00734,MMARRIARIARLRV,AMP-Diffusion,0.6923076923076923,True
diff_amp_00735,GPKPRPQPRPQPKP,AMP-Diffusion,0.7096774193548387,True
diff_amp_00736,MMWKIVWGIWRVWR,AMP-Diffusion,0.6923076923076923,True
diff_amp_00737,MMRKPKPKPPRPRP,AMP-Diffusion,0.72,True
diff_amp_00738,CRRPRPRPPRLPRP,AMP-Diffusion,0.8888888888888888,False
diff_amp_00739,MMLLRRIKWEEKKW,AMP-Diffusion,0.5925925925925926,True
diff_amp_00740,MMVVRKRARVLQLK,AMP-Diffusion,0.6206896551724138,True
diff_amp_00741,MMKKMGISIFTFAP,AMP-Diffusion,0.5333333333333333,True
diff_amp_00742,MMWAYKVESIGKEI,AMP-Diffusion,0.5384615384615384,True
diff_amp_00743,MMWKKVLKKIGKVI,AMP-Diffusion,0.6923076923076923,True
diff_amp_00744,MMKDFKKIEKFLKS,AMP-Diffusion,0.64,True
diff_amp_00745,CRLPRIPRIPPRPP,AMP-Diffusion,0.7407407407407408,True
diff_amp_00746,RMRPKPRPPRLPRP,AMP-Diffusion,0.814814814814815,False
diff_amp_00747,MMRKIKRFIRKIWK,AMP-Diffusion,0.6666666666666667,True
diff_amp_00748,MMFPLLISGLAGTG,AMP-Diffusion,0.6206896551724138,True
diff_amp_00749,MMIAVFSKVAALVK,AMP-Diffusion,0.5833333333333333,True
diff_amp_00750,MMLRKTLAKVLAKAKKKVGKVTKIARK,AMP-Diffusion,0.5957446808510638,True
diff_amp_00751,MMLKNLGKKIRNFIKKIYQRIKDFLRD,AMP-Diffusion,0.6666666666666667,True
diff_amp_00752,MMFLTIFGMKIKGGVKVIGPKVKLIKG,AMP-Diffusion,0.5652173913043479,True
diff_amp_00753,MMWGKVIGIAVAPSLFKKLTKGKIPAK,AMP-Diffusion,0.5769230769230769,True
diff_amp_00754,MGLLDTLKNKAKGGLGTAAKNMLKQGL,AMP-Diffusion,0.6415094339622642,True
diff_amp_00755,MMLGKLLKSFANSFLKNVGQKLIPGIL,AMP-Diffusion,0.5777777777777777,True
diff_amp_00756,MMLRKRLRNKIKNRLKKIGQKIKPIRI,AMP-Diffusion,0.75,True
diff_amp_00757,MMKKKKFKNKIGKKAKKVGTVLKVLIS,AMP-Diffusion,0.6037735849056604,True
diff_amp_00758,EMLGDRFRNKLKKIKQKIKDFLKKIVR,AMP-Diffusion,0.6222222222222222,True
diff_amp_00759,KMLFKRFRKILKKIKEKIQQKIKNLRK,AMP-Diffusion,0.6428571428571428,True
diff_amp_00760,AMGGLKTLKKLGKNLLIGAKTALKAAL,AMP-Diffusion,0.6382978723404256,True
diff_amp_00761,MGIFDVIKNIGKTISTGIKNSMKKRGS,AMP-Diffusion,0.5652173913043479,True
diff_amp_00762,EMGKEKIKTKAKNSVQKFKDKIKRILN,AMP-Diffusion,0.5714285714285714,True
diff_amp_00763,MMLRNFFKKKITKGVKKVGPALWLAGL,AMP-Diffusion,0.5614035087719298,True
diff_amp_00764,MMGISAFKKKLKNKAKKYGLEAVAKIK,AMP-Diffusion,0.64,True
diff_amp_00765,GMFLHRLGRKYSRGWKKFGPFGKSLIR,AMP-Diffusion,0.6086956521739131,True
diff_amp_00766,KKLLKKLLKKLKKLLKKLLKKLKKLLK,AMP-Diffusion,0.9152542372881356,False
diff_amp_00767,MMVVSDIAKAFGKLFLAGLLDLKCKVT,AMP-Diffusion,0.6206896551724138,True
diff_amp_00768,MMLFKRLRKKIGRKIKKGLRTIIHIVI,AMP-Diffusion,0.6428571428571428,True
diff_amp_00769,MMFFRRLLKKIGSGAKTLGQHILGKRT,AMP-Diffusion,0.5517241379310345,True
diff_amp_00770,MMKKIWRWVWRLKKLWRGGNVLLVQRK,AMP-Diffusion,0.5531914893617021,True
diff_amp_00771,MMFLNNLLNGLAKGAGKVFQSLFCKLG,AMP-Diffusion,0.5573770491803278,True
diff_amp_00772,MMTISSTKNRLVAQIAGVSAMIRAAAA,AMP-Diffusion,0.5185185185185186,True
diff_amp_00773,MMLLKKLFKKIGKALKKILPAVKAIRR,AMP-Diffusion,0.6296296296296297,True
diff_amp_00774,MMLKRVFRKIRGGFKKILQTVKKIIKK,AMP-Diffusion,0.5777777777777777,True
diff_amp_00775,MMLFEKILKGISTVKIVGPAAKALVAK,AMP-Diffusion,0.5660377358490566,True
diff_amp_00776,MMLKTVLRLARRTQKVKRGKELQPRYI,AMP-Diffusion,0.5416666666666667,True
diff_amp_00777,AMIARRWGRERIRSVLRAIPKVVQGGI,AMP-Diffusion,0.5185185185185186,True
diff_amp_00778,MMKFLKKAVKKLGKAVKKALKKLPKKI,AMP-Diffusion,0.6808510638297872,True
diff_amp_00779,MMLKDWFKNTGQTAAKTVKNMIANYVS,AMP-Diffusion,0.5490196078431373,True
diff_amp_00780,MMRLRLWQIRWPRVRRIAWIGARRTIR,AMP-Diffusion,0.5531914893617021,True
diff_amp_00781,MMMGTTFKNALKGAGKGLLGALKGMIK,AMP-Diffusion,0.5555555555555556,True
diff_amp_00782,GGILDTLKGAAKGLAKGLLKGLAKKIA,AMP-Diffusion,0.7017543859649122,True
diff_amp_00783,MMFKKWLKTFRNVIKTVGKQIKPWLKK,AMP-Diffusion,0.5555555555555556,True
diff_amp_00784,KMLSKCRKSRKILKAKRLGLKKLSYQI,AMP-Diffusion,0.6222222222222222,True
diff_amp_00785,MMKNGWKWGRKFGRELVKIIDEVWQRI,AMP-Diffusion,0.48888888888888893,True
diff_amp_00786,GGIGDTLRGAGKKAGKVFGKIVQRIQK,AMP-Diffusion,0.5957446808510638,True
diff_amp_00787,MGILDTLKTAGQKIGQFLKKGIKQFVD,AMP-Diffusion,0.6,True
diff_amp_00788,MMLLRKSKKKGGKVKPKIPQWIKLPIP,AMP-Diffusion,0.5714285714285714,True
diff_amp_00789,MMKLSGFLKKVAKTVGSKIAGAVGKMA,AMP-Diffusion,0.5833333333333333,True
diff_amp_00790,MMKWRKIAKKVLKVATVAAGAASTIVG,AMP-Diffusion,0.5531914893617021,True
diff_amp_00791,MMWLSDIKNVAKYVFKVIGKAAAIGMA,AMP-Diffusion,0.5957446808510638,True
diff_amp_00792,MMIFRFLRRAKIVTDPVDTLGRGLRRI,AMP-Diffusion,0.5217391304347826,True
diff_amp_00793,MGFFDWLKDAGKAAIKDTFKGIAGAIS,AMP-Diffusion,0.5882352941176471,True
diff_amp_00794,MMLRKRLRKKIGKAKKKFQKIVQRIRT,AMP-Diffusion,0.6785714285714286,True
diff_amp_00795,MMLFKRFWKKIRKAGKILGKMTKLKKT,AMP-Diffusion,0.6086956521739131,True
diff_amp_00796,MMLKDTFTKAGKKLVGNIAQKIKGKLS,AMP-Diffusion,0.5660377358490566,True
diff_amp_00797,KMRFRKLFKKRGSVLKKFKKIFKGIRK,AMP-Diffusion,0.6274509803921569,True
diff_amp_00798,KMLRRRLRKFRNKFKEKIGQIIKKIRI,AMP-Diffusion,0.6938775510204082,True
diff_amp_00799,MMKFRRKLKKIGKEFKKIMQKIKRSAI,AMP-Diffusion,0.6086956521739131,True
diff_amp_00800,MMLFDSLKNLTPAIGSALANMVYNAFGPKRI,AMP-Diffusion,0.5161290322580645,True
diff_amp_00801,GMILDTLKEAAKSLGKGFAVSLLNNAVSKVS,AMP-Diffusion,0.65625,True
diff_amp_00802,MMVRELRRGRCGLGAETLGRHDLYQTHVLCR,AMP-Diffusion,0.5,True
diff_amp_00803,MMKVAKKVGKAGIGAAKSGASSAKAVLTGMA,AMP-Diffusion,0.576271186440678,True
diff_amp_00804,MMIWGSALNKGLATGALKGLNVFGSAKSGVS,AMP-Diffusion,0.5666666666666667,True
diff_amp_00805,GMIFSSFKEGAKVTGYLAAKTVGQAGLSGLA,AMP-Diffusion,0.6428571428571428,True
diff_amp_00806,MMIGGKKIVANLGLGLHQFGKIVCSVRKFSP,AMP-Diffusion,0.5172413793103448,True
diff_amp_00807,MMIFNKTKGVLKNLGKIAAKEVLKKVLKKLS,AMP-Diffusion,0.6206896551724138,True
diff_amp_00808,MMILSDFIGGAKKVLAEALKNLKNKIGCKVS,AMP-Diffusion,0.576271186440678,True
diff_amp_00809,GMGFRRLLKKLPRALKKVAPVAKKFARSALV,AMP-Diffusion,0.5555555555555556,True
diff_amp_00810,MMIFSLFKNMAKTVGKNLGGSAVEALAKKVS,AMP-Diffusion,0.5882352941176471,True
diff_amp_00811,MMVFSKFAGRALKAGKTAAGKAAGTLAGGLS,AMP-Diffusion,0.6181818181818182,True
diff_amp_00812,MMLWDKIKGAALNAIKIAGNSLLGALKCGPS,AMP-Diffusion,0.576271186440678,True
diff_amp_00813,MMKKSAVKTAIANAARKKAIGKGQAGKEAMG,AMP-Diffusion,0.5769230769230769,True
diff_amp_00814,MMIMSTLKGVAKTVATTLLENLMGALKCKVA,AMP-Diffusion,0.576271186440678,True
diff_amp_00815,MMLFSIFKIVGEGAGKTLAKMGGFALSKKLK,AMP-Diffusion,0.5862068965517242,True
diff_amp_00816,MMILSKLKAVGKGAVKSAGKAALTFLAKKAS,AMP-Diffusion,0.6333333333333333,True
diff_amp_00817,MMLFSLFAKKLIKAGGKLAGKAIQHMACKAS,AMP-Diffusion,0.5882352941176471,True
diff_amp_00818,MMLFDLFKSALKAAGKIGLKSLTQGAAKKLT,AMP-Diffusion,0.5666666666666667,True
diff_amp_00819,MMLLDTLKGGAAKLARGIAKQAMSTFLCKSS,AMP-Diffusion,0.5806451612903225,True
diff_amp_00820,CMPSYIRCGRLFSLIGRPSRCLNLQKCCVSY,AMP-Diffusion,0.4761904761904761,True
diff_amp_00821,MMRGFIQLVGKGIQSARILFQRLSRIFRPKL,AMP-Diffusion,0.5384615384615384,True
diff_amp_00822,MMFGTALKEALKTAGKTALKSALRGLASALS,AMP-Diffusion,0.6181818181818182,True
diff_amp_00823,CMRCKCRSCGLKSRCRLPSGTGGFFGSLYFC,AMP-Diffusion,0.5074626865671642,True
diff_amp_00824,MMKFNTLTNIAKSAVKTWVSGLIKNLSCKLL,AMP-Diffusion,0.5396825396825398,True
diff_amp_00825,CMCRLTVLLKLRKQAESIRKNCRRDGCPQLY,AMP-Diffusion,0.47272727272727283,True
diff_amp_00826,MMLSGCGTGLVATAAGKALGLVAELISCKLN,AMP-Diffusion,0.5625,True
diff_amp_00827,GGIGSAIGGAALGLAKTAVKSLGQALREATS,AMP-Diffusion,0.631578947368421,True
diff_amp_00828,GMLFSFAGNIGKNLLKGAGKSLLNALSKKLD,AMP-Diffusion,0.5882352941176471,True
diff_amp_00829,MMLFSLLKGAAKLGAKAGIAQIKSKSQCKLT,AMP-Diffusion,0.5714285714285714,True
diff_amp_00830,MMWGSLIKGAGKVAIKTLGKALALSKLKSIL,AMP-Diffusion,0.5818181818181818,True
diff_amp_00831,MMLILFSKGGKILVEKIKNINDSIKKFFGPV,AMP-Diffusion,0.5384615384615384,True
diff_amp_00832,CMRSCSSRRSCCSGRRSSSGRCSSRRNSRTC,AMP-Diffusion,0.5925925925925926,True
diff_amp_00833,MMSRLSFIKFFKSPLRRVIKFLPFPSSFIFL,AMP-Diffusion,0.523076923076923,True
diff_amp_00834,MMLMSSIAKTAIKVAKSTAVSLLGKLSCKLS,AMP-Diffusion,0.5714285714285714,True
diff_amp_00835,MMRDNNCTAGRYFTCSRGTRYFGICVTISYS,AMP-Diffusion,0.49056603773584906,True
diff_amp_00836,CMTISTCLNRVRNCRSLHRVCLFGNGSCLLY,AMP-Diffusion,0.4705882352941176,True
diff_amp_00837,AMGIFDIGRKAGNIAGRTLYKAAEQAAGKVA,AMP-Diffusion,0.5555555555555556,True
diff_amp_00838,CMTCFTLRCPVCRTGRCRRKGFTHRQFSLGC,AMP-Diffusion,0.49056603773584906,True
diff_amp_00839,GMIGPFWNRAVYPFVKPFVKELINKALKNAD,AMP-Diffusion,0.5,True
diff_amp_00840,MMKLLDFFKNKANKAIELLKQIVNQIGCKLN,AMP-Diffusion,0.5901639344262295,True
diff_amp_00841,MMRRGRRRRRGSGRIGRFSIRFRIRGIQIGF,AMP-Diffusion,0.5660377358490566,True
diff_amp_00842,MMGGLITLGGAAKAVRTIGQTVLKTIAKKIK,AMP-Diffusion,0.5714285714285714,True
diff_amp_00843,MMFKEFIKTILEGIEKTLHVGKLITAQCHLN,AMP-Diffusion,0.5283018867924528,True
diff_amp_00844,MMAGKSILKAAKEAVKAAAKAAAAAVASALS,AMP-Diffusion,0.6875,True
diff_amp_00845,CMTCSRGHGKCIGVKHRAVHTGGCRIGRTVY,AMP-Diffusion,0.4776119402985075,True
diff_amp_00846,MMKKSLWNVALSWKRQYSHANRNRARGKVFQ,AMP-Diffusion,0.5172413793103448,True
diff_amp_00847,MMWCKTIEKVIEKTCNKIVGGIAQLLLSRLK,AMP-Diffusion,0.5,True
diff_amp_00848,MMGIIKKLGKGLGKVAKKGISTVTNLVKNAG,AMP-Diffusion,0.5555555555555556,True
diff_amp_00849,MMKNIKKIFKSFVAAKISLSGGWCKIASKIL,AMP-Diffusion,0.5454545454545454,True
diff_amp_00850,CMCGRQLWSLWRKGRSPS,AMP-Diffusion,0.5625,True
diff_amp_00851,MMKKSASKSATRAVAAVL,AMP-Diffusion,0.5806451612903225,True
diff_amp_00852,MMVRRLLRRILPRIWRKI,AMP-Diffusion,0.6,True
diff_amp_00853,MMIRLAKKIDLLKKLAVL,AMP-Diffusion,0.6451612903225806,True
diff_amp_00854,MMLSITAGLLPKLLKRLI,AMP-Diffusion,0.6451612903225806,True
diff_amp_00855,CRSCWCRCSRSSGCSRCS,AMP-Diffusion,0.6111111111111112,True
diff_amp_00856,MMLQMTHIPKHLYKVMWK,AMP-Diffusion,0.48484848484848486,True
diff_amp_00857,MMVKTNKGCALLLHSRLF,AMP-Diffusion,0.5806451612903225,True
diff_amp_00858,MMIFSHIFKLIFKLFSAI,AMP-Diffusion,0.6,True
diff_amp_00859,MMIRFRLWWSRRRWVYIY,AMP-Diffusion,0.5882352941176471,True
diff_amp_00860,MMWKRFKKGLKLVFKLTL,AMP-Diffusion,0.6666666666666667,True
diff_amp_00861,MMIGRILYRRARRKATPY,AMP-Diffusion,0.5714285714285714,True
diff_amp_00862,MMKIRGAKRIPRLGLAIY,AMP-Diffusion,0.5555555555555556,True
diff_amp_00863,MMIRKLAASIKKLLEAGV,AMP-Diffusion,0.6111111111111112,True
diff_amp_00864,MMLGSVPKIAGKVISALK,AMP-Diffusion,0.7096774193548387,True
diff_amp_00865,MMGKKLFKKVKKLLVAVL,AMP-Diffusion,0.6666666666666667,True
diff_amp_00866,MMYAKIVAMIQARYKKIF,AMP-Diffusion,0.6,True
diff_amp_00867,MMSITYLKNFRVVKKRKL,AMP-Diffusion,0.5945945945945945,True
diff_amp_00868,MMLKLVFKVASKVFPALF,AMP-Diffusion,0.7096774193548387,True
diff_amp_00869,MMLTTRGKKIAYFLCVAA,AMP-Diffusion,0.5405405405405406,True
diff_amp_00870,MMLGAVFKVASKVFPAVF,AMP-Diffusion,0.736842105263158,True
diff_amp_00871,MMLSLVRVLASRIPSLVL,AMP-Diffusion,0.5945945945945945,True
diff_amp_00872,MMFHHIGHHFFFVGKMSG,AMP-Diffusion,0.5641025641025641,True
diff_amp_00873,KMRFRRLRKRLRKSVKKF,AMP-Diffusion,0.6875,True
diff_amp_00874,MMLGPLLSLASKVVGGLL,AMP-Diffusion,0.7096774193548387,True
diff_amp_00875,MMLTGSGTCHVYIPAKVK,AMP-Diffusion,0.5454545454545454,True
diff_amp_00876,MMRIVSRAKKWLGKKIED,AMP-Diffusion,0.6060606060606061,True
diff_amp_00877,MMKRFKRFIKRFLKAFKR,AMP-Diffusion,0.6451612903225806,True
diff_amp_00878,MMFRPIVKLASKAPRLIK,AMP-Diffusion,0.5806451612903225,True
diff_amp_00879,MMEAVLGRLLRRILGWVF,AMP-Diffusion,0.625,True
diff_amp_00880,RRFPPPIYRYPPRPPPIY,AMP-Diffusion,0.7272727272727273,True
diff_amp_00881,MMLPLSFKLGKKVVVAVY,AMP-Diffusion,0.6111111111111112,True
diff_amp_00882,MMSVAFKLLAKVFPKVVL,AMP-Diffusion,0.6666666666666667,True
diff_amp_00883,MMIQNLPRKKIRSVKVPV,AMP-Diffusion,0.5806451612903225,True
diff_amp_00884,MMYKEKKPAILARSALKY,AMP-Diffusion,0.6,True
diff_amp_00885,MMLGKLFGKAAKVFGKVF,AMP-Diffusion,0.631578947368421,True
diff_amp_00886,MMKLAARLASFFAKVLAK,AMP-Diffusion,0.631578947368421,True
diff_amp_00887,MLLGLVGVITGSIGAIVR,AMP-Diffusion,0.5882352941176471,True
diff_amp_00888,MMAAKAAKAAAKAAAKAA,AMP-Diffusion,0.8387096774193549,False
diff_amp_00889,MGLFSLIASAVNKALKAL,AMP-Diffusion,0.7096774193548387,True
diff_amp_00890,MMVQMIQLILSWRKNVGG,AMP-Diffusion,0.5161290322580645,True
diff_amp_00891,GMKDFLGKKAVGAGLKVL,AMP-Diffusion,0.6857142857142857,True
diff_amp_00892,MMIRFILRKLKNLGKYLV,AMP-Diffusion,0.6,True
diff_amp_00893,MMFASVFKKASKAFPAVF,AMP-Diffusion,0.6842105263157895,True
diff_amp_00894,MMIGVLKKIFFPANSIFS,AMP-Diffusion,0.6060606060606061,True
diff_amp_00895,CMWCSRPRYRGIRRRIRS,AMP-Diffusion,0.625,True
diff_amp_00896,RRRSIGGRGIRRRLRIRR,AMP-Diffusion,0.6875,True
diff_amp_00897,MMAAKFAAKKFAKFAKKF,AMP-Diffusion,0.7647058823529411,True
diff_amp_00898,MMFVILTKGAKAFSKIAY,AMP-Diffusion,0.5853658536585367,True
diff_amp_00899,MMLRVLRFIANRFANVIA,AMP-Diffusion,0.6666666666666667,True
diff_amp_00900,MMLLDTLKNFAKKVAVAGLDQLRDKVITG,AMP-Diffusion,0.6428571428571428,True
diff_amp_00901,MMLGSFLKKVLGVAAKVGAKAAGGAAAVY,AMP-Diffusion,0.6153846153846154,True
diff_amp_00902,AMATYARIAAIVAELRAKQAIAEFLRKLK,AMP-Diffusion,0.6440677966101696,True
diff_amp_00903,MMLFRRLVKKIGETALETILRGLRIAQLG,AMP-Diffusion,0.5517241379310345,True
diff_amp_00904,CMHCLCRRRYCRREKKLIGTCLFRNRSTL,AMP-Diffusion,0.4897959183673469,True
diff_amp_00905,MLQRLGFRRGRNARHRIILQQNGGRILQL,AMP-Diffusion,0.5357142857142857,True
diff_amp_00906,MMFSTLAKIMKHLLKARNGTVDALKKRKQ,AMP-Diffusion,0.5357142857142857,True
diff_amp_00907,GMIGSLLKGGAKIVGKNLLGSLKEALAGK,AMP-Diffusion,0.6274509803921569,True
diff_amp_00908,MMIKDFIGSLAKFAGKNLGKTVAGFVAEA,AMP-Diffusion,0.5714285714285714,True
diff_amp_00909,MMPCSMRSKIICALGRGLGKNFIFGNFFR,AMP-Diffusion,0.4814814814814815,True
diff_amp_00910,CMTCGGRCIRCRFSCGLSRGAGFCSRYYI,AMP-Diffusion,0.5384615384615384,True
diff_amp_00911,MMDWKETLGKGIKAAKNVLVELACQIAGC,AMP-Diffusion,0.5901639344262295,True
diff_amp_00912,MMGVWGIVTNLEKQTLDELKEKIKQLLKR,AMP-Diffusion,0.5,True
diff_amp_00913,GMRAACELCRGGRCGGLRLGPRIRGGLKL,AMP-Diffusion,0.6037735849056604,True
diff_amp_00914,MGFLDNFKGKAKKIGKKLLDMLKGKCREE,AMP-Diffusion,0.5901639344262295,True
diff_amp_00915,MGIWEKIKQGAKQFIGNLWNKIKEKAQTG,AMP-Diffusion,0.6,True
diff_amp_00916,MMKFGKAITKVAKKLAKKAVKGVLGIVIA,AMP-Diffusion,0.6,True
diff_amp_00917,MMDLSKVKKLIAEALRAGTDEAKKAKSIA,AMP-Diffusion,0.5714285714285714,True
diff_amp_00918,AMFRRRPWRKFARGARRYGREAVRDIRDA,AMP-Diffusion,0.5660377358490566,True
diff_amp_00919,GGWGGGIADLGKYLLIGASKKAIEKADHP,AMP-Diffusion,0.5357142857142857,True
diff_amp_00920,MMLIKKTKRKIGISAVKALISSKLKGAEE,AMP-Diffusion,0.5714285714285714,True
diff_amp_00921,MMLIATALGALFAYKRVHKYKMGKKIGKH,AMP-Diffusion,0.5306122448979591,True
diff_amp_00922,MMFFWPFWRQRKNFLRRIKDFLNSTRSIE,AMP-Diffusion,0.52,True
diff_amp_00923,MMLGTILKGIIKGIITATGIATLCKLQAR,AMP-Diffusion,0.5423728813559322,True
diff_amp_00924,MMKRIGKWLRKTINTIGNGIKQAAIKIKN,AMP-Diffusion,0.5490196078431373,True
diff_amp_00925,RMTSGRRARRTRRAARRASRLGRARAREL,AMP-Diffusion,0.68,True
diff_amp_00926,MMTKGKEILALELHAKLKAHIKEAGRKTG,AMP-Diffusion,0.56,True
diff_amp_00927,MMKREAKVRGICRKRGKVEYTGRCYVHGT,AMP-Diffusion,0.5151515151515151,True
diff_amp_00928,MMPPKTQAQAPLFRMIRKNGGRVIRAPGK,AMP-Diffusion,0.5,True
diff_amp_00929,MMGKFKKWLKTKTALKRLALKPPAVGWVL,AMP-Diffusion,0.5714285714285714,True
diff_amp_00930,QMQNELLSKIKAIEAQYKLLQLEILQQQT,AMP-Diffusion,0.5614035087719298,True
diff_amp_00931,CMTCYSGTTRCIPPAGVRGLCNRSGYRMR,AMP-Diffusion,0.5306122448979591,True
diff_amp_00932,MMGATLDHAADQYSELIKEWLNGFRNIVG,AMP-Diffusion,0.4666666666666666,True
diff_amp_00933,MMQNIKLEKLNNGIREELGSLDKKRIKRG,AMP-Diffusion,0.5,True
diff_amp_00934,MMVKNHIFPLILDILGIYHRAMRSKGGHA,AMP-Diffusion,0.4705882352941176,True
diff_amp_00935,MMFWSTIKKAAKKLLIIEGIVKEGLASLG,AMP-Diffusion,0.5454545454545454,True
diff_amp_00936,MMKKRAEIKKILDSFKKMIDLYACKIRRR,AMP-Diffusion,0.5714285714285714,True
diff_amp_00937,CMAARACRSRLRRRRPRGPRCCRRRRRPW,AMP-Diffusion,0.6,True
diff_amp_00938,EMLSRLGENVGGGILGEIKRIIKEFFRRI,AMP-Diffusion,0.5306122448979591,True
diff_amp_00939,GRFPRFPRFPRFPPRFPRFPRFPFRPPRF,AMP-Diffusion,0.7272727272727273,True
diff_amp_00940,MMLRRWLRGGAGRIGRIIRHGWRRIIRIA,AMP-Diffusion,0.5660377358490566,True
diff_amp_00941,CMCGICSIGDKIKDVIHDGIKKIKCKIGT,AMP-Diffusion,0.56,True
diff_amp_00942,MMLFSKKILLKILQGKVILTQMAAKQAKR,AMP-Diffusion,0.5555555555555556,True
diff_amp_00943,MMVLTQQPGRLRFPQWPLAQSHRRQLQFH,AMP-Diffusion,0.5306122448979591,True
diff_amp_00944,MMFKNIFKKLLGAGKKAITGMLGCGAGPQ,AMP-Diffusion,0.5714285714285714,True
diff_amp_00945,MMIFEAIKKKGLGRAVNWLVKYTQAVGGL,AMP-Diffusion,0.5283018867924528,True
diff_amp_00946,MMGWVWTAVLLLGLLTWVALQKGKDQQRK,AMP-Diffusion,0.5384615384615384,True
diff_amp_00947,GMFLDTIKGAAKLIGQSLMDSLKCGKSCS,AMP-Diffusion,0.7017543859649122,True
diff_amp_00948,RMFFRLRRGIRRLRRASRRFFRLRDDRFF,AMP-Diffusion,0.5882352941176471,True
diff_amp_00949,MMLVNRIKKNRGKKRNKREGLKELLASIG,AMP-Diffusion,0.5306122448979591,True
diff_amp_00950,MMLPATLGALIK,AMP-Diffusion,0.64,True
diff_amp_00951,MLLPKPWLPWPK,AMP-Diffusion,0.72,True
diff_amp_00952,MMNLKKIKSLIK,AMP-Diffusion,0.6666666666666667,True
diff_amp_00953,AGLLRALKKLAR,AMP-Diffusion,0.7272727272727273,True
diff_amp_00954,MMSRSFRRISRR,AMP-Diffusion,0.6086956521739131,True
diff_amp_00955,RMRVRRRLWWRR,AMP-Diffusion,0.7619047619047619,True
diff_amp_00956,RMWKWRRQRILR,AMP-Diffusion,0.7,True
diff_amp_00957,MMCCGRKLARFL,AMP-Diffusion,0.5714285714285714,True
diff_amp_00958,MMKRFFKKKFHK,AMP-Diffusion,0.6666666666666667,True
diff_amp_00959,CLWWPRRPRWLP,AMP-Diffusion,0.7619047619047619,True
diff_amp_00960,RRLLRRRRRRLL,AMP-Diffusion,0.814814814814815,False
diff_amp_00961,MFLARTKRFIAR,AMP-Diffusion,0.6363636363636364,True
diff_amp_00962,MIKKKIEIIKKI,AMP-Diffusion,0.8,True
diff_amp_00963,MMIMKELRERMK,AMP-Diffusion,0.6086956521739131,True
diff_amp_00964,KLLKLLKLLKKL,AMP-Diffusion,0.923076923076923,False
diff_amp_00965,RRRLLLFFLLRR,AMP-Diffusion,0.8695652173913043,False
diff_amp_00966,MMKCLGRGWAMK,AMP-Diffusion,0.6,True
diff_amp_00967,MMTKWITALIKI,AMP-Diffusion,0.5714285714285714,True
diff_amp_00968,MMLPKTKLLKYA,AMP-Diffusion,0.6363636363636364,True
diff_amp_00969,MMRLFRKLQKIA,AMP-Diffusion,0.6153846153846154,True
diff_amp_00970,KKKLLKLLKKLL,AMP-Diffusion,0.8888888888888888,False
diff_amp_00971,MMNPLILGILSG,AMP-Diffusion,0.6666666666666667,True
diff_amp_00972,MMALGIIKALGK,AMP-Diffusion,0.6363636363636364,True
diff_amp_00973,MMNKKKIRKAIK,AMP-Diffusion,0.6363636363636364,True
diff_amp_00974,MMNWKKLLGKLA,AMP-Diffusion,0.6923076923076923,True
diff_amp_00975,MMLKKWPWWWPW,AMP-Diffusion,0.782608695652174,True
diff_amp_00976,CMRCYRWCVRVR,AMP-Diffusion,0.6666666666666667,True
diff_amp_00977,MMHPPLFISLFL,AMP-Diffusion,0.6086956521739131,True
diff_amp_00978,MMKGGATVCLRA,AMP-Diffusion,0.5714285714285714,True
diff_amp_00979,MKKKWPWWWWPW,AMP-Diffusion,0.7272727272727273,True
diff_amp_00980,RRHRRFRLRIRR,AMP-Diffusion,0.8,True
diff_amp_00981,MMKKIFKKLKVA,AMP-Diffusion,0.7,True
diff_amp_00982,MMHKGKILKMLG,AMP-Diffusion,0.6086956521739131,True
diff_amp_00983,MMNLEKRILGKV,AMP-Diffusion,0.5833333333333333,True
diff_amp_00984,MMWLSLQRIVFK,AMP-Diffusion,0.6,True
diff_amp_00985,MMNLRKIKNFTK,AMP-Diffusion,0.5714285714285714,True
diff_amp_00986,CMRCRRWQWRLR,AMP-Diffusion,0.7,True
diff_amp_00987,EMKKVLERIERF,AMP-Diffusion,0.6666666666666667,True
diff_amp_00988,MMILYKIRYLFT,AMP-Diffusion,0.6666666666666667,True
diff_amp_00989,GMAKLRHLLRHL,AMP-Diffusion,0.72,True
diff_amp_00990,MMLKRLWQWIGR,AMP-Diffusion,0.6666666666666667,True
diff_amp_00991,AMVARRWPWRWR,AMP-Diffusion,0.7272727272727273,True
diff_amp_00992,MMLPWLWAWRIW,AMP-Diffusion,0.6666666666666667,True
diff_amp_00993,MMWFRRKALKAA,AMP-Diffusion,0.6666666666666667,True
diff_amp_00994,MMGKKLKKIKKK,AMP-Diffusion,0.7272727272727273,True
diff_amp_00995,MMLPLIIATLLK,AMP-Diffusion,0.6666666666666667,True
diff_amp_00996,CMCRRCRIFRLC,AMP-Diffusion,0.6666666666666667,True
diff_amp_00997,MMKAFKKLLKAL,AMP-Diffusion,0.7,True
diff_amp_00998,MMLSYLRWWKPR,AMP-Diffusion,0.6666666666666667,True
diff_amp_00999,CMKPPRRRRRLW,AMP-Diffusion,0.6086956521739131,True
diff_amp_01000,MMYRTHWDRLPRLAKIVYKLV,AMP-Diffusion,0.5142857142857142,True
diff_amp_01001,MMFFLLLPALILPALALILIS,AMP-Diffusion,0.6111111111111112,True
diff_amp_01002,MMVKDIAGAFAHFAKKFIGEV,AMP-Diffusion,0.5714285714285714,True
diff_amp_01003,MMFGLIFHFAVHVVKTIHSLL,AMP-Diffusion,0.6046511627906976,True
diff_amp_01004,MMWKSFKKLFKKAGPTLVGKA,AMP-Diffusion,0.6363636363636364,True
diff_amp_01005,MMLGAFLKLFKRFGPAIFAHI,AMP-Diffusion,0.5454545454545454,True
diff_amp_01006,MMMDFLRTLIQEVKNLIHKIQ,AMP-Diffusion,0.5263157894736843,True
diff_amp_01007,MMRRVRAWFRQVQRIVRSLVV,AMP-Diffusion,0.5555555555555556,True
diff_amp_01008,MMLSGIVSSLTTAVQAVKGLI,AMP-Diffusion,0.55,True
diff_amp_01009,MMIKDWLKIGGKAWLHAMGTI,AMP-Diffusion,0.5853658536585367,True
diff_amp_01010,MMLGSVIKGLLKAGGNLLKSF,AMP-Diffusion,0.6,True
diff_amp_01011,MMWGAFFKGALKVGKKFIAKQ,AMP-Diffusion,0.5853658536585367,True
diff_amp_01012,MVWPIIPGIYTALYNFIRKRK,AMP-Diffusion,0.5581395348837209,True
diff_amp_01013,GGLGPVIKGLAKHAAGKFIEK,AMP-Diffusion,0.6153846153846154,True
diff_amp_01014,MMGLALLRHLAPLVTKIVGAI,AMP-Diffusion,0.5853658536585367,True
diff_amp_01015,MMFPSLFGGVAKVLPKLLASI,AMP-Diffusion,0.5789473684210527,True
diff_amp_01016,MMWTGLLKALAHWLPTLYKHI,AMP-Diffusion,0.5263157894736843,True
diff_amp_01017,MMWKGIFKKETQPFVRLFASN,AMP-Diffusion,0.5454545454545454,True
diff_amp_01018,MMIGPVLKGVGKALPKIGSAA,AMP-Diffusion,0.6486486486486487,True
diff_amp_01019,MMVILRRQIIFQLIPSGFTSA,AMP-Diffusion,0.4878048780487805,True
diff_amp_01020,MMMRRNLHSAKKIGAAVVGQL,AMP-Diffusion,0.5142857142857142,True
diff_amp_01021,MMKQFLKKLFKKIKKIFQVIK,AMP-Diffusion,0.6285714285714286,True
diff_amp_01022,MMLYSKIRKKFLKSAKEFAKK,AMP-Diffusion,0.6341463414634146,True
diff_amp_01023,MMLTKLLSGLKKKALKGLKSL,AMP-Diffusion,0.6666666666666667,True
diff_amp_01024,MMFFNLFKGFLLGGAGLFGGS,AMP-Diffusion,0.55,True
diff_amp_01025,MMWRHIWKSGKRAVKAIKKLG,AMP-Diffusion,0.5789473684210527,True
diff_amp_01026,MGLGSFFKKAAKVAKKVAKAF,AMP-Diffusion,0.7,True
diff_amp_01027,AMGGEALRQLARTLVRGIAEI,AMP-Diffusion,0.5853658536585367,True
diff_amp_01028,MMGWAIMNWRLQFRIPTASSC,AMP-Diffusion,0.5365853658536586,True
diff_amp_01029,GMLGKGLLQGAKAGLKGLAGS,AMP-Diffusion,0.6842105263157895,True
diff_amp_01030,MMGREFKKFKKLIQEVLRNLN,AMP-Diffusion,0.5641025641025641,True
diff_amp_01031,MMWHKLLRHAFKVGKHVHGLI,AMP-Diffusion,0.5641025641025641,True
diff_amp_01032,MMIGAFLAISKLFSKIFKAAA,AMP-Diffusion,0.5652173913043479,True
diff_amp_01033,MMGKLIKKVFIGILKTVIGFT,AMP-Diffusion,0.6111111111111112,True
diff_amp_01034,MMIKTLPRPFKLFQQFAKAFF,AMP-Diffusion,0.55,True
diff_amp_01035,MIGKLFKRIAEKIGKLIQKIL,AMP-Diffusion,0.7,True
diff_amp_01036,MMKSMPGRRLLRKLRRWPIKL,AMP-Diffusion,0.6285714285714286,True
diff_amp_01037,MMLSTLRGGKTAAKKFAKALV,AMP-Diffusion,0.5853658536585367,True
diff_amp_01038,MGLFSFLKAAVKGFGNALAKQ,AMP-Diffusion,0.625,True
diff_amp_01039,GGLLKLLGGLLKLLGGLLGGL,AMP-Diffusion,0.7,True
diff_amp_01040,MMFGSLLGLALKILPSVFSLI,AMP-Diffusion,0.631578947368421,True
diff_amp_01041,KKKAAKKLKKLAKKLKKLAKK,AMP-Diffusion,0.8181818181818181,False
diff_amp_01042,MMFHHIIKGIFHAGKTIHGTI,AMP-Diffusion,0.7142857142857143,True
diff_amp_01043,MMFIRTAKAIKPVTKVTLGLK,AMP-Diffusion,0.55,True
diff_amp_01044,MMARSLAIRQLWTLIIRRRWM,AMP-Diffusion,0.5853658536585367,True
diff_amp_01045,MMIGTFAKLGAKFFGKALVAH,AMP-Diffusion,0.5853658536585367,True
diff_amp_01046,MMLKLFLWISKKPVPYVGIKV,AMP-Diffusion,0.5853658536585367,True
diff_amp_01047,MMFGRIFSVTHGFKFALKQLM,AMP-Diffusion,0.5263157894736843,True
diff_amp_01048,MMLASVIKKAFKAIPKLISGF,AMP-Diffusion,0.5945945945945945,True
diff_amp_01049,MMINKILSHLKRIGKRFRAKV,AMP-Diffusion,0.5714285714285714,True
diff_amp_01050,KMAKLFKKALKLAKLAKL,AMP-Diffusion,0.7741935483870968,True
diff_amp_01051,MMKKVLFALGVALTALVK,AMP-Diffusion,0.6111111111111112,True
diff_amp_01052,KMKAALKKILKKRKLKVA,AMP-Diffusion,0.6875,True
diff_amp_01053,MMLSGAKKKALAIFANNF,AMP-Diffusion,0.5945945945945945,True
diff_amp_01054,MMTKEKIASNLKEIINNY,AMP-Diffusion,0.5,True
diff_amp_01055,MMWREFKKVGRLIRGLAF,AMP-Diffusion,0.5806451612903225,True
diff_amp_01056,MMFKIIKVIGKLVKKVIK,AMP-Diffusion,0.6486486486486487,True
diff_amp_01057,MMKNPRRKIQRPRPRHPR,AMP-Diffusion,0.6451612903225806,True
diff_amp_01058,MMRNVPWPYIPPVIIRPV,AMP-Diffusion,0.5625,True
diff_amp_01059,EMIKWAILREILKGRAIL,AMP-Diffusion,0.625,True
diff_amp_01060,MMLGKVFGKVSKVLGKVF,AMP-Diffusion,0.6842105263157895,True
diff_amp_01061,MMIVDRHKRRRFSLDEYL,AMP-Diffusion,0.5161290322580645,True
diff_amp_01062,MMSLFLHKLANKIAYSFK,AMP-Diffusion,0.5882352941176471,True
diff_amp_01063,MFKKVFKKVFKAVFKAVF,AMP-Diffusion,0.736842105263158,True
diff_amp_01064,MMLKLLGKILKKLLRAVL,AMP-Diffusion,0.7096774193548387,True
diff_amp_01065,MMFGKVLGKIGKVFGKVF,AMP-Diffusion,0.6451612903225806,True
diff_amp_01066,MMLKALAKLLKKLLKALA,AMP-Diffusion,0.8235294117647058,False
diff_amp_01067,MMFVSTPRTFGGVLSIVM,AMP-Diffusion,0.5263157894736843,True
diff_amp_01068,MMWRSLQLTNRLGSTAPF,AMP-Diffusion,0.5333333333333333,True
diff_amp_01069,MMNSANVKLFIQYYLQTK,AMP-Diffusion,0.5454545454545454,True
diff_amp_01070,MMLIRLARLATRLITLIR,AMP-Diffusion,0.6470588235294117,True
diff_amp_01071,MMINGVAKLITLAEHLAF,AMP-Diffusion,0.5581395348837209,True
diff_amp_01072,MMLKRLAKRVRRLLRQLI,AMP-Diffusion,0.625,True
diff_amp_01073,MKVVKGLFKGLKIAGKVL,AMP-Diffusion,0.6666666666666667,True
diff_amp_01074,MMAKAALAGLGKLLSAVI,AMP-Diffusion,0.6153846153846154,True
diff_amp_01075,MMRKFFKKLWKFVRKISK,AMP-Diffusion,0.6111111111111112,True
diff_amp_01076,MMFIWRIWYRWRYKKRTG,AMP-Diffusion,0.6451612903225806,True
diff_amp_01077,MMHKAFKKLFKWISSLAK,AMP-Diffusion,0.6,True
diff_amp_01078,MMYFCNLRSVRGTPKPPF,AMP-Diffusion,0.5454545454545454,True
diff_amp_01079,MMFLKVLSKALKLVPKVL,AMP-Diffusion,0.6666666666666667,True
diff_amp_01080,MMKKLFKKIGKKLFPKVF,AMP-Diffusion,0.7272727272727273,True
diff_amp_01081,MMVKFMIKKYYRFSLGRG,AMP-Diffusion,0.5333333333333333,True
diff_amp_01082,MMVGSVISGVASVAGGIG,AMP-Diffusion,0.5714285714285714,True
diff_amp_01083,KLKLLKLAKLGLKNLKKL,AMP-Diffusion,0.8387096774193549,False
diff_amp_01084,MMRIRRTLEVLRRLGWAL,AMP-Diffusion,0.6,True
diff_amp_01085,MMLKKLLPTLGSKFLAIF,AMP-Diffusion,0.6451612903225806,True
diff_amp_01086,MGMAKSILGAIKGAFAKA,AMP-Diffusion,0.631578947368421,True
diff_amp_01087,MMIRIKRRMRRAKVKGGT,AMP-Diffusion,0.6060606060606061,True
diff_amp_01088,MMRLGRFILKTMGKVIPI,AMP-Diffusion,0.5454545454545454,True
diff_amp_01089,MMSAKMARKAQNRLFAGK,AMP-Diffusion,0.5333333333333333,True
diff_amp_01090,EMVCREYLRRIRGPITYF,AMP-Diffusion,0.5454545454545454,True
diff_amp_01091,MMWRRWVRMIRRTWTRLP,AMP-Diffusion,0.6666666666666667,True
diff_amp_01092,MMFCGYICSYRNVVCSCH,AMP-Diffusion,0.5454545454545454,True
diff_amp_01093,LKLLKKLLKLLKLLKLLK,AMP-Diffusion,0.9090909090909091,False
diff_amp_01094,MMKRRASHKIKHAVKAIK,AMP-Diffusion,0.631578947368421,True
diff_amp_01095,MMKGWVKNVRQLFLPCPR,AMP-Diffusion,0.5161290322580645,True
diff_amp_01096,RRRRFPLPPRPFRPFPPP,AMP-Diffusion,0.7777777777777779,True
diff_amp_01097,MMLGKVVKLVVKVFPAAV,AMP-Diffusion,0.6842105263157895,True
diff_amp_01098,KKELLKKLLKTGKKLALK,AMP-Diffusion,0.7878787878787878,True
diff_amp_01099,MMIRQALRRACDRLGILE,AMP-Diffusion,0.5454545454545454,True
diff_amp_01100,KKKFKKKFKKFKKKFKKFKKKFKKL,AMP-Diffusion,0.8695652173913043,False
diff_amp_01101,EMIVSTIKKLRETIARLRELRVQDL,AMP-Diffusion,0.5714285714285714,True
diff_amp_01102,MMLKKKLRKATKAAKKALKAAKKAA,AMP-Diffusion,0.7391304347826086,True
diff_amp_01103,MMLGDLFKKIGKALGKILSGVKDTG,AMP-Diffusion,0.6190476190476191,True
diff_amp_01104,MMKLSSFATLSVSVAKKLFTKLAVS,AMP-Diffusion,0.6086956521739131,True
diff_amp_01105,MMFKKLFKGAKKVAGKKLKKVLKPI,AMP-Diffusion,0.6666666666666667,True
diff_amp_01106,MMIGALLKGATKGAAKGVLKALLET,AMP-Diffusion,0.6222222222222222,True
diff_amp_01107,MMIKDWIKQYLKHGAKAVAHVVQRH,AMP-Diffusion,0.5714285714285714,True
diff_amp_01108,MMGHHIHRGAFHIAKTIYRFARGRR,AMP-Diffusion,0.5217391304347826,True
diff_amp_01109,GGLLGSFKALAKAAAKGALGAVGEA,AMP-Diffusion,0.6551724137931035,True
diff_amp_01110,KMLKKFLKKFKRLSKKLLKKFLRFI,AMP-Diffusion,0.6976744186046511,True
diff_amp_01111,MMKLTTWLLTALKHAKKLASALSEK,AMP-Diffusion,0.6274509803921569,True
diff_amp_01112,MMLPIIIGTGGGAIAGAIPLFKKKR,AMP-Diffusion,0.5714285714285714,True
diff_amp_01113,KMRKFFRKISLFTKKKLKKTLLKIL,AMP-Diffusion,0.6666666666666667,True
diff_amp_01114,GMFGGLLKAALKLVGKVFAGLISLA,AMP-Diffusion,0.6190476190476191,True
diff_amp_01115,MGFLDKLKQKAKGLFKSVLGGLAST,AMP-Diffusion,0.6037735849056604,True
diff_amp_01116,RMRFRSARFRRPRVPRYVRRAPRFI,AMP-Diffusion,0.6511627906976745,True
diff_amp_01117,KMRKKRIRKKILKKLKKYGVKIGKA,AMP-Diffusion,0.6511627906976745,True
diff_amp_01118,MMIGAFLKKLVGVTKAVTVAEKAAL,AMP-Diffusion,0.625,True
diff_amp_01119,MMWKSLFKFAPNVLPKIGSTALPAL,AMP-Diffusion,0.5882352941176471,True
diff_amp_01120,MMKKRWKKFRKKKKKFHFKKKLRLI,AMP-Diffusion,0.6122448979591837,True
diff_amp_01121,GGLIGSALNSTGKGLKKLIQRGAPR,AMP-Diffusion,0.6190476190476191,True
diff_amp_01122,MMREGILCLWEKAKRQAWKYYKKFI,AMP-Diffusion,0.5238095238095238,True
diff_amp_01123,MMLGDIAKNVGTKIAISALGNMAGS,AMP-Diffusion,0.5714285714285714,True
diff_amp_01124,MMGIIKKIGRLLRAGLKLPTVAVAP,AMP-Diffusion,0.5454545454545454,True
diff_amp_01125,MKAAKAAAKAAKKAAKKAKKAAKKA,AMP-Diffusion,0.8679245283018868,False
diff_amp_01126,KMLPLFLKLPKLALAKVLALPLKAL,AMP-Diffusion,0.6818181818181819,True
diff_amp_01127,MMFWSFLGKAVQSAGKLLGKVLLQT,AMP-Diffusion,0.5769230769230769,True
diff_amp_01128,MMGFMSKLASKVKDFLKNAIKAVAG,AMP-Diffusion,0.6086956521739131,True
diff_amp_01129,MGFGSVLRNAGKKFASVGATILPAL,AMP-Diffusion,0.6666666666666667,True
diff_amp_01130,MMLLKKMLKSIGKGIAKLAKGVLAT,AMP-Diffusion,0.6086956521739131,True
diff_amp_01131,KMLRRGLRAIRKKAKKLVKRLLKLL,AMP-Diffusion,0.6222222222222222,True
diff_amp_01132,KMLKSFKKTASKALKLKLKTLLKLA,AMP-Diffusion,0.7111111111111111,True
diff_amp_01133,MGLKDFFQKAGKAGKTFINGIKAGK,AMP-Diffusion,0.6071428571428572,True
diff_amp_01134,MMLALISHFKIPFKSTLLGPGLLGL,AMP-Diffusion,0.5333333333333333,True
diff_amp_01135,MMWWKKLFNNLVKSLGKGLTALVPT,AMP-Diffusion,0.5306122448979591,True
diff_amp_01136,AMGAKALKKFVGKLARQALIGAAEY,AMP-Diffusion,0.6086956521739131,True
diff_amp_01137,MMAWGSLLKGLASALKALIPGVLSL,AMP-Diffusion,0.5714285714285714,True
diff_amp_01138,MMLKSVIKKMLKGGAKHGAGHALKA,AMP-Diffusion,0.5777777777777777,True
diff_amp_01139,AMLSTLARGAARRAARLARRGARLV,AMP-Diffusion,0.6666666666666667,True
diff_amp_01140,MMRWCRRAHPFRWKWVPQIFSGGAH,AMP-Diffusion,0.48888888888888893,True
diff_amp_01141,KMLRRRLRKFRNKIKKKIKQLKKKI,AMP-Diffusion,0.7555555555555555,True
diff_amp_01142,MMIPDFRRRIRRSLPDIRQQIRRFD,AMP-Diffusion,0.6046511627906976,True
diff_amp_01143,MMFKTTLSSLTTYLPLGTITKKLLT,AMP-Diffusion,0.5116279069767442,True
diff_amp_01144,MMVISWLLVVGGAISAISNLKNQRR,AMP-Diffusion,0.5238095238095238,True
diff_amp_01145,MGFGEAFKAAAKAVGKVKSGIAAEA,AMP-Diffusion,0.6046511627906976,True
diff_amp_01146,MGLVGAVLSMVGSALKGLVKRISKA,AMP-Diffusion,0.6666666666666667,True
diff_amp_01147,MMVKKFFRKIGKAAKKLLKTVGKLI,AMP-Diffusion,0.5833333333333333,True
diff_amp_01148,MMRIKKIGRKIGKELKKIRQIIKTA,AMP-Diffusion,0.5957446808510638,True
diff_amp_01149,MMFWKRIGQKIGKKLKKIGQKLAIG,AMP-Diffusion,0.6521739130434783,True
diff_amp_01150,EMLLDFLRKVREKIGKEFKKIVQRIKQEFKDLLPG,AMP-Diffusion,0.7058823529411764,True
diff_amp_01151,KMLFRRLRKKRNKIKEKFKKIVQKIQGLLPKLAPR,AMP-Diffusion,0.8059701492537313,False
diff_amp_01152,GGLFSGILGGLGKIGKGVIKGIGGSVLDSLKGKLA,AMP-Diffusion,0.6101694915254237,True
diff_amp_01153,MMLGKTLGKVLESAGKILTKGAIQALGQAALAKIN,AMP-Diffusion,0.5806451612903225,True
diff_amp_01154,MRLKERLRGFGRKIGEKIKRIGQKIQGQLPLFVPR,AMP-Diffusion,0.676923076923077,True
diff_amp_01155,KLRKRFRRLKKRLKKLRKKIEKKLQKFKKPLQPPR,AMP-Diffusion,0.6333333333333333,True
diff_amp_01156,MMGFFKKIGKKVLGGLAKLFSKGFEKVLKVGIAIK,AMP-Diffusion,0.5915492957746479,True
diff_amp_01157,MMLGKFLRKIRNKIRELLKKIGQKIKGFLPNLAPR,AMP-Diffusion,0.7222222222222221,True
diff_amp_01158,MGFFSKAKETLNTVGGRIKTEGANIGVGTFDKVKG,AMP-Diffusion,0.5432098765432098,True
diff_amp_01159,MGLFKKFRKKAEKIGSGVKKIGQRIKDVFEAILKR,AMP-Diffusion,0.6666666666666667,True
diff_amp_01160,KKLLRKLGKKLKKLGKKLGKKLGKKLKKLCKCPTK,AMP-Diffusion,0.7323943661971832,True
diff_amp_01161,EMLRRRLRKFRNKLKEKLKKIGQKFQGLLPYLPPP,AMP-Diffusion,0.7761194029850746,True
diff_amp_01162,EMLRDRLRRKREKIGEKLKKIGQKIKDFLQKLAPQ,AMP-Diffusion,0.7352941176470589,True
diff_amp_01163,MMRVKLSKRFRKKIKEFGKEIIRKSKKKLEKLAPR,AMP-Diffusion,0.5833333333333333,True
diff_amp_01164,KMLRKRLRKLRKKIKKKLKKIGQKIGGLLKKLAPR,AMP-Diffusion,0.7777777777777779,True
diff_amp_01165,MMLKFFFRGAKWLFPITRKIMGAGQQGITAKIRAT,AMP-Diffusion,0.48,True
diff_amp_01166,MMLFSLIKKGTQAIKGLAKNVGGKIIGLLFKKKPN,AMP-Diffusion,0.5833333333333333,True
diff_amp_01167,MMRICYTIAGLCRDTIRKISKGRRIEVIGHIKAKY,AMP-Diffusion,0.5151515151515151,True
diff_amp_01168,MMLRRFFKKFIRKELKEIPQKIGQAAVSVVGIAAA,AMP-Diffusion,0.5633802816901409,True
diff_amp_01169,MMKVKVSVKKKCKIKKRCKRVGRKRKICLKLKHPQ,AMP-Diffusion,0.5633802816901409,True
diff_amp_01170,MMIGGLVKKVLAVAAKVVGKGLAKAGGTLLGCKVS,AMP-Diffusion,0.5633802816901409,True
diff_amp_01171,EMSVERAKGRVQERDDRIKKVERNILRVLDQAKAR,AMP-Diffusion,0.48571428571428577,True
diff_amp_01172,GMLFRTLKGGLKKVGNGVGKIGQQVGGVLLSCKST,AMP-Diffusion,0.5588235294117647,True
diff_amp_01173,GMIFSVALGGAKQAAKSVLKNVGQAGLETLAKKIS,AMP-Diffusion,0.5882352941176471,True
diff_amp_01174,CMAICAGYRKRCGTCLAIRRRKISCVNYSCPLGKS,AMP-Diffusion,0.5,True
diff_amp_01175,MMVRWVLKELRARCLRAKWKCKVITIRRLPRVHKT,AMP-Diffusion,0.5084745762711864,True
diff_amp_01176,GMRRGGGDFLRRGAEEIIRKIGQLLQGTLVKIAKD,AMP-Diffusion,0.5277777777777778,True
diff_amp_01177,MMFFGSIAKKLSKEFKRIGRDGGALIVAMLKLSPR,AMP-Diffusion,0.53125,True
diff_amp_01178,KMLLRRLRKKIRKKLKKIGKKLIKKIVKIVKKAPQ,AMP-Diffusion,0.71875,True
diff_amp_01179,MMLRKRFKKFRNKIKERLKKVGQKIGGALRNLAPR,AMP-Diffusion,0.6944444444444444,True
diff_amp_01180,MMLRKRFRKRLKKIKEKLKKIGGKLQGLVPKLAPR,AMP-Diffusion,0.75,True
diff_amp_01181,MMIKTIGKAVKKIGETIVGVGKNALGGIQKLMKAT,AMP-Diffusion,0.5454545454545454,True
diff_amp_01182,MMLRRRFRKKIRKKLKKNYGRGKRVQIGLPKLAPR,AMP-Diffusion,0.6944444444444444,True
diff_amp_01183,MMLFPVAKIVGGVGGAIGGAISGIGAAEAIKNWKR,AMP-Diffusion,0.5507246376811594,True
diff_amp_01184,KMLLKRLRKFRKKLKKKFKKVLQKIPGLLGPLTPR,AMP-Diffusion,0.6666666666666667,True
diff_amp_01185,GMIMSVLKGGLKFLAIGLGFRVAKSGLEALACKIT,AMP-Diffusion,0.6031746031746033,True
diff_amp_01186,MMKKFMGKLEKIGLPERIGMKMLAAGIEQAGEAAT,AMP-Diffusion,0.5573770491803278,True
diff_amp_01187,MMLRKRLRKLRKKINEKLKKIGQKIAGKVYNHYKQ,AMP-Diffusion,0.7076923076923076,True
diff_amp_01188,MMDFFRKKRKKVFNKEKKIQKKKAPLGLLAKLAPR,AMP-Diffusion,0.5833333333333333,True
diff_amp_01189,MMLKNFIKSARKGIKKHIKRKGIGQFAALNKPNTE,AMP-Diffusion,0.5555555555555556,True
diff_amp_01190,KMLRKRLRKFRNKIKEKFKKIVQRILGLLPKLAPR,AMP-Diffusion,0.8059701492537313,False
diff_amp_01191,MMILDWLTKVGGLAFWVIRLIFKIHWNKNGKKHKN,AMP-Diffusion,0.48571428571428577,True
diff_amp_01192,MMFGSVIKGAGKLAGKVLRKVGEQAALNVIACKKT,AMP-Diffusion,0.5833333333333333,True
diff_amp_01193,EMLRNLFRKFRNKLIEEFKKIVQKIQHLLKKLQPT,AMP-Diffusion,0.6944444444444444,True
diff_amp_01194,GMLVTLAGKVIKGVAKYILDKANKFKNELGKKDPK,AMP-Diffusion,0.5454545454545454,True
diff_amp_01195,MMGGTRIRNKLKKIGQKIKKEGQKIGGKLKNFFPR,AMP-Diffusion,0.5625,True
diff_amp_01196,EMLRDRLRKFKGKIKEELKKIGQRIKGFLEKLAPR,AMP-Diffusion,0.6944444444444444,True
diff_amp_01197,MMKPFAIKARVLRTGAHVAGRAGKIGLIAMGCKTT,AMP-Diffusion,0.5074626865671642,True
diff_amp_01198,MGFFSAVKGAIKKLPKTVLKKGGKFIVGSDSKKII,AMP-Diffusion,0.5588235294117647,True
diff_amp_01199,MMKVNLICKINPNYLKAMKRDGFMLRLECVKKHCN,AMP-Diffusion,0.4838709677419355,True
diff_amp_01200,MMDKALLKILGKAA,AMP-Diffusion,0.6428571428571428,True
diff_amp_01201,CMKCTLTKKRAKWL,AMP-Diffusion,0.5833333333333333,True
diff_amp_01202,MMNLIEKIYSPWKY,AMP-Diffusion,0.5384615384615384,True
diff_amp_01203,MMLGLVKKLWKLIA,AMP-Diffusion,0.6666666666666667,True
diff_amp_01204,KMKKLKKFFKKFFK,AMP-Diffusion,0.7692307692307692,True
diff_amp_01205,KKLKKLLKKLKKLL,AMP-Diffusion,0.9285714285714286,False
diff_amp_01206,MMLKPKWWPWPPWP,AMP-Diffusion,0.6923076923076923,True
diff_amp_01207,MMFRWLRKLGIATI,AMP-Diffusion,0.5714285714285714,True
diff_amp_01208,MMDRLLDRLIYRLL,AMP-Diffusion,0.72,True
diff_amp_01209,MMLFPLIKIIGGIA,AMP-Diffusion,0.6666666666666667,True
diff_amp_01210,MMFKVFKKIKIFLR,AMP-Diffusion,0.72,True
diff_amp_01211,KMLLKLLKKLLKKL,AMP-Diffusion,0.8666666666666667,False
diff_amp_01212,MMKVIKWVQRWIKK,AMP-Diffusion,0.6428571428571428,True
diff_amp_01213,MMALIAALAALSKL,AMP-Diffusion,0.6666666666666667,True
diff_amp_01214,RMLIRPGRPGLRRP,AMP-Diffusion,0.6896551724137931,True
diff_amp_01215,MGLVKIVKGIVKVF,AMP-Diffusion,0.72,True
diff_amp_01216,KMLPLLGGKLLKLL,AMP-Diffusion,0.8333333333333335,False
diff_amp_01217,MMLPFVARKIGNLL,AMP-Diffusion,0.6153846153846154,True
diff_amp_01218,MMWIKKALKKAVWL,AMP-Diffusion,0.6428571428571428,True
diff_amp_01219,MMKLVLRWLHIRGS,AMP-Diffusion,0.6666666666666667,True
diff_amp_01220,AMRRLRRLLRRLAR,AMP-Diffusion,0.8,True
diff_amp_01221,MMKIRPRPRRLPRP,AMP-Diffusion,0.7407407407407408,True
diff_amp_01222,MMKIVKIAAKIIKV,AMP-Diffusion,0.6206896551724138,True
diff_amp_01223,MRVRRHLRHLRVLR,AMP-Diffusion,0.6923076923076923,True
diff_amp_01224,CMRPPRPTPRPPRP,AMP-Diffusion,0.7407407407407408,True
diff_amp_01225,RMLKWPPWPKRPLP,AMP-Diffusion,0.6428571428571428,True
diff_amp_01226,GLFGPIGKILGGLL,AMP-Diffusion,0.7096774193548387,True
diff_amp_01227,CRRPRRPPPRPPRP,AMP-Diffusion,0.8,True
diff_amp_01228,MMKLFKALAAIKKS,AMP-Diffusion,0.6666666666666667,True
diff_amp_01229,MMIGAALGSLGKLG,AMP-Diffusion,0.6428571428571428,True
diff_amp_01230,MMNFAFAKSAFKKL,AMP-Diffusion,0.7407407407407408,True
diff_amp_01231,MMRRKIPRPRRPMI,AMP-Diffusion,0.6666666666666667,True
diff_amp_01232,MMLKKFKKLLKLKA,AMP-Diffusion,0.7407407407407408,True
diff_amp_01233,MMKIKPRPPRLPPP,AMP-Diffusion,0.7333333333333334,True
diff_amp_01234,KMKLLKKLLKWLKL,AMP-Diffusion,0.88,False
diff_amp_01235,MMNSLINNAIKSLA,AMP-Diffusion,0.5714285714285714,True
diff_amp_01236,MMLIKPWPWRWPWR,AMP-Diffusion,0.7407407407407408,True
diff_amp_01237,KMKFKRKLKKFKKL,AMP-Diffusion,0.7586206896551724,True
diff_amp_01238,MMKRRFHKHFKPQN,AMP-Diffusion,0.56,True
diff_amp_01239,KKKVLKPLKKLLKK,AMP-Diffusion,0.8461538461538461,False
diff_amp_01240,KLKKLLKPLRKLLK,AMP-Diffusion,0.8571428571428572,False
diff_amp_01241,MGIIRGILRGLRIV,AMP-Diffusion,0.6923076923076923,True
diff_amp_01242,MMRLFKRLFGRGRH,AMP-Diffusion,0.6428571428571428,True
diff_amp_01243,MLFGPILKVIGGVL,AMP-Diffusion,0.6428571428571428,True
diff_amp_01244,MMISKAIPLLRKHR,AMP-Diffusion,0.6153846153846154,True
diff_amp_01245,MMFKLKKWIKRVGK,AMP-Diffusion,0.6923076923076923,True
diff_amp_01246,KKLKKLLKKALKFL,AMP-Diffusion,0.8571428571428572,False
diff_amp_01247,MMKKKFKKIIKTIL,AMP-Diffusion,0.72,True
diff_amp_01248,MMKKILKLLKSFIK,AMP-Diffusion,0.6923076923076923,True
diff_amp_01249,RPRPRPRPLPRPRH,AMP-Diffusion,0.8,True
diff_amp_01250,MMLFKRFRKKLEKVLKKIGKVVKKIGGFLPGVAPL,AMP-Diffusion,0.6461538461538461,True
diff_amp_01251,MMLGDLFRKIRNRIKEKLRRIGQRIKDFLRNLAPR,AMP-Diffusion,0.6956521739130435,True
diff_amp_01252,KMLRKRLRKFRNKIKEKLKKIGQKIKGLLPKLAPR,AMP-Diffusion,0.8955223880597015,False
diff_amp_01253,MMPKTFERFYKQIGNAKKTAIGEKISGVGKKVAQT,AMP-Diffusion,0.49230769230769234,True
diff_amp_01254,MMVWKKIKGQLVHRGIRKGIETGQKAAEQVGKAAT,AMP-Diffusion,0.5901639344262295,True
diff_amp_01255,MMGKFSKRLKKFRKKIGEKIKKGLQKIFDLLKPLR,AMP-Diffusion,0.65625,True
diff_amp_01256,MMFPLIKGIIKKVLPTVGPAVKGGAGIVLEGLAKT,AMP-Diffusion,0.5428571428571429,True
diff_amp_01257,MMILNIFKGVVKVIGKELFKNAAKKGIEEAAKKIT,AMP-Diffusion,0.5277777777777778,True
diff_amp_01258,MMTSGVSTGIKKDIIENLSKLQRLKPNLLGSKSKK,AMP-Diffusion,0.4838709677419355,True
diff_amp_01259,AMVDSNKRVMGLLRRRIAKKLGAIKVKDEVVCNLT,AMP-Diffusion,0.5245901639344263,True
diff_amp_01260,MMLFKLFKRIGKAIKKGLKKVGQRIGQGVKKFAKR,AMP-Diffusion,0.59375,True
diff_amp_01261,EMVLGGLREKLRKKIRDRLKEAVQKIKDFLGNKPR,AMP-Diffusion,0.5945945945945945,True
diff_amp_01262,MMLFSTLFKMGKATAKGLALNGAKQGLDLLACKIA,AMP-Diffusion,0.6111111111111112,True
diff_amp_01263,MMLGEFFRSLRSKIKEIKEKIKRVVQRIKDFLQPL,AMP-Diffusion,0.6666666666666667,True
diff_amp_01264,CMKCSYFAKCRDQKCFSRQLKYGKGCECLNDKLRK,AMP-Diffusion,0.5,True
diff_amp_01265,MMWVFTWLKSARKINKRIKKIGKELQALLPKAVKQ,AMP-Diffusion,0.5373134328358209,True
diff_amp_01266,MMGISRFPILKGGQAIGISIGKRIQGFKRNEEKGQ,AMP-Diffusion,0.5333333333333333,True
diff_amp_01267,MMPKVFKKIFQSLPGEARKNAKQFIGAAVQPIVTR,AMP-Diffusion,0.49230769230769234,True
diff_amp_01268,MMGGLLIKGAMIFGPAALKGLGKKVGKGLLDLKRN,AMP-Diffusion,0.6111111111111112,True
diff_amp_01269,MMKVLRLIKHKKNKIEAKLSHRGKACVKKDCHKRA,AMP-Diffusion,0.5161290322580645,True
diff_amp_01270,EMLPDKNPYKTPELADKYLNIAKNIREKFKKSGPR,AMP-Diffusion,0.5084745762711864,True
diff_amp_01271,MRLLRRLGRKIGEKIKGLGKVGQKIRDLVKNLAPR,AMP-Diffusion,0.6875,True
diff_amp_01272,EMRRLRKRLQRKIRKEIRKKLGQKIQKLLPKLAVR,AMP-Diffusion,0.7164179104477613,True
diff_amp_01273,MMVMPVLRQAKVLGKEKIGKNVYFMVGKNMTKHKS,AMP-Diffusion,0.4761904761904761,True
diff_amp_01274,MMLVSAFKGAGKIAGRVLGKLGGQAIPELIEKLKA,AMP-Diffusion,0.5573770491803278,True
diff_amp_01275,MMLGKRLRKFRNKIKEKFKRIVQRIKDFLPNLVPR,AMP-Diffusion,0.7419354838709676,True
diff_amp_01276,EMGKRFRKTSEKFKKELNKKIQQHLQGLVPKLHPR,AMP-Diffusion,0.6388888888888888,True
diff_amp_01277,MMLRKRIGKKLKKLGEKFKKIGQKIQILTPKLAPR,AMP-Diffusion,0.6944444444444444,True
diff_amp_01278,MMKLTLKALDTCNKLEKTGELKAASLATGLCKERK,AMP-Diffusion,0.5555555555555556,True
diff_amp_01279,MMLFKKLPKLRNKIKRKRKKVGQKIRPLSTSPAPD,AMP-Diffusion,0.6111111111111112,True
diff_amp_01280,MMLGDLFRKFTKKIFERIKKIVQRIKNFLKDLPKR,AMP-Diffusion,0.6376811594202898,True
diff_amp_01281,MMLLNDLKQSLDRIGERIRNRIEEAGQRIKDFFKR,AMP-Diffusion,0.5797101449275363,True
diff_amp_01282,ERLRKRLRKVREKIGEKFKKIGQKIQDLLPKLAPR,AMP-Diffusion,0.7777777777777779,True
diff_amp_01283,EMLKEFLSKSGEKIKGIFKRVVQRIKDFLKNLVPR,AMP-Diffusion,0.7419354838709676,True
diff_amp_01284,ERLRKRLRKFRNKIGEKLKKIGQKIGDFLPKLEPR,AMP-Diffusion,0.8307692307692307,False
diff_amp_01285,MMKALIKIGKQVANLAKKGLKGAGPASLLLSNKAF,AMP-Diffusion,0.5538461538461539,True
diff_amp_01286,KMLLKRLRKKVGKRLKKIAKKLGKLGKKLPGKLPK,AMP-Diffusion,0.65625,True
diff_amp_01287,MMKRRRATAKRKLELRRMIRRIGAAHRRAVRKRLR,AMP-Diffusion,0.55,True
diff_amp_01288,EMRKLKERIRKGKRGIKFFKDVQRIVDFLRHLTPR,AMP-Diffusion,0.6349206349206349,True
diff_amp_01289,KMLRKRLRKLRNKIKEKLKKIGQKIKGLLPKLAPR,AMP-Diffusion,0.8656716417910448,False
diff_amp_01290,MMSTQARVKKIEEYLQRLRNEIASTKDELAKLEAR,AMP-Diffusion,0.5,True
diff_amp_01291,MMLLDKLRDFLKKFFKKMKNIVQRIRIGVTAKAPP,AMP-Diffusion,0.5588235294117647,True
diff_amp_01292,CMRECLGRGKFKLPARLKKKMGHCLKGHLGKIHLT,AMP-Diffusion,0.5245901639344263,True
diff_amp_01293,MMWFLKVAQNSLAQKGRYKLIKAGEIVSNFAGRKN,AMP-Diffusion,0.49230769230769234,True
diff_amp_01294,MMLRDRLRKFRNKIKKIVKKIHQALQGLLPKLAPR,AMP-Diffusion,0.75,True
diff_amp_01295,MMILKALKIGLKFAGKALLKALGKAGLEQMAKKAQ,AMP-Diffusion,0.6111111111111112,True
diff_amp_01296,MMGKLFKKIGKKIRKFGKKVIKGGAPLVVAAAALT,AMP-Diffusion,0.5901639344262295,True
diff_amp_01297,MMKVRIIYYCLLKMKQGRHMGRYVTTFCENPKCEP,AMP-Diffusion,0.5277777777777778,True
diff_amp_01298,KMLFRRLRKFRNKGKEKIKKIVQRIQKILPFLPPR,AMP-Diffusion,0.6944444444444444,True
diff_amp_01299,MMSFINVRGEKIKDNFRKINQKGKLALTGQACKIS,AMP-Diffusion,0.5066666666666666,True
diff_amp_01300,MGLLKRLGKKIGKKLKKIGQKIKRIRR,AMP-Diffusion,0.8214285714285714,False
diff_amp_01301,MMLFKKLRGKAKKVGRKVVHLIKNFLI,AMP-Diffusion,0.6086956521739131,True
diff_amp_01302,EMTYERLRKALKKKLKKNGQGLKILRA,AMP-Diffusion,0.6222222222222222,True
diff_amp_01303,MMFGDKLKSFIKAAGKLVGNAIVGAAN,AMP-Diffusion,0.5769230769230769,True
diff_amp_01304,EMLGRSFKKFRKKIKERLKDFIKQLRR,AMP-Diffusion,0.6086956521739131,True
diff_amp_01305,AMRVKRAVRSALRKIPKKGRRAIARAA,AMP-Diffusion,0.56,True
diff_amp_01306,MMLLRKLRKKIGKKLKKIGQMIKKIRR,AMP-Diffusion,0.7857142857142857,True
diff_amp_01307,MMIMDTLKNVGKNAIASLVKMAKKKIS,AMP-Diffusion,0.6,True
diff_amp_01308,MGLWNTFGKALKVVSKGIGNAVGNALS,AMP-Diffusion,0.5714285714285714,True
diff_amp_01309,CMRGCRLRGGLRKCLRVGVCNIQQSPL,AMP-Diffusion,0.5106382978723405,True
diff_amp_01310,KMLLRRLRKLGEKILAKIPKVIQPIYK,AMP-Diffusion,0.6071428571428572,True
diff_amp_01311,MMPFRRKIKKLGKRVGGLGVIIKPPGL,AMP-Diffusion,0.5357142857142857,True
diff_amp_01312,MMGGRWRKIVDRIKKLYKRAKKFCRNL,AMP-Diffusion,0.5652173913043479,True
diff_amp_01313,MMLFKRLKRAIKKGLKKLIQGIGAIAT,AMP-Diffusion,0.6086956521739131,True
diff_amp_01314,GGLWSSIKGAAKAVGQNALDFAKNALG,AMP-Diffusion,0.64,True
diff_amp_01315,MMLFEALKKSIANHLKKEGQVITAAGI,AMP-Diffusion,0.5531914893617021,True
diff_amp_01316,KMGLKRIRNTVEKIKEKLQKILKKIAV,AMP-Diffusion,0.6382978723404256,True
diff_amp_01317,MMLFRFLGRKRGKKLKKLAAQPQIIRI,AMP-Diffusion,0.6428571428571428,True
diff_amp_01318,MGFWKKIWSKVRHFAKKVATGFANYLL,AMP-Diffusion,0.5833333333333333,True
diff_amp_01319,MMFGKRLKRLFRKSFKKIGQKFKNIVT,AMP-Diffusion,0.625,True
diff_amp_01320,MMGPGGLLRLLKKIMRAMMGLDICRRI,AMP-Diffusion,0.5490196078431373,True
diff_amp_01321,MGLKDFIKKVGQAVKDFVVNVSKAFSG,AMP-Diffusion,0.5882352941176471,True
diff_amp_01322,MMWKSAKKKVAKVAGAVVALGTAGALA,AMP-Diffusion,0.625,True
diff_amp_01323,MMAKKFLKGAAKAVLTGVGTLLNAKKI,AMP-Diffusion,0.5964912280701755,True
diff_amp_01324,EMLLEEIRNKIGGKIKKIIQKLRRIRK,AMP-Diffusion,0.5714285714285714,True
diff_amp_01325,MKRLKKFGKKIGGKAKKVGQKIKKIIR,AMP-Diffusion,0.6296296296296297,True
diff_amp_01326,GMGLDAVKNVAKAAVAGLLENLSGKLA,AMP-Diffusion,0.6071428571428572,True
diff_amp_01327,KMLLRRLGKKIAKKLKKIGKKIKKALR,AMP-Diffusion,0.7142857142857143,True
diff_amp_01328,MMLLSKLKNKIGKFGKKFAKAIVKGRR,AMP-Diffusion,0.5882352941176471,True
diff_amp_01329,MMLKTKLRNKMKHVVKGALKHAKHARI,AMP-Diffusion,0.5531914893617021,True
diff_amp_01330,KMLFKRLRKFIKRLRKKFKKFLKKLRK,AMP-Diffusion,0.6808510638297872,True
diff_amp_01331,MMLRRRLRNKFRKEIKKYGRKILAIRI,AMP-Diffusion,0.6428571428571428,True
diff_amp_01332,KMLLKRLRKKIGKKLKKLGKKIKKIRR,AMP-Diffusion,0.75,True
diff_amp_01333,MMWKNFIKKVGKALKKVTGPLLPGLAT,AMP-Diffusion,0.5964912280701755,True
diff_amp_01334,AMFAHLEKQARKTLQRVALWIERRPVY,AMP-Diffusion,0.52,True
diff_amp_01335,RRFFRFGLKKIRKKFRGGFKRRFLRRF,AMP-Diffusion,0.6296296296296297,True
diff_amp_01336,MMLLRKILQKIKNKIKKIGQKIRRLRR,AMP-Diffusion,0.6086956521739131,True
diff_amp_01337,MMRLRRLTRKIIKTLKKYGQKIVIQII,AMP-Diffusion,0.6428571428571428,True
diff_amp_01338,MMIKLLDILRRIWRLLDRLHRRSAGQV,AMP-Diffusion,0.5490196078431373,True
diff_amp_01339,MMAMSAISKKKSKVAKKAAVAMGLAAV,AMP-Diffusion,0.5833333333333333,True
diff_amp_01340,MGILSIIKNKAGKTIADAGKDLLNAAV,AMP-Diffusion,0.6153846153846154,True
diff_amp_01341,KMLRKRLRKLIGKKLKKLGLPKPLIRI,AMP-Diffusion,0.6785714285714286,True
diff_amp_01342,MMNWESWRKSLEYVARKINRYIRQPVF,AMP-Diffusion,0.5106382978723405,True
diff_amp_01343,MMLRRRLGKKILKKFKKIGQRIKKIRL,AMP-Diffusion,0.7142857142857143,True
diff_amp_01344,AMVTRRWVQGIGRRIARPGRVILNAID,AMP-Diffusion,0.5416666666666667,True
diff_amp_01345,MMISFTLPLVRGILRWPPRLGRRGIRI,AMP-Diffusion,0.5416666666666667,True
diff_amp_01346,GGLWRRIGRGLRDIAKKIGPGLARALT,AMP-Diffusion,0.5957446808510638,True
diff_amp_01347,CMPPGPRSPLHRPQRLGPRPFWPPGRL,AMP-Diffusion,0.6382978723404256,True
diff_amp_01348,MMLFKRIKKEIKEKGKKIGRTIKAILQ,AMP-Diffusion,0.625,True
diff_amp_01349,MMFFKKLKKKIKRKVKKLFPVLKPVSI,AMP-Diffusion,0.64,True
diff_amp_01350,MMTIIKRWWRFMF,AMP-Diffusion,0.56,True
diff_amp_01351,CRRFWRWFIRGRR,AMP-Diffusion,0.782608695652174,True
diff_amp_01352,CMWVSKLKLCFLK,AMP-Diffusion,0.6086956521739131,True
diff_amp_01353,MMKCKTRQFAWCK,AMP-Diffusion,0.6086956521739131,True
diff_amp_01354,KLLKLLKLLKLLK,AMP-Diffusion,0.962962962962963,False
diff_amp_01355,GMLTWLRLLGRRW,AMP-Diffusion,0.6363636363636364,True
diff_amp_01356,MMRYWAKIAKLFA,AMP-Diffusion,0.64,True
diff_amp_01357,MMNWKKSIEKIGK,AMP-Diffusion,0.6363636363636364,True
diff_amp_01358,MMIWKKWWNKIKW,AMP-Diffusion,0.6956521739130435,True
diff_amp_01359,MMLKKLLKLALKL,AMP-Diffusion,0.8,True
diff_amp_01360,MMIKSLIKKAIKA,AMP-Diffusion,0.6666666666666667,True
diff_amp_01361,MMWKALKVWKKAW,AMP-Diffusion,0.64,True
diff_amp_01362,CMFVLWWRWRWRK,AMP-Diffusion,0.7272727272727273,True
diff_amp_01363,MRIRIPIRIRRIR,AMP-Diffusion,0.8181818181818181,False
diff_amp_01364,MMKKKARRLLAAL,AMP-Diffusion,0.64,True
diff_amp_01365,MKNLKKIAGKVAK,AMP-Diffusion,0.72,True
diff_amp_01366,KMKKLKKLKKLLK,AMP-Diffusion,0.8888888888888888,False
diff_amp_01367,MMRWLRRLQDAIR,AMP-Diffusion,0.64,True
diff_amp_01368,MMPRRFPRRLPRF,AMP-Diffusion,0.64,True
diff_amp_01369,CMQRFQWQRVRCI,AMP-Diffusion,0.6666666666666667,True
diff_amp_01370,MMLKKWRWKWRRL,AMP-Diffusion,0.7272727272727273,True
diff_amp_01371,MMIRKIINAIKKI,AMP-Diffusion,0.6666666666666667,True
diff_amp_01372,MMSWKKKLKEALR,AMP-Diffusion,0.64,True
diff_amp_01373,MMLAKLLGKALRY,AMP-Diffusion,0.6428571428571428,True
diff_amp_01374,MMILLRMWQKGRS,AMP-Diffusion,0.56,True
diff_amp_01375,MGVFPVVKPLILK,AMP-Diffusion,0.6,True
diff_amp_01376,KMKKLLKRLKRLL,AMP-Diffusion,0.8181818181818181,False
diff_amp_01377,MMNRLKKWVSKIL,AMP-Diffusion,0.64,True
diff_amp_01378,MMFGVQQNVRWRW,AMP-Diffusion,0.5454545454545454,True
diff_amp_01379,MMLFEIISGIKSI,AMP-Diffusion,0.6086956521739131,True
diff_amp_01380,MMKLRKRAISRLR,AMP-Diffusion,0.6363636363636364,True
diff_amp_01381,MMRLKRLVQEMVR,AMP-Diffusion,0.56,True
diff_amp_01382,MGLWKTILGAIKK,AMP-Diffusion,0.6956521739130435,True
diff_amp_01383,MMVKWRFAWWARR,AMP-Diffusion,0.6923076923076923,True
diff_amp_01384,MMVLDKIKDLISN,AMP-Diffusion,0.5454545454545454,True
diff_amp_01385,CMKCFRVQWRMCK,AMP-Diffusion,0.6666666666666667,True
diff_amp_01386,MMKLRGRALKFIM,AMP-Diffusion,0.6363636363636364,True
diff_amp_01387,MMKKFKKKWSPAV,AMP-Diffusion,0.6153846153846154,True
diff_amp_01388,MMINRFIKKLGAL,AMP-Diffusion,0.6666666666666667,True
diff_amp_01389,MMSLGKSLGKLIG,AMP-Diffusion,0.64,True
diff_amp_01390,CMFVCRLILHRLP,AMP-Diffusion,0.5833333333333333,True
diff_amp_01391,GGELGKLAGKLGK,AMP-Diffusion,0.7333333333333334,True
diff_amp_01392,MMVVRYIRGILSR,AMP-Diffusion,0.6363636363636364,True
diff_amp_01393,MMRWFWKAWKLRW,AMP-Diffusion,0.7272727272727273,True
diff_amp_01394,MMKIRIIKKINRK,AMP-Diffusion,0.64,True
diff_amp_01395,MLFGRIVRAALAF,AMP-Diffusion,0.6153846153846154,True
diff_amp_01396,KMLKLIGKLLKLL,AMP-Diffusion,0.8181818181818181,False
diff_amp_01397,MMKWLAILKKAYK,AMP-Diffusion,0.6086956521739131,True
diff_amp_01398,WMWVWKWRGWKWW,AMP-Diffusion,0.72,True
diff_amp_01399,MMGRLNCRYRSWK,AMP-Diffusion,0.6363636363636364,True
diff_amp_01400,MMLLVRSGQCFYYLCRYERACIICKKGRNYRC,AMP-Diffusion,0.45614035087719296,True
diff_amp_01401,MMPVGYRFYRGEVFAVGTAIRVLGPQTYRPQS,AMP-Diffusion,0.4590163934426229,True
diff_amp_01402,MMFFNLFKSKKRAKIVAFGSYLFPNIRNIQHK,AMP-Diffusion,0.509090909090909,True
diff_amp_01403,MMLFPFKKIAVIGTIKRLGKEAAKVGVGVVKK,AMP-Diffusion,0.5555555555555556,True
diff_amp_01404,MMEKKKRRKSFFLFVGKEISYFFRMKRNDQRI,AMP-Diffusion,0.5161290322580645,True
diff_amp_01405,MMGVQIKKIEKGIENLQKLIEKGVKGLELQVQ,AMP-Diffusion,0.53125,True
diff_amp_01406,CMHWPVNVCGCEEVDKLTIAELCKPYATPQFP,AMP-Diffusion,0.4444444444444444,True
diff_amp_01407,MMIGALLKFLVLTPAAIKGVTSLLKKNSQSKP,AMP-Diffusion,0.5538461538461539,True
diff_amp_01408,MMKWFKKIAKGLRSAYRVGKAAIKGGAAHFSG,AMP-Diffusion,0.5714285714285714,True
diff_amp_01409,CMRTFPSHCRRRCFGARRCISGLRHSRHFFFL,AMP-Diffusion,0.49350649350649356,True
diff_amp_01410,MMRCATWKQGWNNERVRNFNCANTQANRGLSK,AMP-Diffusion,0.45714285714285713,True
diff_amp_01411,MMLMRNLKDKLKGVGKRVAGTVLGSAKGLCDL,AMP-Diffusion,0.6071428571428572,True
diff_amp_01412,CMIGCTRIPRCPVRELSRRPTTISCNNYFSHQ,AMP-Diffusion,0.4375,True
diff_amp_01413,MMSIRKGVKVLTLKLLGGGISAAGLGSSALKK,AMP-Diffusion,0.5483870967741935,True
diff_amp_01414,MMKLADLTKGDKAKGVRVLYGLGSTIPNRCKV,AMP-Diffusion,0.5,True
diff_amp_01415,MMIFSDVIKKVGTVFKGLIKMLMNFADKVVGP,AMP-Diffusion,0.5185185185185186,True
diff_amp_01416,MMKKFRKRLKKIGQKIKEFFKKIVQRIKNFLP,AMP-Diffusion,0.6551724137931035,True
diff_amp_01417,MGLLDKLKNKGLTVGKDLAKGVLNQLAHTAGA,AMP-Diffusion,0.6071428571428572,True
diff_amp_01418,RMRRRFLFFSNRFRRSSSGRRFFVNRRRSVFF,AMP-Diffusion,0.5423728813559322,True
diff_amp_01419,MMLFRRFRRKILKKIKKIGRAAVMTIICVLPK,AMP-Diffusion,0.5901639344262295,True
diff_amp_01420,MMRINFVPRAIGGRINSIKPSLKRAGFTINPP,AMP-Diffusion,0.5,True
diff_amp_01421,CMTCKDRNGGCRANCLSGLALIGRCQPNLFYY,AMP-Diffusion,0.47272727272727283,True
diff_amp_01422,MMKRGSCRELAVWKEKIPPSCHIRCFRLGARV,AMP-Diffusion,0.49122807017543857,True
diff_amp_01423,MMLFSNFKSNVKTVAKNLSKAALKTGGKLLDK,AMP-Diffusion,0.5625,True
diff_amp_01424,CMFDFLGCYRIRGLCRRGGVLNLCRPRFCLCI,AMP-Diffusion,0.48275862068965514,True
diff_amp_01425,MGLLDSLVKQGKNAAKDLVGKALQGVKNFASG,AMP-Diffusion,0.6031746031746033,True
diff_amp_01426,MMWLRKFIHKHIKTVPKVIRTLGIAAASTVDK,AMP-Diffusion,0.5151515151515151,True
diff_amp_01427,MMKKKIFKVGFRPGRDAPINSARTRPSENNRR,AMP-Diffusion,0.49122807017543857,True
diff_amp_01428,MMLATFFIKSTGKALLNKGLHSAEKALGSLAK,AMP-Diffusion,0.5357142857142857,True
diff_amp_01429,CMFCRLFCRGKITCYTRRCGGTGVCRKRFCCL,AMP-Diffusion,0.45614035087719296,True
diff_amp_01430,RMRRRRRVSRRRSVRRGSRRVRRGARRVSVVR,AMP-Diffusion,0.6666666666666667,True
diff_amp_01431,MMFASVKGGLKTVGGVLKVGGKGLDKLKSVKA,AMP-Diffusion,0.5625,True
diff_amp_01432,MMGLKDWIRRHAATALKQGSAHATQEIGRELR,AMP-Diffusion,0.5161290322580645,True
diff_amp_01433,MMKLPFLRKPIKKYGGKIGVAKAVAKVGEKLI,AMP-Diffusion,0.5666666666666667,True
diff_amp_01434,KMLFRRLRKLGRKIFKKIGQLVKKIQKKLPPL,AMP-Diffusion,0.6557377049180328,True
diff_amp_01435,MMGELVKKLAEKLGELGKKLGEFAKKFGKFLG,AMP-Diffusion,0.5555555555555556,True
diff_amp_01436,MMTFRSFVKRHLKRARKAFKKHGVKGHVRRGA,AMP-Diffusion,0.5357142857142857,True
diff_amp_01437,EMKRLRGFLIALKKQQLKQVQKTADQGAGLTL,AMP-Diffusion,0.5161290322580645,True
diff_amp_01438,MMKGKIEAIDESTEKIENMLRIHLQQQQAKEL,AMP-Diffusion,0.5245901639344263,True
diff_amp_01439,MMCCEDEYKIRLLYSGLKKRRFGRKLGHCEAT,AMP-Diffusion,0.5185185185185186,True
diff_amp_01440,CMVHLRCYSKCRRHRLRHRCRITGNKVCYNYV,AMP-Diffusion,0.4666666666666666,True
diff_amp_01441,GGILSFLKKAGKGALNATKGALEGLGKNAIKE,AMP-Diffusion,0.6101694915254237,True
diff_amp_01442,MMMTKNIKLFCKALQHVAKHAYHLGKKPALLK,AMP-Diffusion,0.5964912280701755,True
diff_amp_01443,MMAVLEKIGEKIKDVAGKIKGLLEKIKDKLGG,AMP-Diffusion,0.5714285714285714,True
diff_amp_01444,MMKGVSILQELSKKAKKIGINALKFGLKFLEN,AMP-Diffusion,0.5818181818181818,True
diff_amp_01445,CMRCFCRGRCRCAVFERTGVCLGNCRRRLYTT,AMP-Diffusion,0.509090909090909,True
diff_amp_01446,MMWKKFFKKVRNAIRGRFKKVLQFIKTGGKLL,AMP-Diffusion,0.5373134328358209,True
diff_amp_01447,MMGLDARAKNGLAKVENMLHQLTKIGMWCVKA,AMP-Diffusion,0.5454545454545454,True
diff_amp_01448,MMIFRASSLFKKKSFTVGGGGSLSFSARMIDK,AMP-Diffusion,0.49122807017543857,True
diff_amp_01449,MMTTLSILKILKLAANKTGRGPFGSSACQYKL,AMP-Diffusion,0.5172413793103448,True
diff_amp_01450,KMRLKPWRLLRKLLKPKRLLKR,AMP-Diffusion,0.7027027027027026,True
diff_amp_01451,MMIGKLLGKLAKKLGRGVAEAI,AMP-Diffusion,0.5769230769230769,True
diff_amp_01452,MMLPALAGVAVGCVIQHWLPKK,AMP-Diffusion,0.5641025641025641,True
diff_amp_01453,GLGRLLRRLGRGLGRLLLQGLQ,AMP-Diffusion,0.6829268292682926,True
diff_amp_01454,MMLGPIAKMAAKIVGPGLAKIL,AMP-Diffusion,0.631578947368421,True
diff_amp_01455,MMFGAIPKLVNAGPAAINFISN,AMP-Diffusion,0.5652173913043479,True
diff_amp_01456,MMKLTAPRVETTLQKLANWISK,AMP-Diffusion,0.5217391304347826,True
diff_amp_01457,MMLGLKILGARKACWKLFFCKL,AMP-Diffusion,0.6,True
diff_amp_01458,MMLGFLFKIAASAVPKALCAVF,AMP-Diffusion,0.5853658536585367,True
diff_amp_01459,MMRKEFLRLFEWRKRKKQFKNL,AMP-Diffusion,0.5853658536585367,True
diff_amp_01460,MMFGAAIKIVGKLLPTIICSVL,AMP-Diffusion,0.5531914893617021,True
diff_amp_01461,MGVIGVLSGAGKFLPQTICKFT,AMP-Diffusion,0.5652173913043479,True
diff_amp_01462,MMLPVLTGVAANFLPKLVCKIT,AMP-Diffusion,0.7272727272727273,True
diff_amp_01463,MMVSRIVRRIPRAIRSIPRAIR,AMP-Diffusion,0.6486486486486487,True
diff_amp_01464,MMIFEWLKKVGQLAPPIVSQIK,AMP-Diffusion,0.5531914893617021,True
diff_amp_01465,MMIQEVGRGACRIIHRIARIIR,AMP-Diffusion,0.6511627906976745,True
diff_amp_01466,AMGIEAIQRARRWLGRIRRQIR,AMP-Diffusion,0.5789473684210527,True
diff_amp_01467,MMIGGLIKIAAKVLPAIFCGIS,AMP-Diffusion,0.6521739130434783,True
diff_amp_01468,MMKDKFKRFFQKIKDVIRKIGR,AMP-Diffusion,0.5714285714285714,True
diff_amp_01469,MMIGSILGKATKSIMGLFGKIL,AMP-Diffusion,0.6046511627906976,True
diff_amp_01470,MMFPLFIGIAALVGPTLLGLIK,AMP-Diffusion,0.6486486486486487,True
diff_amp_01471,MMWLTLAGKALKAWPLLWCAKL,AMP-Diffusion,0.6341463414634146,True
diff_amp_01472,MMMKKIARSAKKKIKQAIRVIA,AMP-Diffusion,0.6190476190476191,True
diff_amp_01473,MMWKSAKWLAKLAKLFHSAKLK,AMP-Diffusion,0.6842105263157895,True
diff_amp_01474,MKAAVAAFKAAKAAAKALKAAA,AMP-Diffusion,0.7441860465116279,True
diff_amp_01475,MMKRTIKKIARPVKRIVRYLKK,AMP-Diffusion,0.5714285714285714,True
diff_amp_01476,MMFGAIAHAASKIPKLINRIVS,AMP-Diffusion,0.5652173913043479,True
diff_amp_01477,MMLFSLIGKAVKGLPTIICLIT,AMP-Diffusion,0.5652173913043479,True
diff_amp_01478,MGAKSLVKGAAKAVVAAAKAAA,AMP-Diffusion,0.7,True
diff_amp_01479,MMWGSLFKKAAKVAPKVVGKAL,AMP-Diffusion,0.6829268292682926,True
diff_amp_01480,MMLFDILKTAAKFIPKVFKKIT,AMP-Diffusion,0.5853658536585367,True
diff_amp_01481,CMGPSIPSSVTRRIKRLFKALL,AMP-Diffusion,0.5714285714285714,True
diff_amp_01482,MMLRLAFRKFKKKILKKFAKKA,AMP-Diffusion,0.6666666666666667,True
diff_amp_01483,MGWGSVIQGAAKFGATTAGLAK,AMP-Diffusion,0.5714285714285714,True
diff_amp_01484,MMWRGAERALHLLKEVIRGINA,AMP-Diffusion,0.5531914893617021,True
diff_amp_01485,MMLGDLFKLAAKVIPAVICAIT,AMP-Diffusion,0.6190476190476191,True
diff_amp_01486,MMLSAIAGLAAKLLPTVFCAIS,AMP-Diffusion,0.6666666666666667,True
diff_amp_01487,MMLPALIKGAAKFLINALVCKI,AMP-Diffusion,0.6222222222222222,True
diff_amp_01488,MMFLSKIRGFLKKLPPTFAKIF,AMP-Diffusion,0.6153846153846154,True
diff_amp_01489,MMLGKFFRKSKEKIKEFLRRIV,AMP-Diffusion,0.7906976744186046,True
diff_amp_01490,MMFFDVFKKAGKCFLAKVSSKS,AMP-Diffusion,0.5405405405405406,True
diff_amp_01491,MMLPALLGMAAKILPGLICKIT,AMP-Diffusion,0.6666666666666667,True
diff_amp_01492,MMFGAGLRLGISKILAKFLHHI,AMP-Diffusion,0.5945945945945945,True
diff_amp_01493,MMIPPIIKAAANALPTAIKKIT,AMP-Diffusion,0.5777777777777777,True
diff_amp_01494,MMWKSFLKFFSKISNKVFKKLP,AMP-Diffusion,0.5945945945945945,True
diff_amp_01495,AKKALKAAKKALKKAKKAAKKA,AMP-Diffusion,0.8372093023255813,False
diff_amp_01496,MGLVDLIKSAAKGVAKGLVEGL,AMP-Diffusion,0.6666666666666667,True
diff_amp_01497,MMMDTLKRIFRVIVPTIAQIIG,AMP-Diffusion,0.5405405405405406,True
diff_amp_01498,MMFLSFLKSAGKKIPKKFLSKL,AMP-Diffusion,0.6,True
diff_amp_01499,MMLPSLAGAAAKVLPKIFCKIS,AMP-Diffusion,0.7391304347826086,True
diff_amp_01500,MMKKLFKALFKVM,AMP-Diffusion,0.6956521739130435,True
diff_amp_01501,CMWCILSLIMRRR,AMP-Diffusion,0.6363636363636364,True
diff_amp_01502,MMIKLLKIVAKVL,AMP-Diffusion,0.72,True
diff_amp_01503,MMKCRRWQWMMKK,AMP-Diffusion,0.8333333333333335,False
diff_amp_01504,MMIKRKRATRRLI,AMP-Diffusion,0.6666666666666667,True
diff_amp_01505,GGLGRLAKKAKKF,AMP-Diffusion,0.72,True
diff_amp_01506,MMFWDKIIKGIGG,AMP-Diffusion,0.6363636363636364,True
diff_amp_01507,MMLFSIIKGIAKL,AMP-Diffusion,0.6666666666666667,True
diff_amp_01508,MMLPTRRRFWPRW,AMP-Diffusion,0.6363636363636364,True
diff_amp_01509,MMNLKRLFGKIKV,AMP-Diffusion,0.6666666666666667,True
diff_amp_01510,KKKLALALKKLLK,AMP-Diffusion,0.8275862068965517,False
diff_amp_01511,MMNKLKIAGKLIH,AMP-Diffusion,0.64,True
diff_amp_01512,MRWGRFQRRKFLR,AMP-Diffusion,0.6666666666666667,True
diff_amp_01513,RRRLLPRLRRRLR,AMP-Diffusion,0.782608695652174,True
diff_amp_01514,KMYKLKKLFKYLK,AMP-Diffusion,0.8,True
diff_amp_01515,MMKKFRVRLLILW,AMP-Diffusion,0.6086956521739131,True
diff_amp_01516,MMNRAIRKIKIRH,AMP-Diffusion,0.6153846153846154,True
diff_amp_01517,CMASVCLGLRLRL,AMP-Diffusion,0.75,True
diff_amp_01518,KMKKFLKKLHFLK,AMP-Diffusion,0.782608695652174,True
diff_amp_01519,MMQCARWQRQMRK,AMP-Diffusion,0.64,True
diff_amp_01520,RGFRRLGRLLHRF,AMP-Diffusion,0.6956521739130435,True
diff_amp_01521,GMGRLKKRLKGGL,AMP-Diffusion,0.6428571428571428,True
diff_amp_01522,MMKAVGKRLKRRC,AMP-Diffusion,0.5833333333333333,True
diff_amp_01523,MMRRIIRRIIRHI,AMP-Diffusion,0.75,True
diff_amp_01524,KMFKLKFKKFFKI,AMP-Diffusion,0.8181818181818181,False
diff_amp_01525,GMAQLGQGLLRHL,AMP-Diffusion,0.6153846153846154,True
diff_amp_01526,MMIRRLVGRLILA,AMP-Diffusion,0.5925925925925926,True
diff_amp_01527,RMWRRLLRRVHPR,AMP-Diffusion,0.6666666666666667,True
diff_amp_01528,MMKKKKWWWVGKK,AMP-Diffusion,0.7272727272727273,True
diff_amp_01529,MMRILKKLFNIIN,AMP-Diffusion,0.5833333333333333,True
diff_amp_01530,MMNLKLITSIINS,AMP-Diffusion,0.5454545454545454,True
diff_amp_01531,WWRWWRRRRRRWW,AMP-Diffusion,0.8387096774193549,False
diff_amp_01532,MMNFKKLIKSAKR,AMP-Diffusion,0.5833333333333333,True
diff_amp_01533,KMKLKKKLKKWKL,AMP-Diffusion,0.8,True
diff_amp_01534,MMKRLPKFFKKIW,AMP-Diffusion,0.6428571428571428,True
diff_amp_01535,MMTPWTWIFVIRV,AMP-Diffusion,0.56,True
diff_amp_01536,KMKCRRWQWRKMK,AMP-Diffusion,0.8333333333333335,False
diff_amp_01537,MMNRLIKKVLPKV,AMP-Diffusion,0.6206896551724138,True
diff_amp_01538,GMLPALLGGAIKL,AMP-Diffusion,0.7142857142857143,True
diff_amp_01539,MMAIKQWLKNYLR,AMP-Diffusion,0.6086956521739131,True
diff_amp_01540,EKKLRKEAKAIAQ,AMP-Diffusion,0.6666666666666667,True
diff_amp_01541,MMWKRFKKLAKVF,AMP-Diffusion,0.7272727272727273,True
diff_amp_01542,KKFKKFKKFKKFK,AMP-Diffusion,0.96,False
diff_amp_01543,MMTWQKIIAAIKK,AMP-Diffusion,0.6428571428571428,True
diff_amp_01544,MMFNLPKFFHLYM,AMP-Diffusion,0.5217391304347826,True
diff_amp_01545,MMRVIRGRGLRLV,AMP-Diffusion,0.64,True
diff_amp_01546,MMKGALGFLSKLG,AMP-Diffusion,0.6153846153846154,True
diff_amp_01547,MMRPGIAIRGVGF,AMP-Diffusion,0.5454545454545454,True
diff_amp_01548,RRFIRPIRRLLRL,AMP-Diffusion,0.72,True
diff_amp_01549,RMLRALRRFLRLF,AMP-Diffusion,0.7272727272727273,True
diff_amp_01550,MMFKNGVKKLDLNTCKKIKVGVVFQCGIIKCFPP,AMP-Diffusion,0.5,True
diff_amp_01551,CMNCRVSSGIRKNCCKNIPQQAKITAHCFNYKKC,AMP-Diffusion,0.45714285714285713,True
diff_amp_01552,MMRNIQLYGRLCGKCRREKLPRWKRKIHGLCVKQ,AMP-Diffusion,0.47887323943661975,True
diff_amp_01553,MMLFSKLTKAAVKELKKRRKEVIRRNAPWNVRKA,AMP-Diffusion,0.5084745762711864,True
diff_amp_01554,CKRCDVVKNGCDFRKCCEKKRYMDVVDCRMPKKM,AMP-Diffusion,0.4722222222222222,True
diff_amp_01555,MMLLSAFRPKALIVGKAIFQGAKEIGKNIAKQWK,AMP-Diffusion,0.5517241379310345,True
diff_amp_01556,MMFKRFRKKIKRFKKKIKEVVVKALPEMLVKTSK,AMP-Diffusion,0.5396825396825398,True
diff_amp_01557,CMNLSISGGAGVCRSCKKYFRGCGYCACPCPCKK,AMP-Diffusion,0.47887323943661975,True
diff_amp_01558,MMKRYDRACRQPGVLKTIRSGKRLIIPGVAAALA,AMP-Diffusion,0.5172413793103448,True
diff_amp_01559,MMKVNQIKQMKRSPKRKSKIQGRMRKAHRKSVNN,AMP-Diffusion,0.5084745762711864,True
diff_amp_01560,MMPHVLKIHFIHCRVHPRTAAIVCCLYTRVNPYC,AMP-Diffusion,0.45614035087719296,True
diff_amp_01561,MMRLRKLSKKIGKKFLKKTVKKGVLKTLIAKVVK,AMP-Diffusion,0.5901639344262295,True
diff_amp_01562,MMRFFRKRLSKFGKEIFQRIKEKIKDFLQDFVPQ,AMP-Diffusion,0.59375,True
diff_amp_01563,MMAAKKFVGSAGKRAQHTADRIGKQALVAGKAAN,AMP-Diffusion,0.5263157894736843,True
diff_amp_01564,CMICCPYRRGICVPVCRDRKRIGCQIRCYPKPFC,AMP-Diffusion,0.45070422535211263,True
diff_amp_01565,MMKRAFANGKSVCERIRNKEQALKILEKGAAKLG,AMP-Diffusion,0.5084745762711864,True
diff_amp_01566,MMKLIPSIGKPWEYVYNKEALRRSLEKIAKGKNK,AMP-Diffusion,0.5161290322580645,True
diff_amp_01567,MMWMKPFPSGLEYDIKKIGKEVLKPTIAEIALAK,AMP-Diffusion,0.5172413793103448,True
diff_amp_01568,MMKKGFETLSKRIKGIGRLFKRLFNKFERIFRVV,AMP-Diffusion,0.5084745762711864,True
diff_amp_01569,MMVFFRLRKKKKKKRRFGIKRKKIKIKSVPKLFP,AMP-Diffusion,0.6031746031746033,True
diff_amp_01570,EMKREATASMQKKLKAELLAKQLCYRGRKMVLKQ,AMP-Diffusion,0.5,True
diff_amp_01571,CMTERICKEDKDKKCLLIEKSIVGRLICGRTFNC,AMP-Diffusion,0.48275862068965514,True
diff_amp_01572,EMLGDFLRKSKEKIGERIKDFFKRIKEKIKDLFR,AMP-Diffusion,0.6984126984126984,True
diff_amp_01573,MMRKWTKPKSEILRNVKEIVKEGAKGCSTNKRFA,AMP-Diffusion,0.4838709677419355,True
diff_amp_01574,CMCRNDGTKNCESCRGSCRMHNLCKGKYRLKNAC,AMP-Diffusion,0.45614035087719296,True
diff_amp_01575,MMMFVLDAMKSNILNKIEKLYKLQRGLASNGKLP,AMP-Diffusion,0.49230769230769234,True
diff_amp_01576,MMKLFKIKGVKIAGGKILGPGVAKGIKTVKDIYN,AMP-Diffusion,0.5573770491803278,True
diff_amp_01577,CMTCCLRGGTVALRCLGRVCKERRMNGISNNHLC,AMP-Diffusion,0.46376811594202894,True
diff_amp_01578,CMRCRKGRGFCETIYKCPVCYGQFTLCSINSKPC,AMP-Diffusion,0.42622950819672134,True
diff_amp_01579,MMTCKPLKLDVWLPKLYSRMRSTMCCRRWIGKHK,AMP-Diffusion,0.45614035087719296,True
diff_amp_01580,MMVLNILKEAGKVTIQDIRNRGMRCVIDFTYLAC,AMP-Diffusion,0.49230769230769234,True
diff_amp_01581,CMICCTYYNRKSGRCLNGRWSCFQRKGSHLICLE,AMP-Diffusion,0.45569620253164556,True
diff_amp_01582,CMLCRIHYCTKNGCCKRHRFRFGGIGNYLTPYKC,AMP-Diffusion,0.44776119402985076,True
diff_amp_01583,MMKVAIKKVEKRVKEVEKKVKGVAKKVEGVVKAV,AMP-Diffusion,0.6557377049180328,True
diff_amp_01584,MMVSLLASKEVLKAGKKILKLPKVSGLEAYASWS,AMP-Diffusion,0.5333333333333333,True
diff_amp_01585,MMFGWKMPKQQARIGKLKELVKAGAAAFIYNQAK,AMP-Diffusion,0.5079365079365079,True
diff_amp_01586,MMLSFFLHYFGPIYGGYIGKMRKKKKKGKEIKGK,AMP-Diffusion,0.5,True
diff_amp_01587,MMGGPRLGRKIVKRRLHKFRVGIRPKICRVTKDR,AMP-Diffusion,0.5396825396825398,True
diff_amp_01588,MKFAKKFGKKASKFAAKGAAKFAHKGATKFAFKL,AMP-Diffusion,0.7241379310344827,True
diff_amp_01589,MMLINLFRKRILNKLKKFGQRIKRPFHFLRIPFP,AMP-Diffusion,0.6031746031746033,True
diff_amp_01590,MMWKIIKKLRHVGRNILGAVRKVTTGLAAQAALG,AMP-Diffusion,0.576271186440678,True
diff_amp_01591,MMKKIGRRKNRSAIRNNRRYRGPIRIHINHIQAR,AMP-Diffusion,0.5352112676056338,True
diff_amp_01592,MMMGYLPARIGGIRAKSPKSGWKKVGKIITNVFS,AMP-Diffusion,0.5,True
diff_amp_01593,MMKWDRVVKKFQNWAKRIGKKGQIMKNGFWKVIP,AMP-Diffusion,0.5161290322580645,True
diff_amp_01594,MMLFRRFLRKVGRVLKKVGRKFVQLVKDVFKQVL,AMP-Diffusion,0.5862068965517242,True
diff_amp_01595,EMREKLTRQFKLLEALYRRLKDLREYLLEQDDAL,AMP-Diffusion,0.5423728813559322,True
diff_amp_01596,CMNQCYFVGGRCYRPFCRRFCGYQCGGHYYRCFR,AMP-Diffusion,0.45614035087719296,True
diff_amp_01597,MMLKEFFRKFRNKIGKKFKRIVQRLKDLVPSFVP,AMP-Diffusion,0.6285714285714286,True
diff_amp_01598,MMVLKKVGPIAKTVGKTGRNGAQGFIKVLQGMKK,AMP-Diffusion,0.523076923076923,True
diff_amp_01599,CMRKMGLCGKTCCRQLILEECGESPKICVQGHCY,AMP-Diffusion,0.45614035087719296,True
diff_amp_01600,AMPQGFRRKIGRVVNLKPLLKLAGA,AMP-Diffusion,0.5333333333333333,True
diff_amp_01601,MMLWKKLFKKGKNAAKKGAQALKKG,AMP-Diffusion,0.6363636363636364,True
diff_amp_01602,MGLFSVIKRVVGKAAKKGGKALATI,AMP-Diffusion,0.6122448979591837,True
diff_amp_01603,MMATTLPGKAVFLKGRGRMKKIRSH,AMP-Diffusion,0.5106382978723405,True
diff_amp_01604,MMGGPVSHAWKFFSGALNKAIGIGA,AMP-Diffusion,0.5416666666666667,True
diff_amp_01605,MMKKFSAGVKTLADKFFSKLKKHGV,AMP-Diffusion,0.5652173913043479,True
diff_amp_01606,KMLLRRLRRWLLKKVGRYGGKVALK,AMP-Diffusion,0.5925925925925926,True
diff_amp_01607,KMRRFRRRRRFLWKKFKRWKKLFFS,AMP-Diffusion,0.5909090909090908,True
diff_amp_01608,MMLRNRITKTLLRAIKKVARRVKRL,AMP-Diffusion,0.5714285714285714,True
diff_amp_01609,MMIRSTTNEELKEKLIAVAKPMKRY,AMP-Diffusion,0.5384615384615384,True
diff_amp_01610,MMVKGLAKKALKAGLKAIGALAKGL,AMP-Diffusion,0.7142857142857143,True
diff_amp_01611,MMPLSWPFKFCRITLPILHKITLRT,AMP-Diffusion,0.5581395348837209,True
diff_amp_01612,MMIGAFLGAIAGVIGRIIGAIKRFF,AMP-Diffusion,0.5909090909090908,True
diff_amp_01613,MMLFSTVKISLPALGKAIAGMLKTN,AMP-Diffusion,0.5490196078431373,True
diff_amp_01614,MGFLGKILKGAGKAIKTGLTGIASK,AMP-Diffusion,0.6666666666666667,True
diff_amp_01615,MMKKRYRKFVKSVKKVVRGLVRRLF,AMP-Diffusion,0.5333333333333333,True
diff_amp_01616,MMPKFFHKTFKYAVKNKLHVSLLAL,AMP-Diffusion,0.5531914893617021,True
diff_amp_01617,GMLRDIIRNAGGGVIKIALGGLTEE,AMP-Diffusion,0.5333333333333333,True
diff_amp_01618,MMLFSKLKKKIKKSLKSLLPGFGLA,AMP-Diffusion,0.5882352941176471,True
diff_amp_01619,MMKLLFRAKTTVLKLTALGKNFKLR,AMP-Diffusion,0.5652173913043479,True
diff_amp_01620,MMLLKKILKKFGVGMIGKLLIKLAP,AMP-Diffusion,0.5925925925925926,True
diff_amp_01621,MMIGLIAGLAVGLAAGFAALKALGP,AMP-Diffusion,0.5777777777777777,True
diff_amp_01622,MMFSLLFKLLTGAVLGHLAKMLSAG,AMP-Diffusion,0.5909090909090908,True
diff_amp_01623,MMFGSVIGSLISGLATLVPSILGKG,AMP-Diffusion,0.5957446808510638,True
diff_amp_01624,MMFWKRIKRKIKEVGPGVTTIVAIL,AMP-Diffusion,0.5106382978723405,True
diff_amp_01625,MMKRRGRWWYTKTKKTKQKTPNRRW,AMP-Diffusion,0.5454545454545454,True
diff_amp_01626,GMPFGGRLIGLLRKLRKLLGKLRKL,AMP-Diffusion,0.6190476190476191,True
diff_amp_01627,MMFGTFLGMAVSKGFKKYSAKKAAK,AMP-Diffusion,0.5490196078431373,True
diff_amp_01628,MMFLGKVLGLLKKAVQSIAKALVSL,AMP-Diffusion,0.6046511627906976,True
diff_amp_01629,MMPMEFFAKALPSVKTIYLIVCKAI,AMP-Diffusion,0.5454545454545454,True
diff_amp_01630,MMIGKRLLKSFGKGLAKTIVKLAQT,AMP-Diffusion,0.5833333333333333,True
diff_amp_01631,KMWWKLLKLGRKAGGKLFRLPLLAL,AMP-Diffusion,0.6190476190476191,True
diff_amp_01632,MMWKFLRKLSKGKKLKHGGITALLA,AMP-Diffusion,0.5882352941176471,True
diff_amp_01633,MMLGGVLGVGTGVVSGIYKLFCKDK,AMP-Diffusion,0.5777777777777777,True
diff_amp_01634,MMLKKALRKKALKKLAKKAVKKVAK,AMP-Diffusion,0.7234042553191489,True
diff_amp_01635,MMLFKEFIQRGKEKIKEFLKRVARN,AMP-Diffusion,0.625,True
diff_amp_01636,MMIMKTLGKKVIKVFAGALLEAIAQ,AMP-Diffusion,0.5555555555555556,True
diff_amp_01637,MMTRTLFLGRFRIAWRPGLAIRRFR,AMP-Diffusion,0.5333333333333333,True
diff_amp_01638,MMLPSVMKSYAKKIGKKLGVTLIAP,AMP-Diffusion,0.5490196078431373,True
diff_amp_01639,MMGRKAWRNFGKKEILKPIVIIAPT,AMP-Diffusion,0.5555555555555556,True
diff_amp_01640,MMILDKIKEALKGIAKVVGKNLAAY,AMP-Diffusion,0.6046511627906976,True
diff_amp_01641,MMRWKKILEKLRDLAVKVRSGLKEK,AMP-Diffusion,0.5531914893617021,True
diff_amp_01642,MMWRKILDTVKTVVRTGYKAFTAIK,AMP-Diffusion,0.5306122448979591,True
diff_amp_01643,MGIGSALKTFGKALGKGLKTGLAAT,AMP-Diffusion,0.6938775510204082,True
diff_amp_01644,MGFWDAIKGALKTLLKGLTTALKGL,AMP-Diffusion,0.625,True
diff_amp_01645,MMLGRFLKKVIGKLAKKIGGMLRKL,AMP-Diffusion,0.6122448979591837,True
diff_amp_01646,MMLASIVKYLKKAAITILHTMATLN,AMP-Diffusion,0.5306122448979591,True
diff_amp_01647,GMWGAFLKTGLKGAFKLAGKGGATY,AMP-Diffusion,0.6153846153846154,True
diff_amp_01648,MMWKSFMKSIKKAAKKVGEGLGKAA,AMP-Diffusion,0.6122448979591837,True
diff_amp_01649,MMWPSKKRMRELYGLKKLGGKAAIL,AMP-Diffusion,0.5652173913043479,True
diff_amp_01650,MMRPSGWTFNMRKKRGWSKIRLPVGTTGRKQIIAASR,AMP-Diffusion,0.48,True
diff_amp_01651,MMFVNIAKKLANSIGGTALDIGKKVADALKNLKDVFN,AMP-Diffusion,0.5074626865671642,True
diff_amp_01652,MMGVDTGGKLKKFGEKIEKIVQRIKDFLQKFQRQAGA,AMP-Diffusion,0.5846153846153845,True
diff_amp_01653,MMPVETFRPRIEGRAVPSGKARVGRVSSGGARSAGSR,AMP-Diffusion,0.4864864864864865,True
diff_amp_01654,MMWKISWKKQMEQAFKLEEIALAALKQPRPGPYLAVY,AMP-Diffusion,0.4657534246575342,True
diff_amp_01655,CMCRYLRVLCRGNKLCLRRGGTERQTGGTCHRVKCCR,AMP-Diffusion,0.4705882352941176,True
diff_amp_01656,MMWKNLIKRGKDIFIQGKAIDVAKTIGLPIDKVAGLA,AMP-Diffusion,0.5538461538461539,True
diff_amp_01657,MMIGKILKGAGKAAGKATPKIIGQTVGTALQQGKAIA,AMP-Diffusion,0.625,True
diff_amp_01658,MGLFSKFGKKVGKIGSRLKGRHMGSHVRIVDQSRASA,AMP-Diffusion,0.5316455696202531,True
diff_amp_01659,MMLGGFFGKGAIKGLLHVGFKGIGKGVGEVMNGIGHG,AMP-Diffusion,0.5542168674698795,True
diff_amp_01660,MMRAGKFRKKIEKLGKKIQPETTAIAISTARAVKKII,AMP-Diffusion,0.5161290322580645,True
diff_amp_01661,MMWFSKKIWKRIKRNWHRKAEKIGTAAGIVAIVATAA,AMP-Diffusion,0.5405405405405406,True
diff_amp_01662,MMVRGWGRGLPARPIRAVRIAGAAQRLPATQVAVKPR,AMP-Diffusion,0.49350649350649356,True
diff_amp_01663,MGLVSKISEKVADVGKGILDEALKVFKPAVQIVAVVA,AMP-Diffusion,0.5428571428571429,True
diff_amp_01664,MMFKRKWQGRRRNLARHKWWLLALPLGIAAGLIVGIG,AMP-Diffusion,0.5,True
diff_amp_01665,CMILRLCWNRFCCRGPLRPSGICRIGSYSPNMQIPCC,AMP-Diffusion,0.44999999999999996,True
diff_amp_01666,CMGKCICYIDRDFRNCDPLSIYECRGRGFCFPYLDQC,AMP-Diffusion,0.4324324324324324,True
diff_amp_01667,MMANNVRFGRPFGRKPVHLIGPRPRGIRNPQTNNSRR,AMP-Diffusion,0.49230769230769234,True
diff_amp_01668,MMKFKVGIGKAFNRVFKRIRDGVQKILAVIGSDLVPG,AMP-Diffusion,0.5151515151515151,True
diff_amp_01669,AMTTAERNVRIARILAETRAAAEAILRAQEATNDILA,AMP-Diffusion,0.5396825396825398,True
diff_amp_01670,MMKKLRKKIEKGGEKFHKKIRKIPGWVIAVGAIVGVT,AMP-Diffusion,0.5675675675675675,True
diff_amp_01671,MMLLGLNKKGEDITVRLIIQATIQTSVGTIKAIKAIG,AMP-Diffusion,0.4871794871794872,True
diff_amp_01672,MMKFEKIGKKFKTAGKHIGKAVGKIGVEAVASVAVIA,AMP-Diffusion,0.59375,True
diff_amp_01673,CMLCRLERIGGQEGSCGRPRICRKIVTELFNGCRPRG,AMP-Diffusion,0.48,True
diff_amp_01674,MMLGLFLRALQHVYHALKQDSTARLGGQRRHQLLAKH,AMP-Diffusion,0.5079365079365079,True
diff_amp_01675,MMKKRTMKPIQRGNRKAGKKNIMRLRGRSVRNPKVRQ,AMP-Diffusion,0.49275362318840576,True
diff_amp_01676,MMLGRLIQRGGEKLNRLGQKIRGGIKTFRGFIRDLAD,AMP-Diffusion,0.5135135135135135,True
diff_amp_01677,MMAPYRIFWLRLIPLLLPFNYYRYIGFGRQANKISQA,AMP-Diffusion,0.4615384615384615,True
diff_amp_01678,MMLGDFFRKAKERIKEKFKRIGQRIKDILKRIVPVTR,AMP-Diffusion,0.7323943661971832,True
diff_amp_01679,MMLCKLIKGEEKLLEKELKLDLEGVALKLMAQGVKQL,AMP-Diffusion,0.5396825396825398,True
diff_amp_01680,CMKCNSNRNGTCLQRLCKKGTCNISMKKCMKPLCPKC,AMP-Diffusion,0.4444444444444444,True
diff_amp_01681,MMLIRKNQLSVDIVKQLLLDEGKHNLSEELAADEKRA,AMP-Diffusion,0.4819277108433735,True
diff_amp_01682,CMKVIDLQQRQLRRCGRIHVCPPLMCRCKITGTFPKC,AMP-Diffusion,0.46875,True
diff_amp_01683,MGFWSWIKKVIKSVGDVFRGVKDVGKDVADVVKNLIK,AMP-Diffusion,0.5301204819277108,True
diff_amp_01684,PRRPRPPPLRPPPPRPPPLPRPPLPPPRPPPPLPFPR,AMP-Diffusion,0.735632183908046,True
diff_amp_01685,MMILSKFNGKVLKIGIRKAIGKAGPIVILAEKEGVKV,AMP-Diffusion,0.59375,True
diff_amp_01686,CMALNTGICRLCHILKCRRSGLCYLGRCHETLKPSNI,AMP-Diffusion,0.45333333333333337,True
diff_amp_01687,MMIRKTKKQITGGGRQIVKQVIQGAGEAANDVVNAFF,AMP-Diffusion,0.4878048780487805,True
diff_amp_01688,AMTWEAWDRAIAEYEARIEALERAIEAAQEALERLLR,AMP-Diffusion,0.7567567567567568,True
diff_amp_01689,MMLWKKITNFLEKVTNRILNVLATAGAAQQAGKTVAI,AMP-Diffusion,0.5277777777777778,True
diff_amp_01690,MMRIHIYKHKHMCHLSKMKPCILRLGHRLKIHWLSKT,AMP-Diffusion,0.4615384615384615,True
diff_amp_01691,MMKTVAWASDIGQAARSVVKKIRETMGKQGEAGNLAT,AMP-Diffusion,0.5074626865671642,True
diff_amp_01692,CMSVLRCCRRKCGTCRKERKCSNQLEGYLQRVLICPG,AMP-Diffusion,0.4864864864864865,True
diff_amp_01693,MMPKGPNNKRRAYNPLIIQPASTGLGVGRQPKTLRKP,AMP-Diffusion,0.48571428571428577,True
diff_amp_01694,MMPKFSKKLKEVGPGVDLLSLLKHRSHYWHLHALISS,AMP-Diffusion,0.4761904761904761,True
diff_amp_01695,MMGWSSIFGGLGKRFRRKILSNDLKKLVRGEQTRDFF,AMP-Diffusion,0.4838709677419355,True
diff_amp_01696,MMCCGIEKIEKKIEEIEKKIEEIEKKIEALEKLLQAL,AMP-Diffusion,0.7317073170731707,True
diff_amp_01697,MMVAFTIDKKKIKELYKKMVKLTGEPKAILGVINVIG,AMP-Diffusion,0.5079365079365079,True
diff_amp_01698,MMELKKIRKRLLKSKIDCYRDLLAKPCCIEAELVCKV,AMP-Diffusion,0.49350649350649356,True
diff_amp_01699,MMRLFKKRIKKFKPGEVISIFKGLKNFLKTEKLPRTS,AMP-Diffusion,0.5151515151515151,True
diff_amp_01700,MMKIRDFLRKIGKKLKEFIRKIVRPVV,AMP-Diffusion,0.6086956521739131,True
diff_amp_01701,MMLGSVLLGAAKKALKTLFNKIGKKIA,AMP-Diffusion,0.5957446808510638,True
diff_amp_01702,KMLFRRRLRKIGEKLKKYGPKVKALRI,AMP-Diffusion,0.7142857142857143,True
diff_amp_01703,MMLKKFFRKVKEVIKRIFQRIKDFLRN,AMP-Diffusion,0.7346938775510203,True
diff_amp_01704,MMAASNLLKNVAKVAGVLVSATKCSSL,AMP-Diffusion,0.5714285714285714,True
diff_amp_01705,MMSKEKFKQKLKGVIAGLKSILQRIAQ,AMP-Diffusion,0.5423728813559322,True
diff_amp_01706,MMNIQRRMMRTWPRFVKYGWVIGAIVT,AMP-Diffusion,0.5106382978723405,True
diff_amp_01707,KKLLKKLLKLLLKLLKKLLKLLLKLLK,AMP-Diffusion,0.8571428571428572,False
diff_amp_01708,MKLLKRLRKKIGKGLKKIGKRIKLIRK,AMP-Diffusion,0.7857142857142857,True
diff_amp_01709,MMNFRRFGKKIGKKFKKILQKVLKIVT,AMP-Diffusion,0.6785714285714286,True
diff_amp_01710,GGIFDTILGAAKNVGKNLLGKVLGKLA,AMP-Diffusion,0.625,True
diff_amp_01711,MMAGSSIKNFLKSLLGNILAKAKAPAA,AMP-Diffusion,0.5531914893617021,True
diff_amp_01712,MMWRKKIGKKIAETLEKLGKKIQLNIT,AMP-Diffusion,0.5652173913043479,True
diff_amp_01713,KMRRKRKKLKKVNKKVKKFFKKLAIRI,AMP-Diffusion,0.6557377049180328,True
diff_amp_01714,RMWWRWWPLILIRRWRRWRRRLGPFVI,AMP-Diffusion,0.6222222222222222,True
diff_amp_01715,EMGLFRLRKEESIKKYFDRIRKKIKRF,AMP-Diffusion,0.6521739130434783,True
diff_amp_01716,MMSLDTIIEKDKLGFALVLKNALKLAG,AMP-Diffusion,0.5862068965517242,True
diff_amp_01717,KMLQLLKKILKILLKILKRLLKILQKI,AMP-Diffusion,0.7058823529411764,True
diff_amp_01718,MMWKSFLKKNKENVKKTITLGKKIGLQ,AMP-Diffusion,0.5833333333333333,True
diff_amp_01719,MMIWNKIRNAISTGLKVAGDWLRNKIA,AMP-Diffusion,0.5306122448979591,True
diff_amp_01720,MMLWGPLSHMAKKFANHVGEMIKKAIA,AMP-Diffusion,0.5306122448979591,True
diff_amp_01721,KMLRRRLRKKIRKIGKKIGKIIKKIRK,AMP-Diffusion,0.6785714285714286,True
diff_amp_01722,MGLWETIKQGVKTIFGKALDKVANKVS,AMP-Diffusion,0.6037735849056604,True
diff_amp_01723,GMGLRRLGKKIRPKLKKLGQITQAIRI,AMP-Diffusion,0.6785714285714286,True
diff_amp_01724,MMFKSVSAKGLYKLFKRIHSNDKLIRG,AMP-Diffusion,0.5652173913043479,True
diff_amp_01725,MMLLGRTLKGLNKRIKRIFQRIKRKVI,AMP-Diffusion,0.5714285714285714,True
diff_amp_01726,MKFKSAFKKVTKAIKGVFKRLKKFFKA,AMP-Diffusion,0.625,True
diff_amp_01727,MMGLRRIRRKINNKKKKIGGVKKIIRI,AMP-Diffusion,0.6428571428571428,True
diff_amp_01728,MMRFKRSWRKGSKKVLGKILKIAGILI,AMP-Diffusion,0.625,True
diff_amp_01729,MMAVLFTQFGAKRWRLAVWRAWAAHLD,AMP-Diffusion,0.5333333333333333,True
diff_amp_01730,GGLLGRLRKGGQKIGKKITSGIRKART,AMP-Diffusion,0.6521739130434783,True
diff_amp_01731,MMLRPPGKRPRTKPRPYYKYKPRPKRV,AMP-Diffusion,0.6086956521739131,True
diff_amp_01732,MMLIGKIIGKAAKVGGKIIGKIAGKVL,AMP-Diffusion,0.6415094339622642,True
diff_amp_01733,RMLFRTIQRILHLLIRIPRIRQQGLEL,AMP-Diffusion,0.5925925925925926,True
diff_amp_01734,MMLKRTLRQIRRTIGKIRRKIGQGLER,AMP-Diffusion,0.5925925925925926,True
diff_amp_01735,KMKLRRLRKKINGKKKKIGQRIKPLLR,AMP-Diffusion,0.7142857142857143,True
diff_amp_01736,MMLLKTFRTKFKKVGKEKGKKFGHKHL,AMP-Diffusion,0.5531914893617021,True
diff_amp_01737,MGLFDSLKKGLKAAGVNVLDGLAKLAV,AMP-Diffusion,0.6,True
diff_amp_01738,MMSIRRAIRKVANSIKKYLPVARNIIK,AMP-Diffusion,0.5098039215686274,True
diff_amp_01739,MMRKRFKRIGKGGRLGILKIILPPVHI,AMP-Diffusion,0.5652173913043479,True
diff_amp_01740,MMSVGYKRRFLNKIKKILRKLDKFLIP,AMP-Diffusion,0.5957446808510638,True
diff_amp_01741,MMLLDKIKQFIGKIAVKIAQKIKCKIV,AMP-Diffusion,0.6274509803921569,True
diff_amp_01742,MMWLDRTIESGRKLLKELTHSFFRYKQ,AMP-Diffusion,0.4782608695652174,True
diff_amp_01743,MMDKEKIKDQLKEEAKAAIAAAKAAAL,AMP-Diffusion,0.5818181818181818,True
diff_amp_01744,EMLLRELRKGLGKAGKELFKKIQHLRI,AMP-Diffusion,0.6086956521739131,True
diff_amp_01745,MGIFRFLKGMGKKVVRHVGPQAVDAAL,AMP-Diffusion,0.5416666666666667,True
diff_amp_01746,MGIGRKIKGRFKSGFKKILDNISEKLQ,AMP-Diffusion,0.6,True
diff_amp_01747,AMAKQAEKLAIAADIASAILAAVKTLA,AMP-Diffusion,0.5964912280701755,True
diff_amp_01748,EMFDKALGKDSLALVSSIIQKARAAIK,AMP-Diffusion,0.5333333333333333,True
diff_amp_01749,RMWGRLLRGFRLRKRFKRIVNRPPHLL,AMP-Diffusion,0.5652173913043479,True
diff_amp_01750,MMGWDKFKLAGGKLLLGAVKAAVAAY,AMP-Diffusion,0.5833333333333333,True
diff_amp_01751,MMILSTLKKLAKAAAKKLAKNAAASG,AMP-Diffusion,0.6363636363636364,True
diff_amp_01752,MMWMKLTGGGVLGAVADILNNLKNSK,AMP-Diffusion,0.52,True
diff_amp_01753,MMFKGVLKGALKAVKGVLKGILKGIK,AMP-Diffusion,0.6363636363636364,True
diff_amp_01754,EMIRLLNKAFSPNKVKRVFDRILKRE,AMP-Diffusion,0.5333333333333333,True
diff_amp_01755,MMIIEKLTRRIEEKIEKIGRRIERII,AMP-Diffusion,0.56,True
diff_amp_01756,MMLLRRLRKKFGKIVQKIGQKIKNIR,AMP-Diffusion,0.6909090909090909,True
diff_amp_01757,CMCRIHFRFLHKRKGLFLQRLRQCLL,AMP-Diffusion,0.5217391304347826,True
diff_amp_01758,AMAWSQLKEAAKEAGKAALAAAAQAA,AMP-Diffusion,0.6296296296296297,True
diff_amp_01759,MMIASTIKKAAKTAIDFLKNFASNTM,AMP-Diffusion,0.5416666666666667,True
diff_amp_01760,MMGIRRHFRKILKKIHKKIPHIAFLI,AMP-Diffusion,0.5818181818181818,True
diff_amp_01761,MMPDRSEQHRYRLRRRHWVIMLITQR,AMP-Diffusion,0.52,True
diff_amp_01762,MMWGRYARKILRRYAKKGGPWAVLWL,AMP-Diffusion,0.5454545454545454,True
diff_amp_01763,MMWGSFLKAVAKAGAKIGVAAGKAAP,AMP-Diffusion,0.6428571428571428,True
diff_amp_01764,MMFGSKFKGKIGGLLIGAAKGALKGL,AMP-Diffusion,0.6222222222222222,True
diff_amp_01765,MMRLGRFGKKVGKKLKRPLLKVGLAI,AMP-Diffusion,0.6181818181818182,True
diff_amp_01766,MMKLKNVGKKVWNKAKRWATKVVPQW,AMP-Diffusion,0.52,True
diff_amp_01767,MMIMRTVKGGLKRAIHGVIKGVLRTY,AMP-Diffusion,0.5283018867924528,True
diff_amp_01768,MMWRIAKQPNRLGLTKKINAQIIRQF,AMP-Diffusion,0.5,True
diff_amp_01769,MMFGGIMRGLAFKGFKGVAKHIACPI,AMP-Diffusion,0.5306122448979591,True
diff_amp_01770,MMGRTRLGLGGLRLAIEPILRCPVEL,AMP-Diffusion,0.5283018867924528,True
diff_amp_01771,EMLGDFLRRAKKIIAKEMRKRVLGLD,AMP-Diffusion,0.5714285714285714,True
diff_amp_01772,MMFFKRLGKKFKKIGQRFKEIVKNIH,AMP-Diffusion,0.6181818181818182,True
diff_amp_01773,MMKCQSRWKIKPFIPWTPRQMQQRIA,AMP-Diffusion,0.5098039215686274,True
diff_amp_01774,GGVLTKVLGGLAKKAASGLFKGAEAL,AMP-Diffusion,0.6037735849056604,True
diff_amp_01775,MMILGTTVKKRMKKAVHDLHRFGYLK,AMP-Diffusion,0.5217391304347826,True
diff_amp_01776,GGIWDTMKEAAKSAAVGALDKIKEKI,AMP-Diffusion,0.6296296296296297,True
diff_amp_01777,MMWWARFLKVIGLVARVGHHVIKPLR,AMP-Diffusion,0.5217391304347826,True
diff_amp_01778,MMSWLTTIACAVKKVMKTAANAVAVA,AMP-Diffusion,0.5283018867924528,True
diff_amp_01779,MMLKRKIRKAKRLVKKKIKGAKKIGK,AMP-Diffusion,0.6382978723404256,True
diff_amp_01780,GGKIVDTAKNAAKDAAGAAKDAVQGV,AMP-Diffusion,0.5957446808510638,True
diff_amp_01781,AMASDIAKGVLKNALKIAANKLVNKI,AMP-Diffusion,0.6086956521739131,True
diff_amp_01782,MRVIRVVQGAVRAIRRIARRIRQVLE,AMP-Diffusion,0.7777777777777779,True
diff_amp_01783,MMVRGLIQRIRRPIRHIARRAGQLVE,AMP-Diffusion,0.68,True
diff_amp_01784,MMIRDFIRGIRDFIRDIRRITKRIQQ,AMP-Diffusion,0.5833333333333333,True
diff_amp_01785,GGAVALPRPVGRLLLRPVLRLLRRLL,AMP-Diffusion,0.7083333333333333,True
diff_amp_01786,MMKSFLKKIGKSVGRGARDLGKGGRK,AMP-Diffusion,0.5454545454545454,True
diff_amp_01787,MMIGSFLKKLGKTLAKLVSGTAGSAL,AMP-Diffusion,0.5957446808510638,True
diff_amp_01788,MMWVYWQPIGVGINKPLLKLLKKLLK,AMP-Diffusion,0.64,True
diff_amp_01789,AMLARRAGKKVAKAGKKAARQVGKIG,AMP-Diffusion,0.5833333333333333,True
diff_amp_01790,MMIGRLFKPITRVFKHIYRPLVPAAT,AMP-Diffusion,0.5333333333333333,True
diff_amp_01791,GMLARGLGRGLGRLIGRGLGRAARRL,AMP-Diffusion,0.6086956521739131,True
diff_amp_01792,MMIKKALALKSNKGKQYIVRLGKALA,AMP-Diffusion,0.5957446808510638,True
diff_amp_01793,MMDFKQALKKFLDALLSAVKNAAKDL,AMP-Diffusion,0.5909090909090908,True
diff_amp_01794,MMGLERWGRRIGSAIRKGLITIGIPV,AMP-Diffusion,0.5185185185185186,True
diff_amp_01795,MMIMGKLRGKMFKLVKIGVNGGLKGL,AMP-Diffusion,0.5833333333333333,True
diff_amp_01796,GGLLDTLKKGAKGVAKGLLEGLKNGV,AMP-Diffusion,0.7017543859649122,True
diff_amp_01797,KMRFKRFRKIGKKFKKKYKKIKKVLR,AMP-Diffusion,0.6666666666666667,True
diff_amp_01798,GGLLASLGKFVLGAAGKAASKVVEDL,AMP-Diffusion,0.6521739130434783,True
diff_amp_01799,MMIGIGKTLKKLAKIAGKLYKMAARY,AMP-Diffusion,0.5909090909090908,True
diff_amp_01800,MMWKLFKNLASKIKLYEKLIKGVS,AMP-Diffusion,0.5714285714285714,True
diff_amp_01801,MMDKIFKKIDDSLANIQKVLQKAA,AMP-Diffusion,0.55,True
diff_amp_01802,KMLPSLLSLYSKFTKKTLKKALKT,AMP-Diffusion,0.64,True
diff_amp_01803,GGWGSFLRKAGKTVGAGLEAAKAK,AMP-Diffusion,0.6415094339622642,True
diff_amp_01804,MMWFSLIPKLVGSAFKVTLPALPS,AMP-Diffusion,0.6341463414634146,True
diff_amp_01805,MMWKSFLKKFKSAAKSVLKTALKA,AMP-Diffusion,0.7659574468085107,True
diff_amp_01806,MMKFSKFLKSSVKKIYKEWKKFVR,AMP-Diffusion,0.55,True
diff_amp_01807,CMPWSLLRIRWRKWNTRRTSLSWS,AMP-Diffusion,0.5454545454545454,True
diff_amp_01808,MMWLSAIKTFLKHAKKLLHQGAAS,AMP-Diffusion,0.6,True
diff_amp_01809,MMKKLTKKIFTLAKKHKLYTILKA,AMP-Diffusion,0.6086956521739131,True
diff_amp_01810,KMWNRLLKAGGILLKKVLQPILKK,AMP-Diffusion,0.6511627906976745,True
diff_amp_01811,MMLKTFLKNLLATKIKKYLKHYKA,AMP-Diffusion,0.6,True
diff_amp_01812,MMWKNFLKKLTVGAEIQNLTLKIF,AMP-Diffusion,0.56,True
diff_amp_01813,MGLWSKIKGFAKRVGKVLGKAIAG,AMP-Diffusion,0.6415094339622642,True
diff_amp_01814,MMWKKFLKKLKSKFKSVLTKAKKA,AMP-Diffusion,0.64,True
diff_amp_01815,MMIGTIWKTLKKAGKIAGIVHAIA,AMP-Diffusion,0.6086956521739131,True
diff_amp_01816,MMKLSGVKIKTSAKKAVLTTKTIS,AMP-Diffusion,0.64,True
diff_amp_01817,MMLLSLLKNFGKSFIHAAVKQAVT,AMP-Diffusion,0.5714285714285714,True
diff_amp_01818,MMLGMFKKILGAAVPFVSLLAKKK,AMP-Diffusion,0.5909090909090908,True
diff_amp_01819,AMWKAFKKGGEALLKATKGVTAAL,AMP-Diffusion,0.6363636363636364,True
diff_amp_01820,GGILSALKNLGKAALKVALGALEA,AMP-Diffusion,0.6818181818181819,True
diff_amp_01821,MMWKKFLKTLGGKAKKKAVKVAVS,AMP-Diffusion,0.6,True
diff_amp_01822,MMRWFKKVIKTFAKIGAVAKPLKS,AMP-Diffusion,0.5777777777777777,True
diff_amp_01823,MMGTGLLTKAYLTAWKHKGKKWKK,AMP-Diffusion,0.5531914893617021,True
diff_amp_01824,MMKKSFFKKLSKKKKKKLHTWLPF,AMP-Diffusion,0.6206896551724138,True
diff_amp_01825,MMEKTKLASKYLKKIVKRLLALKK,AMP-Diffusion,0.6511627906976745,True
diff_amp_01826,MMWGSTLFGKASKHVKHAAKATAR,AMP-Diffusion,0.5909090909090908,True
diff_amp_01827,MMVWPLIAIGTAVGAAIYRLIRRK,AMP-Diffusion,0.6037735849056604,True
diff_amp_01828,MMVGAAKSFVKGALKSALHAGYKA,AMP-Diffusion,0.5531914893617021,True
diff_amp_01829,MMIKSFKKTLKKILKKAFKTGLKA,AMP-Diffusion,0.6363636363636364,True
diff_amp_01830,MMWKSFIKSFKLATKEKRKTLLKK,AMP-Diffusion,0.64,True
diff_amp_01831,MMAKSFLKTVGHAAKKVLNTAAKI,AMP-Diffusion,0.64,True
diff_amp_01832,MMWKSFKKTFKSFKKTVLKTAKKF,AMP-Diffusion,0.72,True
diff_amp_01833,MMWKSIFKNVLKTVLKGAAKGAAS,AMP-Diffusion,0.6,True
diff_amp_01834,MMLKKLLKKLLKAAKKALKAALAL,AMP-Diffusion,0.75,True
diff_amp_01835,MMWFTILKKLAANAIATAIAKALT,AMP-Diffusion,0.5714285714285714,True
diff_amp_01836,MGIGSALKSAGKVAIKGLVKGVGA,AMP-Diffusion,0.6938775510204082,True
diff_amp_01837,MMIKSFFKKFKKLSKKKLKTVLKA,AMP-Diffusion,0.6521739130434783,True
diff_amp_01838,MMKKALITIVKGVVITGYKAAKKA,AMP-Diffusion,0.6,True
diff_amp_01839,MMGKRWIGRVYRLVAGPYLLVGRT,AMP-Diffusion,0.5454545454545454,True
diff_amp_01840,MMWPALLLGANSIGIKVIATLSKN,AMP-Diffusion,0.5581395348837209,True
diff_amp_01841,MGLLDVIKKVGGKIFKVGSKLIAA,AMP-Diffusion,0.65,True
diff_amp_01842,KMKKSFKKKFKSLSKKVLKTLKKL,AMP-Diffusion,0.6808510638297872,True
diff_amp_01843,KMWKLFKKLLILAKKKLWTLKLPF,AMP-Diffusion,0.6976744186046511,True
diff_amp_01844,MMIGPIIGGAIGAVPTTILKTIFL,AMP-Diffusion,0.5454545454545454,True
diff_amp_01845,MMKSSFKKTLKVLKKTVVKTALKA,AMP-Diffusion,0.6521739130434783,True
diff_amp_01846,MMKKKFFFKKKLRKLKAAGKALKK,AMP-Diffusion,0.65,True
diff_amp_01847,MMGKKAIKGKLAKLLTKGVTILAP,AMP-Diffusion,0.6222222222222222,True
diff_amp_01848,MMIGPILGAGAGYVAGYVRRRKRR,AMP-Diffusion,0.5333333333333333,True
diff_amp_01849,GMSGFWFIGSAKVFGKLAGKGLVK,AMP-Diffusion,0.5777777777777777,True
diff_amp_01850,MMTVQHWRRRSRRSTHRSLH,AMP-Diffusion,0.5555555555555556,True
diff_amp_01851,MGLWSDVKDKIAELAVDVLT,AMP-Diffusion,0.5714285714285714,True
diff_amp_01852,MMIKLAESKAQVDQLLEKGK,AMP-Diffusion,0.5641025641025641,True
diff_amp_01853,MMLPFFHYIITKTPRQFPSN,AMP-Diffusion,0.5365853658536586,True
diff_amp_01854,MMFRAFFGSAIKVAGKVALK,AMP-Diffusion,0.6,True
diff_amp_01855,MMFHHIFRAIVHVPKTIHRL,AMP-Diffusion,0.8571428571428572,False
diff_amp_01856,MMRVIWRGGGLGFGLRWKWF,AMP-Diffusion,0.5853658536585367,True
diff_amp_01857,MMRCKLPRHWGTKQLSCSPR,AMP-Diffusion,0.5,True
diff_amp_01858,MMKFRFFRRRIRKKTTNIGV,AMP-Diffusion,0.5555555555555556,True
diff_amp_01859,MMGKSILKGAAKKLKGALKE,AMP-Diffusion,0.6153846153846154,True
diff_amp_01860,RRVVGRWPRVVRVARRVRRV,AMP-Diffusion,0.7317073170731707,True
diff_amp_01861,MMWGDVFKKIANILPTIKTF,AMP-Diffusion,0.5714285714285714,True
diff_amp_01862,MMWYKSVKSVGGKVVTIGAK,AMP-Diffusion,0.6285714285714286,True
diff_amp_01863,MGGREVFWRTSRAVTAPGGT,AMP-Diffusion,0.5142857142857142,True
diff_amp_01864,MMFHHIFKGIVHVGKTIHRL,AMP-Diffusion,0.8571428571428572,False
diff_amp_01865,MMFRRIIKAGIAVVKAIYAL,AMP-Diffusion,0.5714285714285714,True
diff_amp_01866,RMLVRFRGPTRSAMLLIHHL,AMP-Diffusion,0.55,True
diff_amp_01867,CMFCRCVIRIRGGYGRYHRV,AMP-Diffusion,0.5142857142857142,True
diff_amp_01868,MMWHLFKKALHHVASAALYK,AMP-Diffusion,0.5777777777777777,True
diff_amp_01869,MMFHPLFIALTHVPPLVTKL,AMP-Diffusion,0.55,True
diff_amp_01870,MMQVKIWFQSRRRYRPSVGK,AMP-Diffusion,0.5555555555555556,True
diff_amp_01871,EMLRTLLSSLKKKAGQKLKA,AMP-Diffusion,0.5945945945945945,True
diff_amp_01872,MMLGGIAKLAAKLVPWLISN,AMP-Diffusion,0.6190476190476191,True
diff_amp_01873,MMKGAIKGLLKKIKGAVKAI,AMP-Diffusion,0.7027027027027026,True
diff_amp_01874,MMFPLVLGAGIRTYPKLKRL,AMP-Diffusion,0.6666666666666667,True
diff_amp_01875,KMRKRWWKIWLRLWLKKKWK,AMP-Diffusion,0.6486486486486487,True
diff_amp_01876,MMYLGKRHMHCLAPILKKAL,AMP-Diffusion,0.5405405405405406,True
diff_amp_01877,MMKGALKKLAKLFKLFKLAK,AMP-Diffusion,0.7428571428571429,True
diff_amp_01878,MMLHFHRPHLFGTIRIVRLL,AMP-Diffusion,0.5555555555555556,True
diff_amp_01879,MMKNIITKIIINLSISALYR,AMP-Diffusion,0.5405405405405406,True
diff_amp_01880,GMIGDALKLATKSVLGGLIE,AMP-Diffusion,0.6363636363636364,True
diff_amp_01881,MMLNKFKRTERILQKIVERI,AMP-Diffusion,0.5294117647058824,True
diff_amp_01882,RRVVRRLLRLVRRLLRLVRR,AMP-Diffusion,0.7777777777777779,True
diff_amp_01883,RMRWRLWRRWVRWWWRWRQR,AMP-Diffusion,0.736842105263158,True
diff_amp_01884,MMFSALLKLARKFLKAVGVL,AMP-Diffusion,0.6470588235294117,True
diff_amp_01885,GRPPPRPRPRPRPRPRLRPR,AMP-Diffusion,0.7619047619047619,True
diff_amp_01886,MMFSHLRHFLLGIGWIAHRA,AMP-Diffusion,0.5365853658536586,True
diff_amp_01887,MMRKTIRRGWRKIRKSVRGA,AMP-Diffusion,0.6111111111111112,True
diff_amp_01888,MMWKLFKKIFKGVGPALITA,AMP-Diffusion,0.6666666666666667,True
diff_amp_01889,GMLGGLWDGLCRIGRWIRGI,AMP-Diffusion,0.55,True
diff_amp_01890,MMKISSRIWYKCWNQLKYRK,AMP-Diffusion,0.5945945945945945,True
diff_amp_01891,AMLGRIARRALPFAAGGLIR,AMP-Diffusion,0.6153846153846154,True
diff_amp_01892,MGLLKKIKSAFKKAGKFLKG,AMP-Diffusion,0.7692307692307692,True
diff_amp_01893,MMWRLLGRAIHRAIRRIPRH,AMP-Diffusion,0.65,True
diff_amp_01894,MMKALIQSKTIGKLRQLAGM,AMP-Diffusion,0.55,True
diff_amp_01895,MKRIKKFFKKIGKKFKKFFK,AMP-Diffusion,0.7428571428571429,True
diff_amp_01896,MGWLSKILKAGKKAAKQVLK,AMP-Diffusion,0.6842105263157895,True
diff_amp_01897,MMIHHHIHKLLKKAKKIVKT,AMP-Diffusion,0.5714285714285714,True
diff_amp_01898,MMIRRIIRHIRHRIRSIHRI,AMP-Diffusion,0.6666666666666667,True
diff_amp_01899,MILSFLAGLAFTIAANIPGL,AMP-Diffusion,0.5641025641025641,True
diff_amp_01900,MMLIKYLYKQIRIFLGLKNRGGRNGVTCKL,AMP-Diffusion,0.5185185185185186,True
diff_amp_01901,MMFWKKINKVLEKARKRGAKQGKKAGLVLK,AMP-Diffusion,0.5614035087719298,True
diff_amp_01902,MMCVETWSTMKVLTAEELLKILKQEANTGM,AMP-Diffusion,0.4814814814814815,True
diff_amp_01903,CMLKIRFQCCRNVCRGTKTVFFFFCLLTRL,AMP-Diffusion,0.48,True
diff_amp_01904,MMDIFPKPFPRFPLPRPRLFPHLPRPPLPR,AMP-Diffusion,0.6274509803921569,True
diff_amp_01905,MMPQQALSMYGQKQIRMSSPRPRSNPSVIQ,AMP-Diffusion,0.45283018867924535,True
diff_amp_01906,MMIFIPILKKVGGLIKKFSGKKLLRRLSKL,AMP-Diffusion,0.5769230769230769,True
diff_amp_01907,CMKGFCCRGIKGLCRKGIGFCCRIKGIGGC,AMP-Diffusion,0.5283018867924528,True
diff_amp_01908,CMIDRCVCACAHFRESGRRSGRFCRNFYLS,AMP-Diffusion,0.52,True
diff_amp_01909,GMIGSAVKAGLKNSSKGIAVELLNLGCKLL,AMP-Diffusion,0.5925925925925926,True
diff_amp_01910,CMRCNNTDKRYCIPCLREMLNGTCITKELC,AMP-Diffusion,0.48,True
diff_amp_01911,KMSIRTRKRSKLFKKRSLKPLVRILSKLKR,AMP-Diffusion,0.6,True
diff_amp_01912,MMLWDTLKNLGKTIAGVAGKTGLQAILKAT,AMP-Diffusion,0.5769230769230769,True
diff_amp_01913,MMCRTEELLDRLKSRRHNLDNVYRIVLSKR,AMP-Diffusion,0.4838709677419355,True
diff_amp_01914,MMRWRSRDMRRRSRRGRGSFMSRRGRRLMS,AMP-Diffusion,0.5964912280701755,True
diff_amp_01915,MMAVWLRFRKARSRGGRRRRRSIVRGRARK,AMP-Diffusion,0.5882352941176471,True
diff_amp_01916,MMFFSLIAQGAGKALQAIGNIAKLFPSELI,AMP-Diffusion,0.5384615384615384,True
diff_amp_01917,RMRKRWSRPPRLSRRWRKPAASPRRKRKRS,AMP-Diffusion,0.64,True
diff_amp_01918,MGILSSIKKMAKGLAKSAASVLADALKNQI,AMP-Diffusion,0.6129032258064516,True
diff_amp_01919,MMFDMLFKGLGKAANKADDAAKAAGKSKNQ,AMP-Diffusion,0.5714285714285714,True
diff_amp_01920,MGLFSKLKDKLPQVVKVGFKAIGKQLKQYV,AMP-Diffusion,0.5925925925925926,True
diff_amp_01921,MGILDSIKQLGKDAAKNVADAAVNALNSLV,AMP-Diffusion,0.6101694915254237,True
diff_amp_01922,KMRKRFLRKNKKKKKKLFKLLPPPKLLRPL,AMP-Diffusion,0.6428571428571428,True
diff_amp_01923,MMISFCLVGRCWILVYTHGLCVYGKISVRS,AMP-Diffusion,0.48571428571428577,True
diff_amp_01924,CMRNRWRICGNTFRKSCRVTCMRNRGFYKL,AMP-Diffusion,0.48,True
diff_amp_01925,MMLWETIRKTARRIARRGRLIGRGILSAGR,AMP-Diffusion,0.5614035087719298,True
diff_amp_01926,MMFVGCAGRRFRSGAELHRIICYRGRFQLR,AMP-Diffusion,0.509090909090909,True
diff_amp_01927,MMIFDIIAKFLGKILGHAGKAGGKALAEAL,AMP-Diffusion,0.5970149253731343,True
diff_amp_01928,CMRIPFRWPSPKWPRPVPRPRPSPRPPPLP,AMP-Diffusion,0.6538461538461539,True
diff_amp_01929,MMLFRKIIEKRLKKIGKEAQKLRKQIKLRK,AMP-Diffusion,0.6440677966101696,True
diff_amp_01930,MMQYLPPIIGIIGGKLLKKLLKKLLKKLKK,AMP-Diffusion,0.7017543859649122,True
diff_amp_01931,MMKYRRNFTVTYGPCRAINAAIICFAHGHA,AMP-Diffusion,0.48,True
diff_amp_01932,MMGKGKFKKKLKGGKKAFKKILNGFGKIVP,AMP-Diffusion,0.6415094339622642,True
diff_amp_01933,MMLLDKIKKAAKGGAKLVGQVLTGGVGVAV,AMP-Diffusion,0.5714285714285714,True
diff_amp_01934,MMLWKKIRQGGQRAVETVKRAGTIALQAAL,AMP-Diffusion,0.5245901639344263,True
diff_amp_01935,MMKLLNKAVGIASRFQGAVSGKISSALGLK,AMP-Diffusion,0.5490196078431373,True
diff_amp_01936,GGLLGGFKGGLKGFAKGAVKGLVKGAKSAL,AMP-Diffusion,0.625,True
diff_amp_01937,AMTTEALRERIREALRGAARAGQALEEALR,AMP-Diffusion,0.6268656716417911,True
diff_amp_01938,MMINFMFCWLHLFRHGRCGACSRRPHARYR,AMP-Diffusion,0.48,True
diff_amp_01939,MMIGCNIFNTACKLARKTGKFAHCKLAKLK,AMP-Diffusion,0.5490196078431373,True
diff_amp_01940,CMSTCRALTFYCEICRSKLGCNCYRRISLL,AMP-Diffusion,0.509090909090909,True
diff_amp_01941,MMKIGEKARHIGTVLLGKIKDVVQNALKDM,AMP-Diffusion,0.5490196078431373,True
diff_amp_01942,KMFGKLFGKLYKKVKKKFGKILRKIRKLIP,AMP-Diffusion,0.6440677966101696,True
diff_amp_01943,MMYKPTKKELNELINKIKSKGLTLAELIIL,AMP-Diffusion,0.5357142857142857,True
diff_amp_01944,MGLWESIKNTAKTVVGTAANKIAAGVAGTV,AMP-Diffusion,0.6440677966101696,True
diff_amp_01945,MMYICRVTHTCIGTIHQLCIRRGCRAALVL,AMP-Diffusion,0.48,True
diff_amp_01946,CMRCPSFSCRLKSIARRLLFSSLSCTLTVR,AMP-Diffusion,0.5490196078431373,True
diff_amp_01947,MMLGADKRAKTVFKAVHYGYKSIRRKPGII,AMP-Diffusion,0.52,True
diff_amp_01948,CMACRWRARRCCARRRSSGVCSSVRRRRSR,AMP-Diffusion,0.5882352941176471,True
diff_amp_01949,CMGFCRRPGCFKECARIGGFCGNCRRLFSL,AMP-Diffusion,0.4705882352941176,True
diff_amp_01950,MMKRSKRKSKFRASKKKGFQYKIVVWK,AMP-Diffusion,0.5517241379310345,True
diff_amp_01951,MMWKRFIAKVGKLAAIALGLSALGPLV,AMP-Diffusion,0.5769230769230769,True
diff_amp_01952,MMKWLFGLTKWIPSSAKRQLDNRRKQK,AMP-Diffusion,0.5384615384615384,True
diff_amp_01953,MMLLETLLRGGRWIPAIPRRIQGVGRR,AMP-Diffusion,0.7234042553191489,True
diff_amp_01954,MMVLKKIKSKLNKVLNKITSKIKALSK,AMP-Diffusion,0.5882352941176471,True
diff_amp_01955,GMLRDGLWKIAGRIIKKIPQWIRRALR,AMP-Diffusion,0.5714285714285714,True
diff_amp_01956,EMLKDFFTKEKRKIGKEIVQRIKRIGI,AMP-Diffusion,0.6538461538461539,True
diff_amp_01957,MGLFKGLSKVGGKALKGLGKVLDGIPI,AMP-Diffusion,0.6222222222222222,True
diff_amp_01958,RMLRRPRRLPLRPRPRIPIPPRPIRPI,AMP-Diffusion,0.75,True
diff_amp_01959,KMLRKRLRKKFKKYLKKIKRIGKAIRK,AMP-Diffusion,0.6808510638297872,True
diff_amp_01960,MMEIDRITEVMRLIKKMIKRIGHCKVI,AMP-Diffusion,0.5,True
diff_amp_01961,MMLALHKHGLRIAGGKKLAQMLRKLAR,AMP-Diffusion,0.5833333333333333,True
diff_amp_01962,EMRGERFFKELVQKIKDFFRRLKDIVQ,AMP-Diffusion,0.6222222222222222,True
diff_amp_01963,MMLWSKLKRKIKKALKIAGPVVKAIIK,AMP-Diffusion,0.6222222222222222,True
diff_amp_01964,AMLRKRLARKFGHKAKKIGYLLPLARK,AMP-Diffusion,0.625,True
diff_amp_01965,KMRKKRRRKKIRKKFKKIGKIPKLLRI,AMP-Diffusion,0.6428571428571428,True
diff_amp_01966,EMLKERLRKARKKIKEKLKKIVQPIRH,AMP-Diffusion,0.7234042553191489,True
diff_amp_01967,MGLVDWLGKVLKTIGGAGKNIVEQAGQ,AMP-Diffusion,0.5957446808510638,True
diff_amp_01968,MMKLRRIRKKGGKILKKLGKIGLAIII,AMP-Diffusion,0.6071428571428572,True
diff_amp_01969,MMLMNKFKNLGKTAVKGVADNLMDKLA,AMP-Diffusion,0.5555555555555556,True
diff_amp_01970,MMLFRRLRKKIGKKLKKIGQKIKAIRQ,AMP-Diffusion,0.8214285714285714,False
diff_amp_01971,KMLRKRLRKKFGKLLKKIGQKIKPIQL,AMP-Diffusion,0.75,True
diff_amp_01972,MMLLKRIRKIGNKSKKKLGKIIKSIRI,AMP-Diffusion,0.6521739130434783,True
diff_amp_01973,MMLAKAIASAGNKLAKGLAKGIRQAMA,AMP-Diffusion,0.5882352941176471,True
diff_amp_01974,MMLWKTILQKGKNVAKTGLKAALAAAS,AMP-Diffusion,0.625,True
diff_amp_01975,MMRLRRLRKKIGKKLKKIGQKFKKIRG,AMP-Diffusion,0.75,True
diff_amp_01976,MGFKSTILNAGKKVAVGALDKLVDKVT,AMP-Diffusion,0.6037735849056604,True
diff_amp_01977,MMLFRKIGRKVQRKFKKWIGKIKAVRK,AMP-Diffusion,0.6086956521739131,True
diff_amp_01978,KKLKGLFKKFKNKLKKKFGKFVKKVKK,AMP-Diffusion,0.7083333333333333,True
diff_amp_01979,MMLLRRLGKKIGRKFKKIGQVIKAIRK,AMP-Diffusion,0.7857142857142857,True
diff_amp_01980,MMKWKGFLKKLKEGAKRGAKAAKKAIK,AMP-Diffusion,0.6037735849056604,True
diff_amp_01981,MMLLRRLRRKIRPRFKRYGRRIIVIIT,AMP-Diffusion,0.5777777777777777,True
diff_amp_01982,MMLFSAFKEAMKGVGKDFLDKIGKKIV,AMP-Diffusion,0.5531914893617021,True
diff_amp_01983,MGLFRKLGKKFKGIAQSVKRFMQKIAG,AMP-Diffusion,0.6037735849056604,True
diff_amp_01984,MMFLRKIGRKLLKKLKAIGQLGPLLRI,AMP-Diffusion,0.6222222222222222,True
diff_amp_01985,MMLFRRVRKFIGKSLKKFKQVIKKIRK,AMP-Diffusion,0.6521739130434783,True
diff_amp_01986,MMRIKRLIRKIGKKLRKIGKRRIAIVI,AMP-Diffusion,0.6428571428571428,True
diff_amp_01987,MMLRKRLRKFRKKLGKFGKKFRKTIRG,AMP-Diffusion,0.6666666666666667,True
diff_amp_01988,MMIIDSIKNVAKNLAGTGLQALLCKLT,AMP-Diffusion,0.6333333333333333,True
diff_amp_01989,KMLLKRLRKKIRKKFKKNIQKKIPIRI,AMP-Diffusion,0.7142857142857143,True
diff_amp_01990,MMLLKKALKKVGKKLKKALRNLNKIIA,AMP-Diffusion,0.653061224489796,True
diff_amp_01991,EMIVEGFKRKLGGEFKRFLEKIKRIIR,AMP-Diffusion,0.5384615384615384,True
diff_amp_01992,GGWLSKIGTKILGAGKKAALDAAKHIL,AMP-Diffusion,0.6274509803921569,True
diff_amp_01993,MMLLKTIRKFIKTVGKVFKTAKKLLKV,AMP-Diffusion,0.5777777777777777,True
diff_amp_01994,MMWRWLTPKAIRRGLAIPRTITHIGLR,AMP-Diffusion,0.5531914893617021,True
diff_amp_01995,MMRLRKIGKKIGRKIKKRGALAKLIRK,AMP-Diffusion,0.6222222222222222,True
diff_amp_01996,MMIFGWLKKEAAKACSVKTTAGACKLI,AMP-Diffusion,0.5490196078431373,True
diff_amp_01997,GGILGGIIGFAKNLGGGLAGQLAGKLA,AMP-Diffusion,0.5957446808510638,True
diff_amp_01998,MMSLRLPLPNRAKKLRIGPPARIRRKF,AMP-Diffusion,0.5217391304347826,True
diff_amp_01999,MMRLRRLRKKIGKKLKKKGAVIKLIRI,AMP-Diffusion,0.7142857142857143,True
diff_amp_02000,MMDFIKDAIKDVI,AMP-Diffusion,0.56,True
diff_amp_02001,GRRRPRPPRRPFP,AMP-Diffusion,0.7857142857142857,True
diff_amp_02002,MMIKPFKNLSKLI,AMP-Diffusion,0.5833333333333333,True
diff_amp_02003,MMLEAAIQAAINE,AMP-Diffusion,0.5333333333333333,True
diff_amp_02004,MMFKRLARYGAYF,AMP-Diffusion,0.5833333333333333,True
diff_amp_02005,MMKRLLKALSAIW,AMP-Diffusion,0.6086956521739131,True
diff_amp_02006,MMNVAKYLGKIAK,AMP-Diffusion,0.6428571428571428,True
diff_amp_02007,LRLRLRLRLLRLR,AMP-Diffusion,0.962962962962963,False
diff_amp_02008,CMCFCRRGICVCY,AMP-Diffusion,0.7272727272727273,True
diff_amp_02009,MMFLSHVGFVKSK,AMP-Diffusion,0.6153846153846154,True
diff_amp_02010,MMVILKKWWWWWR,AMP-Diffusion,0.75,True
diff_amp_02011,MMFPILSFLKGLF,AMP-Diffusion,0.6923076923076923,True
diff_amp_02012,KALKKLLRALKKA,AMP-Diffusion,0.7857142857142857,True
diff_amp_02013,CCPGRGCRFRCFC,AMP-Diffusion,0.6363636363636364,True
diff_amp_02014,MMRGRRPWWVAVF,AMP-Diffusion,0.6086956521739131,True
diff_amp_02015,MMIPLKGKASGLL,AMP-Diffusion,0.6428571428571428,True
diff_amp_02016,RMRGWRRWKWLTW,AMP-Diffusion,0.7272727272727273,True
diff_amp_02017,MMIQKATKVYNLK,AMP-Diffusion,0.5714285714285714,True
diff_amp_02018,MMKKLLKKIPHLF,AMP-Diffusion,0.7142857142857143,True
diff_amp_02019,MMIVRFKKSLIRE,AMP-Diffusion,0.6153846153846154,True
diff_amp_02020,MMRCYRWQRKARK,AMP-Diffusion,0.6363636363636364,True
diff_amp_02021,KMFKKFFKPPWFR,AMP-Diffusion,0.7272727272727273,True
diff_amp_02022,MMLWRKWRQRMRK,AMP-Diffusion,0.64,True
diff_amp_02023,KMKKWLKFLKKFL,AMP-Diffusion,0.782608695652174,True
diff_amp_02024,KMTWLKKLKLSLK,AMP-Diffusion,0.8,True
diff_amp_02025,MMVARLLPVLISI,AMP-Diffusion,0.5833333333333333,True
diff_amp_02026,RRRRPRLPRRPRP,AMP-Diffusion,0.896551724137931,False
diff_amp_02027,MMLRLLRRIRNFI,AMP-Diffusion,0.6363636363636364,True
diff_amp_02028,MMTINKLMQKISV,AMP-Diffusion,0.56,True
diff_amp_02029,KMLLQWQKLLKLL,AMP-Diffusion,0.8181818181818181,False
diff_amp_02030,MAKKAAKAAKKAA,AMP-Diffusion,0.8888888888888888,False
diff_amp_02031,MMAILFWRITMRK,AMP-Diffusion,0.6363636363636364,True
diff_amp_02032,RRRRKWWRWWKKW,AMP-Diffusion,0.8695652173913043,False
diff_amp_02033,LMLLKLLLKLLLK,AMP-Diffusion,0.88,False
diff_amp_02034,MMIFLKKRVLRIS,AMP-Diffusion,0.6086956521739131,True
diff_amp_02035,MMFLHIPKYLSLI,AMP-Diffusion,0.6153846153846154,True
diff_amp_02036,MMKKGAGKVCDLY,AMP-Diffusion,0.5625,True
diff_amp_02037,KMLKKLLKKLKKW,AMP-Diffusion,0.88,False
diff_amp_02038,EMNVKRIRSIKED,AMP-Diffusion,0.6086956521739131,True
diff_amp_02039,GRAARLVQGLLRR,AMP-Diffusion,0.6956521739130435,True
diff_amp_02040,MMIWFWKIWGYGW,AMP-Diffusion,0.56,True
diff_amp_02041,MMKLFKKIRKLLK,AMP-Diffusion,0.75,True
diff_amp_02042,MMIRLKWLYWIRK,AMP-Diffusion,0.6363636363636364,True
diff_amp_02043,MFFFFKKILSALK,AMP-Diffusion,0.6363636363636364,True
diff_amp_02044,GRRPKPQPPRLPH,AMP-Diffusion,0.7142857142857143,True
diff_amp_02045,MMALKKRKMRLKK,AMP-Diffusion,0.6666666666666667,True
diff_amp_02046,MMGRNTKKEAALL,AMP-Diffusion,0.6086956521739131,True
diff_amp_02047,MMILKKLFWAMAK,AMP-Diffusion,0.6206896551724138,True
diff_amp_02048,MMLPLSAIICALI,AMP-Diffusion,0.6086956521739131,True
diff_amp_02049,MMFRLLKKVTRVL,AMP-Diffusion,0.6206896551724138,True
diff_amp_02050,GMSRPPPRRPPPPPPRPPPRPPPPPPRPPPRPPP,AMP-Diffusion,0.704225352112676,True
diff_amp_02051,MMLSSLFKKMREFVKKVGKEVSREMKKSGAAIIN,AMP-Diffusion,0.4918032786885246,True
diff_amp_02052,MMFLKPWKKCGKHPAGLGCQQFKQTCYYNCGTKR,AMP-Diffusion,0.4482758620689655,True
diff_amp_02053,MMSLLKAKAQGFGDKLAKLFGAIAQLANKFANSL,AMP-Diffusion,0.5614035087719298,True
diff_amp_02054,MGFVSFARKVVNKAKEVGKNIATTLKEFVQNAKN,AMP-Diffusion,0.5263157894736843,True
diff_amp_02055,MMKIPFKVKCKCRKKSTIMIFKVRGHPKCGLGKC,AMP-Diffusion,0.53125,True
diff_amp_02056,MMRGGGFRKLRKIGRFGRGLLSSDKNKMDVPGIP,AMP-Diffusion,0.49275362318840576,True
diff_amp_02057,EMVVKRCSPKTDDYCRKILDELFKVYQKRQPKFV,AMP-Diffusion,0.4666666666666666,True
diff_amp_02058,MMKFNKVAGKIFKGIRNAGEKLVNAGKKALAKLV,AMP-Diffusion,0.5666666666666667,True
diff_amp_02059,MMRKKKFRKEIEKILRKLRKVGRELWPVLLGVVT,AMP-Diffusion,0.5245901639344263,True
diff_amp_02060,MMGKKVGKEVEKVGKVVKGVKGLGKVVGKVVKGL,AMP-Diffusion,0.5517241379310345,True
diff_amp_02061,CGYVCGYLSDKWCLRKGKKCKGEIYHGGGLTVVC,AMP-Diffusion,0.48275862068965514,True
diff_amp_02062,KMFLKRLRKFRNKSKEKIKEKVKNIQDLLPKLTP,AMP-Diffusion,0.704225352112676,True
diff_amp_02063,MMTTRIIKKKTSFQKIVARIIGNLAVTSIKNYAH,AMP-Diffusion,0.48571428571428577,True
diff_amp_02064,RMRRGLRLRFRRSRRFPRRRPRFRRPRWRGLRRR,AMP-Diffusion,0.6779661016949151,True
diff_amp_02065,CMLFRNSQGCRVCPLVRPIQSIACVISTCVCKFQ,AMP-Diffusion,0.49230769230769234,True
diff_amp_02066,MMIEAIEKKIEAIEKKIEAIEELLQLTQEGIEQL,AMP-Diffusion,0.7466666666666666,True
diff_amp_02067,MMGLSLIKDALKRLYREIVRFSRERHDLLPYLPP,AMP-Diffusion,0.5,True
diff_amp_02068,CMSKCPKRKRCGVCLRCPKYQGVVYKLCKPKKYC,AMP-Diffusion,0.47887323943661975,True
diff_amp_02069,CMRDSCNIGRCKEKCRKIRKRVKIVCNELCVVHK,AMP-Diffusion,0.5352112676056338,True
diff_amp_02070,CMLERLRQDVFCRPDQLKCFSICKCDVRPRPATA,AMP-Diffusion,0.4666666666666666,True
diff_amp_02071,MMLWEVWRLIIFNMRSIYQNSIIQWQNPKWQLKP,AMP-Diffusion,0.48571428571428577,True
diff_amp_02072,MMRFGRHWRIGRGGFFVIGFLKDLAKKLVGKIPL,AMP-Diffusion,0.5084745762711864,True
diff_amp_02073,MMLFSLFKGAAKGILSGAGKGAVKGGAEAVAKKV,AMP-Diffusion,0.5915492957746479,True
diff_amp_02074,MMLRNFDTVTDGFEKIGRKFLRKWDRIQRINEAK,AMP-Diffusion,0.5423728813559322,True
diff_amp_02075,GMLGSLFRGVSKAGRGVLSNAGKGVGTGLLGGSS,AMP-Diffusion,0.5666666666666667,True
diff_amp_02076,MMWVIKWSGTIPVYLRHKGRRKFTIMMNYNNLNY,AMP-Diffusion,0.46376811594202894,True
diff_amp_02077,QMMKEIKQGIKELLLEQQLIVARIQQTLAWIQWQ,AMP-Diffusion,0.5066666666666666,True
diff_amp_02078,EMLKLFKRKFKEINEEIKRFFRRIKQRIKDLVPR,AMP-Diffusion,0.6176470588235294,True
diff_amp_02079,KKRLKRLRKFRNKTQEKFKKIGQKIKNLIRKLAP,AMP-Diffusion,0.704225352112676,True
diff_amp_02080,MMKGRRCKMRACGLQPKVERYGRSCPIESIIGHP,AMP-Diffusion,0.4761904761904761,True
diff_amp_02081,KKKKKKKKKKKKKKKKKKKKKKKKKKKKKKKKKK,AMP-Diffusion,0.7804878048780488,True
diff_amp_02082,GMWLDKLKKWVGKAGKEAGKVILKAGPDVLKLAK,AMP-Diffusion,0.5901639344262295,True
diff_amp_02083,EMISELKVLEDWPPDFVWEFKKQAIRLEKMKKWI,AMP-Diffusion,0.46376811594202894,True
diff_amp_02084,MMGFWSSVEDLIKEYFNKIKNKNNKQLGEKLAKL,AMP-Diffusion,0.5084745762711864,True
diff_amp_02085,MMWFKWILKEKGRNPLDDAIQAGIAAGVAVTGWT,AMP-Diffusion,0.5405405405405406,True
diff_amp_02086,MMFGLVLPSALSPFPSEELRSQGKKRKKKKNKKR,AMP-Diffusion,0.4918032786885246,True
diff_amp_02087,ERPLPKRLFKEKRRPFEKKKKRFLLFLWWRKSED,AMP-Diffusion,0.5396825396825398,True
diff_amp_02088,EMLKETAKRITERLNERIPKIGQRILEVFEKASR,AMP-Diffusion,0.5352112676056338,True
diff_amp_02089,MMDKSEIFKKRLDAFIKKWRDGESGLQPKASKIK,AMP-Diffusion,0.49122807017543857,True
diff_amp_02090,CMLGNCVRAFKCNVKKRESCKGNCSRNSKGVMTC,AMP-Diffusion,0.4590163934426229,True
diff_amp_02091,CMLRVCQSKGQCGNCFRKKCNGTEYVGGCCKNLK,AMP-Diffusion,0.47457627118644063,True
diff_amp_02092,EMGGKRLRKLKNKIRENLKKELKKIAVRILANLG,AMP-Diffusion,0.5714285714285714,True
diff_amp_02093,MMKKLKERMRRKNKLEKKILIGAVLLLPLSGLAT,AMP-Diffusion,0.6176470588235294,True
diff_amp_02094,MMRFRKFKKIGINIGKSLGKSIKKVIKSGAKFIP,AMP-Diffusion,0.5714285714285714,True
diff_amp_02095,EMLGRLEKKFKRFREEARKRISQKLADLVPFLAP,AMP-Diffusion,0.5263157894736843,True
diff_amp_02096,MMFRWSTFKGFEERPSDITRRINSFSHRLDNRVN,AMP-Diffusion,0.4666666666666666,True
diff_amp_02097,QMNIEAVQAQILRLVQLTQEQLRALKLLVDQQHQ,AMP-Diffusion,0.5757575757575757,True
diff_amp_02098,MMRTHIALAHLLERGKEREALIRHGLSHLANQLS,AMP-Diffusion,0.48275862068965514,True
diff_amp_02099,MMKKKLHAAIKCLQDGKAGSGKRSVRICKIIPQK,AMP-Diffusion,0.5070422535211268,True
diff_amp_02100,MMVKLLKKLGLVTVLAVI,AMP-Diffusion,0.7333333333333334,True
diff_amp_02101,MMLGKLFKGASKVLGKVF,AMP-Diffusion,0.6842105263157895,True
diff_amp_02102,RMRPPPRPRPLPRHPPPI,AMP-Diffusion,0.7272727272727273,True
diff_amp_02103,MMGKKKKTIGTFYILSNI,AMP-Diffusion,0.55,True
diff_amp_02104,MMLGVVFKKASKVFPAVF,AMP-Diffusion,0.8421052631578947,False
diff_amp_02105,MMRWRKIGKKWIKNWQKK,AMP-Diffusion,0.6666666666666667,True
diff_amp_02106,MMLAFLRQARLNTKKVFI,AMP-Diffusion,0.5806451612903225,True
diff_amp_02107,MGLLSLVSKLVSAVSGIV,AMP-Diffusion,0.6111111111111112,True
diff_amp_02108,MMFSIVKKVLNSIASLIN,AMP-Diffusion,0.5806451612903225,True
diff_amp_02109,MMLWWPWPRWTIWKRIPW,AMP-Diffusion,0.6111111111111112,True
diff_amp_02110,MMIKAFLKTAGKVAKNVY,AMP-Diffusion,0.6060606060606061,True
diff_amp_02111,MMLGIVGGIGGAYLAYVT,AMP-Diffusion,0.5454545454545454,True
diff_amp_02112,MMVIARLFRWFRFKRKIS,AMP-Diffusion,0.6,True
diff_amp_02113,MMLGKVFKAAVKLAGKVF,AMP-Diffusion,0.6842105263157895,True
diff_amp_02114,MMMLKNIRKLILDKQKKY,AMP-Diffusion,0.5806451612903225,True
diff_amp_02115,MMATKWGWMEKIAAGWIN,AMP-Diffusion,0.5294117647058824,True
diff_amp_02116,MMLKKLKAIPKFLKLFAF,AMP-Diffusion,0.6666666666666667,True
diff_amp_02117,CARPRRPRPPLPSRPPFP,AMP-Diffusion,0.7878787878787878,True
diff_amp_02118,CRWRWRRCRRPKGWWRPS,AMP-Diffusion,0.6666666666666667,True
diff_amp_02119,MMGKKRLRKTGKKIGKKL,AMP-Diffusion,0.6842105263157895,True
diff_amp_02120,MMLGAAFHRVLKEVSAAF,AMP-Diffusion,0.5333333333333333,True
diff_amp_02121,MMLGAVFKKVMPAVLHGA,AMP-Diffusion,0.5806451612903225,True
diff_amp_02122,RRRRLRRLLRRLQRRFRR,AMP-Diffusion,0.8235294117647058,False
diff_amp_02123,MMRFRRFVKKIIKKFIAV,AMP-Diffusion,0.625,True
diff_amp_02124,MMKFAVFAKGGVKRAPPL,AMP-Diffusion,0.5806451612903225,True
diff_amp_02125,MMKYKTFQLKLLRALSLL,AMP-Diffusion,0.6,True
diff_amp_02126,MMLLRLIRRIRRKVVSLL,AMP-Diffusion,0.6666666666666667,True
diff_amp_02127,MMRKPFFGPRRPFPVRPF,AMP-Diffusion,0.6285714285714286,True
diff_amp_02128,MKISKALKKASKKFKKAA,AMP-Diffusion,0.7058823529411764,True
diff_amp_02129,MGLGSALKAIGGLLCSVT,AMP-Diffusion,0.6451612903225806,True
diff_amp_02130,MMIFRVLRALPPASVRIV,AMP-Diffusion,0.6,True
diff_amp_02131,MGLFAVIKKAGVAVIRAV,AMP-Diffusion,0.7741935483870968,True
diff_amp_02132,MAFKKAFKKAFKKAFKKA,AMP-Diffusion,0.8,True
diff_amp_02133,MMKKLFKKIGKKAKKAII,AMP-Diffusion,0.7027027027027026,True
diff_amp_02134,MMRSYKPKFPASRGLPAL,AMP-Diffusion,0.5789473684210527,True
diff_amp_02135,MMSVRFLHGLTHRLRKRH,AMP-Diffusion,0.6111111111111112,True
diff_amp_02136,MMRGAAKYSVGPYVKPFY,AMP-Diffusion,0.5454545454545454,True
diff_amp_02137,MMRFLAIAKNPQFAKWIT,AMP-Diffusion,0.5333333333333333,True
diff_amp_02138,MMLIGKLVKIVGKVVKVI,AMP-Diffusion,0.625,True
diff_amp_02139,MMFKAAFKAAFKAAKAAF,AMP-Diffusion,0.75,True
diff_amp_02140,MMAAVLKKIGGKVGGLIG,AMP-Diffusion,0.6,True
diff_amp_02141,MMLKKFFKIASKVIPFVV,AMP-Diffusion,0.631578947368421,True
diff_amp_02142,MMFGALLGLASNVAGLLK,AMP-Diffusion,0.6875,True
diff_amp_02143,MMWRLYKKVARWITRWFR,AMP-Diffusion,0.6060606060606061,True
diff_amp_02144,CSPPPRPLPRRPPLRPFF,AMP-Diffusion,0.7096774193548387,True
diff_amp_02145,MMLTLVVALASKVVTALF,AMP-Diffusion,0.5853658536585367,True
diff_amp_02146,MMLHKWGRRGIWILVWWY,AMP-Diffusion,0.5294117647058824,True
diff_amp_02147,MMFRKCRVLILVNSKKAA,AMP-Diffusion,0.6111111111111112,True
diff_amp_02148,MFFFAFKAFFKVFKAFKA,AMP-Diffusion,0.7878787878787878,True
diff_amp_02149,MMLSLLPRLASYVGCSLL,AMP-Diffusion,0.5945945945945945,True
diff_amp_02150,CGICRCVCVRGICFCI,AMP-Diffusion,0.5714285714285714,True
diff_amp_02151,CGVCRCVCRRGVCRCV,AMP-Diffusion,0.8,True
diff_amp_02152,MMFGILFRLFKRLIKT,AMP-Diffusion,0.5925925925925926,True
diff_amp_02153,MMEKLFKKIKKVIKTF,AMP-Diffusion,0.6666666666666667,True
diff_amp_02154,MMLKALPKVLKLLKAI,AMP-Diffusion,0.6875,True
diff_amp_02155,MMNKQANTIIRTRHII,AMP-Diffusion,0.5294117647058824,True
diff_amp_02156,KMYYKKFLEKIKNLFK,AMP-Diffusion,0.6428571428571428,True
diff_amp_02157,MMRVGLWHRCAKRKLP,AMP-Diffusion,0.5925925925925926,True
diff_amp_02158,MMFLKKLINLTPHILK,AMP-Diffusion,0.5925925925925926,True
diff_amp_02159,GMLLKKLGKKLKKALK,AMP-Diffusion,0.8,True
diff_amp_02160,MMLSLQSRMAKYVRAA,AMP-Diffusion,0.5555555555555556,True
diff_amp_02161,KKKLKKLLKKLKKLLK,AMP-Diffusion,0.9333333333333332,False
diff_amp_02162,KKLLKKAGKKLKKALK,AMP-Diffusion,0.8,True
diff_amp_02163,MMILDTLKNLAKHAGK,AMP-Diffusion,0.6,True
diff_amp_02164,CMTDRLCYVARRFCAR,AMP-Diffusion,0.6428571428571428,True
diff_amp_02165,RMRIRRRIRRRIRPPF,AMP-Diffusion,0.7878787878787878,True
diff_amp_02166,MMLYLRGSKSFKGSCK,AMP-Diffusion,0.5714285714285714,True
diff_amp_02167,MMHKLKGKLKCLISVV,AMP-Diffusion,0.5517241379310345,True
diff_amp_02168,MGLLDVIRKVIRTAKV,AMP-Diffusion,0.6428571428571428,True
diff_amp_02169,KLKKLLKKLKKLKKLL,AMP-Diffusion,0.9090909090909091,False
diff_amp_02170,MMWAAVLGLARWIYKR,AMP-Diffusion,0.5925925925925926,True
diff_amp_02171,KMVLRKIIQKIKKRLK,AMP-Diffusion,0.6896551724137931,True
diff_amp_02172,MMWKKFFKRVKKVFKK,AMP-Diffusion,0.6666666666666667,True
diff_amp_02173,MMSILARRWILRYTYK,AMP-Diffusion,0.5555555555555556,True
diff_amp_02174,KKKFKKLIKLIKKLLK,AMP-Diffusion,0.8125,False
diff_amp_02175,MMLPHVLIWITRLGRR,AMP-Diffusion,0.5714285714285714,True
diff_amp_02176,KLKKLLKLLKKLLKLL,AMP-Diffusion,0.9411764705882352,False
diff_amp_02177,MMGPQRIRIHCRVQLS,AMP-Diffusion,0.5185185185185186,True
diff_amp_02178,MMGPSKKAFLIYLGHL,AMP-Diffusion,0.5925925925925926,True
diff_amp_02179,MMPWIKCRYKCGKNLG,AMP-Diffusion,0.5294117647058824,True
diff_amp_02180,KMRFKRKFGKLLKLLK,AMP-Diffusion,0.7407407407407408,True
diff_amp_02181,MMDFVRIVHWIIRHIR,AMP-Diffusion,0.5714285714285714,True
diff_amp_02182,MMSPLKTHLLKLGGGK,AMP-Diffusion,0.5882352941176471,True
diff_amp_02183,GGRPRPPPRPQPRPPR,AMP-Diffusion,0.7428571428571429,True
diff_amp_02184,MMRFKRFRKKIKNFLK,AMP-Diffusion,0.7096774193548387,True
diff_amp_02185,MMWWKRLLKKIGKVLQ,AMP-Diffusion,0.7096774193548387,True
diff_amp_02186,MMLKLLKFISKLLKLA,AMP-Diffusion,0.75,True
diff_amp_02187,KMLLKKFHQPFKRNLR,AMP-Diffusion,0.5925925925925926,True
diff_amp_02188,MFLVLLHRFLRFFKLL,AMP-Diffusion,0.6428571428571428,True
diff_amp_02189,ELLEVARRYQRRLRQL,AMP-Diffusion,0.6,True
diff_amp_02190,CMWRRYVCYRGICYRR,AMP-Diffusion,0.7272727272727273,True
diff_amp_02191,MMHGLRRLMRRLLKKK,AMP-Diffusion,0.6451612903225806,True
diff_amp_02192,MMHVFKILPSTLKGIK,AMP-Diffusion,0.5714285714285714,True
diff_amp_02193,MMNLRRIIRKIIHIIK,AMP-Diffusion,0.896551724137931,False
diff_amp_02194,CGVCRFVCRRGVCRFV,AMP-Diffusion,0.7333333333333334,True
diff_amp_02195,MMWKLASHFAHAGMLA,AMP-Diffusion,0.5517241379310345,True
diff_amp_02196,MMNLKKILKAVKKAAK,AMP-Diffusion,0.6666666666666667,True
diff_amp_02197,MMTKKKIRKAIKRIKK,AMP-Diffusion,0.6428571428571428,True
diff_amp_02198,GMAGRKRGRRPRRKGC,AMP-Diffusion,0.6896551724137931,True
diff_amp_02199,EKYLRKAIKKSLKSLK,AMP-Diffusion,0.6666666666666667,True
diff_amp_02200,MMLFKVMLKKTEKAGRKLVPIAKPVVKIVGTAA,AMP-Diffusion,0.5507246376811594,True
diff_amp_02201,AMALEALKRDIATYLEAVQAAIAAAQAVQEKLL,AMP-Diffusion,0.5352112676056338,True
diff_amp_02202,EMILEDVKKGIIPAAKKALRQIAKKVIGVNEAS,AMP-Diffusion,0.5263157894736843,True
diff_amp_02203,CMTDDCCCRRSFGREPEEGSCGICRRPLAFPYA,AMP-Diffusion,0.44067796610169496,True
diff_amp_02204,MMWKKLFKKAGKKLRKAVKVALPAAGAVVLGAA,AMP-Diffusion,0.5901639344262295,True
diff_amp_02205,CMLSCVCCCRRSFGQRLSSLWLTGLGTHKHVRR,AMP-Diffusion,0.4918032786885246,True
diff_amp_02206,MMRKGDEFIKKLNSKIKHKKVGKAMALKLADKI,AMP-Diffusion,0.5357142857142857,True
diff_amp_02207,MMRRTWVRLWSKNNPARLLVGLRRLSNKRQQRL,AMP-Diffusion,0.509090909090909,True
diff_amp_02208,KMKFPYPYLFPKWPPKYPPLPKFPPSKPWPWHF,AMP-Diffusion,0.6440677966101696,True
diff_amp_02209,CMKLRCWCLRKCGVFGCRRGRSMLRKGFRMKVW,AMP-Diffusion,0.53125,True
diff_amp_02210,MMVFKKIAKAGLKAGLGAAGKAGYQAVRVAGKN,AMP-Diffusion,0.5625,True
diff_amp_02211,MMPSKTLALEGKKRLLDHLKQAGKAALNLAVYA,AMP-Diffusion,0.5818181818181818,True
diff_amp_02212,MMRKPVFKLKRLGRGIAKAVEKIGARFKDLGKN,AMP-Diffusion,0.5428571428571429,True
diff_amp_02213,CMKCRGIYGRCKLCGKRERPLLNQREPPITCFM,AMP-Diffusion,0.5,True
diff_amp_02214,AMVQGATTRVFPQYAHTIMKAFRNAWVDYAKYH,AMP-Diffusion,0.4590163934426229,True
diff_amp_02215,EIKKEIEKKIEAIEKKIEAIEKKIEAIEQLQLQ,AMP-Diffusion,0.8070175438596492,False
diff_amp_02216,MMIFKGFGKVIEKVFKGAGKRIADTAAGVLGQG,AMP-Diffusion,0.5294117647058824,True
diff_amp_02217,MMRFSNPRKKNMRRSLKNKRRRGMRPSSLQNWR,AMP-Diffusion,0.5862068965517242,True
diff_amp_02218,CMQIRCTRNRNCVSGRLRRNVSRCNNGFICYCV,AMP-Diffusion,0.4838709677419355,True
diff_amp_02219,MMDFLRFFWRLVRRPGRIDRDFGKREKLQPKLR,AMP-Diffusion,0.509090909090909,True
diff_amp_02220,MMWGKTIQSKIEEAGKRILEQAKQIGIELAKAA,AMP-Diffusion,0.6,True
diff_amp_02221,MMKKFFKKIKKKLKNIRNGVGAGTKVVSVVAGV,AMP-Diffusion,0.5666666666666667,True
diff_amp_02222,MMRSVLGERGCLALKLKIEGKGKRKRNKRNRTR,AMP-Diffusion,0.5263157894736843,True
diff_amp_02223,MMVDISRAKSLGKIHSRLARKINRGFGKLCAAM,AMP-Diffusion,0.5172413793103448,True
diff_amp_02224,MMITGLTKKAIEKHLAKRQLNIARKRGWFCRNL,AMP-Diffusion,0.5172413793103448,True
diff_amp_02225,KMIGRWRKLRLRKKRKNFKKIGKPLAKIVKFIP,AMP-Diffusion,0.6666666666666667,True
diff_amp_02226,MMIGKKLKNVGKKIGRRVFGAAKNGLPLALDAA,AMP-Diffusion,0.6363636363636364,True
diff_amp_02227,PMRRPPPRPPPRPPPPPPPPRPPPFPRPPPFPP,AMP-Diffusion,0.7323943661971832,True
diff_amp_02228,MMKKRKKKNVVGLKKRMRKKNNAQRKPEVVVSL,AMP-Diffusion,0.5396825396825398,True
diff_amp_02229,MGLWEKILQKVGGAAKKILGQAGKDFVDFVKQK,AMP-Diffusion,0.5862068965517242,True
diff_amp_02230,CMRRRLRGCRCLRVFTGTCARNVLVRMHFLRCR,AMP-Diffusion,0.509090909090909,True
diff_amp_02231,CMSCLRIVCKCRTGFHRLNSCMKCLVKYIYACV,AMP-Diffusion,0.47272727272727283,True
diff_amp_02232,MMCGGGGKGICSRYQHLAEKIIKTILINGLKTH,AMP-Diffusion,0.48275862068965514,True
diff_amp_02233,MMGTCCVRFYACRKCERFGVALSGRKNGLCRIF,AMP-Diffusion,0.4642857142857143,True
diff_amp_02234,KFKKFKKFKKKFKKKFKKKFKKFKKFKKKFKKF,AMP-Diffusion,0.9206349206349206,False
diff_amp_02235,MMKGKERRKRRRKSGGKEKKKRILMKRNIKNKR,AMP-Diffusion,0.5714285714285714,True
diff_amp_02236,MMLFKKDGEKVVGGIIGVGLGIANFIKHTASLI,AMP-Diffusion,0.5428571428571429,True
diff_amp_02237,EMLRKRFRKLRRKFKEKIGKRLKPNLEPLAILL,AMP-Diffusion,0.5846153846153845,True
diff_amp_02238,EMRLLIGGIEAIIQEIKLLLEKIQKELEEIKQL,AMP-Diffusion,0.5538461538461539,True
diff_amp_02239,MMRVKINFPRDYVHIAKKFGVTKFKAKKMDKRH,AMP-Diffusion,0.4642857142857143,True
diff_amp_02240,EMWFLWKSRRDTVELFKKDYLDIRDELRSKLSR,AMP-Diffusion,0.509090909090909,True
diff_amp_02241,CMFCCKISRSTFMRFLLFPLGPPNVVPCTLKLT,AMP-Diffusion,0.5172413793103448,True
diff_amp_02242,KKKKKKKKKKKKKKKKKKKKKKVGVFFFLLFFL,AMP-Diffusion,0.6885245901639344,True
diff_amp_02243,MMKWLKKAKKLGERAGRIAGKALNAVANQVSTA,AMP-Diffusion,0.5675675675675675,True
diff_amp_02244,MMLGRLFRKILQKVARTVGKRLVPIISAVPRIK,AMP-Diffusion,0.5357142857142857,True
diff_amp_02245,MMIRGVKRIGRLKAGKESLGKSAIPGVAGLAII,AMP-Diffusion,0.5333333333333333,True
diff_amp_02246,AMSRVRQARKKLRWLILKGIQAGKAAVQGLASK,AMP-Diffusion,0.5454545454545454,True
diff_amp_02247,QMNLVKEVQELLKKAKYDTLYEIDQELQKLQLR,AMP-Diffusion,0.5172413793103448,True
diff_amp_02248,CMSGKCRKCRLLLCNRSVRMVKTCHFECVYLKV,AMP-Diffusion,0.4666666666666666,True
diff_amp_02249,MMTYVCVRCRLIGRCGRRRRGIPGNGGKLLYKC,AMP-Diffusion,0.4666666666666666,True
diff_amp_02250,RMVWRRLRRAWRRWLAL,AMP-Diffusion,0.6896551724137931,True
diff_amp_02251,MMWLARQRRDRRTLRAH,AMP-Diffusion,0.5714285714285714,True
diff_amp_02252,GGILDTAKKTAKGVLQD,AMP-Diffusion,0.6206896551724138,True
diff_amp_02253,MGLGAFAKAIALGAAKL,AMP-Diffusion,0.6666666666666667,True
diff_amp_02254,MMKWARYMMLLAKKQAR,AMP-Diffusion,0.5806451612903225,True
diff_amp_02255,MMLKSLLKAALKILASA,AMP-Diffusion,0.6666666666666667,True
diff_amp_02256,MMRIGRFLRHTIKRLLK,AMP-Diffusion,0.6875,True
diff_amp_02257,RMWRRLLRRVIRLKAKH,AMP-Diffusion,0.6666666666666667,True
diff_amp_02258,MMVRGVFRLKTPVKKIL,AMP-Diffusion,0.6060606060606061,True
diff_amp_02259,MMSHHFVHGLTSVTKSI,AMP-Diffusion,0.5517241379310345,True
diff_amp_02260,MPIRPPRFLPKIPRYIP,AMP-Diffusion,0.6470588235294117,True
diff_amp_02261,MGVLNFAKKIGKALGSV,AMP-Diffusion,0.6486486486486487,True
diff_amp_02262,RMQLLRQFGRLVRLLRQ,AMP-Diffusion,0.6896551724137931,True
diff_amp_02263,MMKKAFKKLFSIAKKIL,AMP-Diffusion,0.6486486486486487,True
diff_amp_02264,MGLWEKALKTVGAALKK,AMP-Diffusion,0.631578947368421,True
diff_amp_02265,MMRVSAFVLRSRRPAVG,AMP-Diffusion,0.5555555555555556,True
diff_amp_02266,MMKYKNFCARMLGKRAL,AMP-Diffusion,0.6206896551724138,True
diff_amp_02267,MMEKEIEQKYFEAILRE,AMP-Diffusion,0.5333333333333333,True
diff_amp_02268,MMPLKFPRKTGRVSASV,AMP-Diffusion,0.5806451612903225,True
diff_amp_02269,MMDRRRGWIALRYRALA,AMP-Diffusion,0.625,True
diff_amp_02270,MMNLRRRIRKIIHIIIK,AMP-Diffusion,0.8,True
diff_amp_02271,MMLGMILHAGSGILSFL,AMP-Diffusion,0.6285714285714286,True
diff_amp_02272,KMINRLIRIALKLLKKL,AMP-Diffusion,0.6896551724137931,True
diff_amp_02273,MMLGLAIPLASGIGSLA,AMP-Diffusion,0.6470588235294117,True
diff_amp_02274,MMLWGKIFKGLMKGVGS,AMP-Diffusion,0.5806451612903225,True
diff_amp_02275,MMGVRWRTRGGYLVRPR,AMP-Diffusion,0.6206896551724138,True
diff_amp_02276,MMLGKVLKIAGKAILAG,AMP-Diffusion,0.631578947368421,True
diff_amp_02277,MMHKLRRWGLLDFPDAK,AMP-Diffusion,0.5806451612903225,True
diff_amp_02278,MALISPIAGVAGNVASG,AMP-Diffusion,0.5806451612903225,True
diff_amp_02279,KKLLKLLLKLLLKLLLL,AMP-Diffusion,0.875,False
diff_amp_02280,MMLGGLLSSAAGAVGAL,AMP-Diffusion,0.6060606060606061,True
diff_amp_02281,MMALKSIAKKLYAAIKK,AMP-Diffusion,0.6206896551724138,True
diff_amp_02282,KKGGKFKWKGLKKGFKF,AMP-Diffusion,0.7058823529411764,True
diff_amp_02283,MGIFDIFKALRGFVAAA,AMP-Diffusion,0.6451612903225806,True
diff_amp_02284,MMRKFVKKLKKIFRRIR,AMP-Diffusion,0.6206896551724138,True
diff_amp_02285,MMEKTKKKKKKKKKLTA,AMP-Diffusion,0.6896551724137931,True
diff_amp_02286,MKKTALKKAVSSVSAIK,AMP-Diffusion,0.5714285714285714,True
diff_amp_02287,MMIHRIIFRLIRFVHKI,AMP-Diffusion,0.6206896551724138,True
diff_amp_02288,MMLYRLIERLIATLQED,AMP-Diffusion,0.5806451612903225,True
diff_amp_02289,MMVYNHLHRAIATELQK,AMP-Diffusion,0.5405405405405406,True
diff_amp_02290,MGIGPGMGMSGLGLGKG,AMP-Diffusion,0.631578947368421,True
diff_amp_02291,MMFFRRITRAIKKAIKE,AMP-Diffusion,0.6060606060606061,True
diff_amp_02292,MMKYKKLFKKVLNSTKA,AMP-Diffusion,0.6206896551724138,True
diff_amp_02293,MMLCAASRLISNGIKMS,AMP-Diffusion,0.5517241379310345,True
diff_amp_02294,MMPKKPIQNPPTPHPPH,AMP-Diffusion,0.5806451612903225,True
diff_amp_02295,MMVRAVRKMVKRLLKQW,AMP-Diffusion,0.5625,True
diff_amp_02296,MMFQLVKNLIRRILKRL,AMP-Diffusion,0.5806451612903225,True
diff_amp_02297,MMLFAKLLKSITGVANA,AMP-Diffusion,0.5806451612903225,True
diff_amp_02298,MMGKVFPKRKWKKIFQA,AMP-Diffusion,0.5625,True
diff_amp_02299,CRPRRPRPRPRPRIPRP,AMP-Diffusion,0.8235294117647058,False
diff_amp_02300,AMALTVEAVKELKKLGMLLQIQLQRWKGG,AMP-Diffusion,0.5185185185185186,True
diff_amp_02301,MMRFSRKFYRWKSMFLQQRIIRIIQSIGN,AMP-Diffusion,0.48,True
diff_amp_02302,MMLLKRFRKFAKKQIAKLSQKIRAAFPVI,AMP-Diffusion,0.56,True
diff_amp_02303,MMRINTVKSVWRIIKALRDVIGAGKKRQG,AMP-Diffusion,0.5306122448979591,True
diff_amp_02304,MMNLSAIKGKLNVITGKMLQQIKKILAGQ,AMP-Diffusion,0.5185185185185186,True
diff_amp_02305,MMKFSKIKKKLKKKAKKLKTLAKVGPLIL,AMP-Diffusion,0.6538461538461539,True
diff_amp_02306,MMILGTLKSGAGKVGKDLAKQILPHEAGS,AMP-Diffusion,0.5769230769230769,True
diff_amp_02307,MMPFVKATARYIAGIIRKLDERQKALKGG,AMP-Diffusion,0.5660377358490566,True
diff_amp_02308,MMIKRFFRKIGSKIKKAGRKIRRNIKEIA,AMP-Diffusion,0.5882352941176471,True
diff_amp_02309,EMAIQKAFKKILKEAKKVGRELLKKIGRG,AMP-Diffusion,0.5384615384615384,True
diff_amp_02310,MMWQRFNIKNFRSFNNPQQSARNRFIIRS,AMP-Diffusion,0.5,True
diff_amp_02311,MMWKKFKKPFGKEAIKLDLGKAIAAGLEA,AMP-Diffusion,0.5714285714285714,True
diff_amp_02312,GGLWSQLKEVAKNTAVGLLGKAAGKLEGG,AMP-Diffusion,0.5925925925925926,True
diff_amp_02313,MMWNRFFQRGLNKINQRIRTIIQAGIQVI,AMP-Diffusion,0.5,True
diff_amp_02314,MGFLSTVKDLFKGAGKDLISQGWKKFLGA,AMP-Diffusion,0.5714285714285714,True
diff_amp_02315,GGLLDTLTNAAKKVVQGILGQLKGKKKKC,AMP-Diffusion,0.5964912280701755,True
diff_amp_02316,MMLFRGITKKLANKLKKIGQILSNCQCKV,AMP-Diffusion,0.56,True
diff_amp_02317,GMLLFSLLIGAAKSAVGLALELLEKLFGC,AMP-Diffusion,0.6,True
diff_amp_02318,MMRRSKRIKGRLRRVIAYGKDDLFNAFSK,AMP-Diffusion,0.5490196078431373,True
diff_amp_02319,MGWWSSIKNFAKKAVKAGGKQLWHAIAEH,AMP-Diffusion,0.5573770491803278,True
diff_amp_02320,MMRFGVSIACGWELVLRVIRHKLTRAGSD,AMP-Diffusion,0.4897959183673469,True
diff_amp_02321,MMRFGKGKWKRLERLAGRLDTGYCINIGL,AMP-Diffusion,0.5384615384615384,True
diff_amp_02322,MMLYSIIPNETVINSLNKKLKRKAAIIKK,AMP-Diffusion,0.5357142857142857,True
diff_amp_02323,CMICECYKGICRGLTRLVAGCLGQKHRLG,AMP-Diffusion,0.4897959183673469,True
diff_amp_02324,CMCTCRLTKYCRRWKGLREMCRRSGGYLL,AMP-Diffusion,0.5172413793103448,True
diff_amp_02325,MMNFFKKISGRGFGAASSAPVNIRIGRAF,AMP-Diffusion,0.5333333333333333,True
diff_amp_02326,MMVGKIIKGALKVGKTVGSAIKQGYKAIR,AMP-Diffusion,0.576271186440678,True
diff_amp_02327,MMLFERLKEKIKEKLKEKFKRIVQDLVRN,AMP-Diffusion,0.6545454545454545,True
diff_amp_02328,MGLWSVFKGKLGAAGKGLAKEAGQAVANA,AMP-Diffusion,0.6296296296296297,True
diff_amp_02329,GGLWGSLLGALKDTVKGAVKGAVLDALSQ,AMP-Diffusion,0.6428571428571428,True
diff_amp_02330,MMKFKRIRKAIRKAFKFIRNPVRDLQKLV,AMP-Diffusion,0.5517241379310345,True
diff_amp_02331,MMKKNLWQFVHGVGKALLGILNQIVKGIA,AMP-Diffusion,0.52,True
diff_amp_02332,GMLASLFKGVGKSLFKGALKIGKKVGKIK,AMP-Diffusion,0.6071428571428572,True
diff_amp_02333,GGIGGTVKGVGKKILRKILDKIKGKLGGG,AMP-Diffusion,0.5769230769230769,True
diff_amp_02334,MMLFSILNEVAKKIGKLFVGIKTIKNGLN,AMP-Diffusion,0.5666666666666667,True
diff_amp_02335,MGWKSWIKKKLKAAVKGGKKELPKVGLKA,AMP-Diffusion,0.5882352941176471,True
diff_amp_02336,MMIWKTWLQKILKAGALLKRGKKLLQKGR,AMP-Diffusion,0.6,True
diff_amp_02337,CMCDTCCRRSKRGLWTIRIFGRRHPKFVW,AMP-Diffusion,0.5,True
diff_amp_02338,MFRRLFFRLFFRFPFFLFGLFFFPFFISF,AMP-Diffusion,0.5306122448979591,True
diff_amp_02339,MMRISLTDEIAQIFKRTKQELEKARSEIL,AMP-Diffusion,0.5,True
diff_amp_02340,MMLSAVMASIAGAAGFSALKGLFGKIFDS,AMP-Diffusion,0.5660377358490566,True
diff_amp_02341,EMLEIPETIQKIQSAQQKIKEGIELAILS,AMP-Diffusion,0.5185185185185186,True
diff_amp_02342,GRWARRLVRGIGRRIARGLARGIGRGIRR,AMP-Diffusion,0.6,True
diff_amp_02343,MMLFPILAVVAANFPGLVCNIAKCQRSGG,AMP-Diffusion,0.5769230769230769,True
diff_amp_02344,CMFIPGAFCIGYKTCMSNALCDSCRKKKK,AMP-Diffusion,0.49056603773584906,True
diff_amp_02345,MGLWSKIASGVGKAIGGALKALKGAMAQQ,AMP-Diffusion,0.6206896551724138,True
diff_amp_02346,MMRCFYFRGGARPLKLGVSIQINSGCFVL,AMP-Diffusion,0.49056603773584906,True
diff_amp_02347,EMKITRWVKKRGGRILRDASKKVKDGLDY,AMP-Diffusion,0.5,True
diff_amp_02348,MMFFTLVKGRLKDLAKDLLNSIKCCFGGG,AMP-Diffusion,0.5283018867924528,True
diff_amp_02349,MMILSTLKNVVKKVAGGAVLSILKGKLSG,AMP-Diffusion,0.5806451612903225,True
diff_amp_02350,GGAVSSLGKGVLKAGKEAVKGLANP,AMP-Diffusion,0.64,True
diff_amp_02351,MMLGGLLKIGKFILPGIHHLFGELI,AMP-Diffusion,0.5416666666666667,True
diff_amp_02352,MMALSTLKKSALKALKKAGLKALQA,AMP-Diffusion,0.7391304347826086,True
diff_amp_02353,MMGLLTILALLALALAFLALFLRKK,AMP-Diffusion,0.7083333333333333,True
diff_amp_02354,MMIWDTLKKLTKGVIKQLLDSAVQG,AMP-Diffusion,0.5490196078431373,True
diff_amp_02355,MMIVEIGRSNSRNMGKIKAWRIWAL,AMP-Diffusion,0.5238095238095238,True
diff_amp_02356,MMWLRAWKRSLSRYRGLSGAIQITA,AMP-Diffusion,0.5,True
diff_amp_02357,MMKKSKRHWKLRVGPWYLGKPLKRA,AMP-Diffusion,0.5333333333333333,True
diff_amp_02358,MMWKLLKKIGAFALPGIGLLGKVLG,AMP-Diffusion,0.6222222222222222,True
diff_amp_02359,MMTISKLLKWTLRKFPKVRLRAYAT,AMP-Diffusion,0.5454545454545454,True
diff_amp_02360,MMIRWAIPWIIRRLARRRILRRGLE,AMP-Diffusion,0.5777777777777777,True
diff_amp_02361,MMAWKTLWAAAIKNKWHRAMKMAKA,AMP-Diffusion,0.6086956521739131,True
diff_amp_02362,MMFLRTLIKGFGKIAKKAIGKVLSK,AMP-Diffusion,0.6222222222222222,True
diff_amp_02363,MMKWLEKLKGKVADGLGKLLDVVAG,AMP-Diffusion,0.6086956521739131,True
diff_amp_02364,MMWKTFLKLAGKVLPFGLTTISAPK,AMP-Diffusion,0.5581395348837209,True
diff_amp_02365,AMWKSRLRKKLRAAAKKVVQQLAAP,AMP-Diffusion,0.6037735849056604,True
diff_amp_02366,MMVAKFLAKFFAAAKKFLKKFLKIA,AMP-Diffusion,0.625,True
diff_amp_02367,KMLKKLLKRWPLKKLLKKLLKLLKK,AMP-Diffusion,0.8163265306122449,False
diff_amp_02368,CPRLPRPPRLPRLPRPRPRPRLPRL,AMP-Diffusion,0.8085106382978724,False
diff_amp_02369,MMIFTLQRTIRNLARVSRHCRSYLA,AMP-Diffusion,0.5116279069767442,True
diff_amp_02370,MMIARILGLLTTALPGHKLFQRIRR,AMP-Diffusion,0.5777777777777777,True
diff_amp_02371,RMLERWLKRKAKHTYKRYLRKWKAW,AMP-Diffusion,0.6190476190476191,True
diff_amp_02372,GGILDWLKNAGKAVGKVALGLLNNG,AMP-Diffusion,0.6521739130434783,True
diff_amp_02373,MMWKLMKKLEEEVLRIPTTVLGPLL,AMP-Diffusion,0.5454545454545454,True
diff_amp_02374,MMAASKTIKKAAKTVLKTIAKAAIA,AMP-Diffusion,0.6122448979591837,True
diff_amp_02375,GMGLKKLLKSFSKKKKSGAKGLGPG,AMP-Diffusion,0.6046511627906976,True
diff_amp_02376,MMFQLSHLFNKGKIITVVRCLVRKK,AMP-Diffusion,0.5238095238095238,True
diff_amp_02377,MMLFPLIKIAASALPSLFKLASRQA,AMP-Diffusion,0.5652173913043479,True
diff_amp_02378,MMIDGAQTKLALRVPKKKQQIKRAA,AMP-Diffusion,0.5333333333333333,True
diff_amp_02379,MMLKSFIKGAAKIVAVLTTPGKALG,AMP-Diffusion,0.6222222222222222,True
diff_amp_02380,MMWGAFAIHAFKALFKVGHAAQRRR,AMP-Diffusion,0.5416666666666667,True
diff_amp_02381,MMWLKSTTLGSKIGKLLRRYFQNWR,AMP-Diffusion,0.5454545454545454,True
diff_amp_02382,MMLGDVLKKVFKTVGKGALIKGLAA,AMP-Diffusion,0.5833333333333333,True
diff_amp_02383,GGFLDSVGKDFFKGAKGVLKNFIEG,AMP-Diffusion,0.6222222222222222,True
diff_amp_02384,MMFTGKFFKHIGKSLKAFGPRIVQG,AMP-Diffusion,0.5531914893617021,True
diff_amp_02385,MGLWAAFLKAAKTVLKKVGPAIVSS,AMP-Diffusion,0.5882352941176471,True
diff_amp_02386,GMIGGLLANVFKAAGGGLLNELAKT,AMP-Diffusion,0.6,True
diff_amp_02387,KMLELLLLLALLALALKLALKLLKK,AMP-Diffusion,0.7659574468085107,True
diff_amp_02388,MMGLRREAHMKWNVKMRKVFGAASK,AMP-Diffusion,0.5116279069767442,True
diff_amp_02389,GGIWDTVKQFLKGAGKAIVGGVLNS,AMP-Diffusion,0.6538461538461539,True
diff_amp_02390,MMVQNINSFALTGYNMVAHIAKGYC,AMP-Diffusion,0.5,True
diff_amp_02391,MMFHHIGHAIHSAGKAISRLGHRLR,AMP-Diffusion,0.6521739130434783,True
diff_amp_02392,MMAIGRLRRYLGKRLIRGGWIIAII,AMP-Diffusion,0.5384615384615384,True
diff_amp_02393,MGLWTFLKGAGMGLKLAGSLGMGIK,AMP-Diffusion,0.5833333333333333,True
diff_amp_02394,KMKKLPKWLKKLPKKFPKKSPKKLL,AMP-Diffusion,0.68,True
diff_amp_02395,MMWKWKSFGKGIAAKAITHWGLALA,AMP-Diffusion,0.5714285714285714,True
diff_amp_02396,MMFGGIKKSFEKFKRIFRKFKRNFQ,AMP-Diffusion,0.5777777777777777,True
diff_amp_02397,MMTLAKFKRKVGKALKKVLQGAPKA,AMP-Diffusion,0.6153846153846154,True
diff_amp_02398,MMKWKKFLASIKNSGKGALPGAANI,AMP-Diffusion,0.5882352941176471,True
diff_amp_02399,MMVAGVLSIVTGAVGAGVNIYRAKK,AMP-Diffusion,0.5909090909090908,True
diff_amp_02400,MMVWEVVRRGRAAIRRIPRTVQGVG,AMP-Diffusion,0.5660377358490566,True
diff_amp_02401,MGLWSKIKDTVGAAAKGAGAAVAEG,AMP-Diffusion,0.72,True
diff_amp_02402,MMLKQLIAVAKRLKARIAKIRAKLA,AMP-Diffusion,0.6222222222222222,True
diff_amp_02403,MMWGKKILSGAKVAIKGVTAAAAAP,AMP-Diffusion,0.5777777777777777,True
diff_amp_02404,MMLGKFLGKLAAVSTGKLAKEGINQ,AMP-Diffusion,0.6,True
diff_amp_02405,MPYTTRPTYGPTPHPIPRPIGPRYR,AMP-Diffusion,0.5957446808510638,True
diff_amp_02406,MMLKKFLRKVKQYIGRGQKRIVKAL,AMP-Diffusion,0.5652173913043479,True
diff_amp_02407,MGLVSIFKGAIGAALKGVALDMLEK,AMP-Diffusion,0.6206896551724138,True
diff_amp_02408,MGFGSVLASLAKKGVSSLVGKVAES,AMP-Diffusion,0.6190476190476191,True
diff_amp_02409,GGKPRPQPQPLRQPRPPRGPVHPRP,AMP-Diffusion,0.7142857142857143,True
diff_amp_02410,MKLAKKLARKIGKKLGRKFGKIARK,AMP-Diffusion,0.6818181818181819,True
diff_amp_02411,MMLKFLDKVVQGVWNLIRHLLFKLT,AMP-Diffusion,0.5238095238095238,True
diff_amp_02412,MGWVLVHPRHWLYQLKQLAAKVPPQ,AMP-Diffusion,0.5384615384615384,True
diff_amp_02413,MMIKSMLKRLALLAGRLTVLNPILA,AMP-Diffusion,0.5333333333333333,True
diff_amp_02414,MMKKWLKTLARKAKLAAKGLKRAAG,AMP-Diffusion,0.6521739130434783,True
diff_amp_02415,MMPAVKKFFQKVGRKIKRIAKAAGP,AMP-Diffusion,0.5531914893617021,True
diff_amp_02416,AMEETLARLRATIEALRRAVRAALK,AMP-Diffusion,0.5777777777777777,True
diff_amp_02417,RMSTRWGLLARGFGRGLTRLLQRLA,AMP-Diffusion,0.5909090909090908,True
diff_amp_02418,MMIKDTIKQLLKTAAPIIKGKISST,AMP-Diffusion,0.5283018867924528,True
diff_amp_02419,EMIRPALASFGGRILKELKAELRPK,AMP-Diffusion,0.5333333333333333,True
diff_amp_02420,MMRFSKLYKRTTRAKCKKNARKCAL,AMP-Diffusion,0.5238095238095238,True
diff_amp_02421,MMIGISFLHSAKVLAHKFAHLLNKL,AMP-Diffusion,0.5777777777777777,True
diff_amp_02422,MMIKTFIKIFLSAAKKVPPTVLTFA,AMP-Diffusion,0.56,True
diff_amp_02423,MMKGFFSKLEKLADKIASLVNKVKS,AMP-Diffusion,0.5909090909090908,True
diff_amp_02424,GGLAGVLGKFVGGAGKDMLENKLSP,AMP-Diffusion,0.6222222222222222,True
diff_amp_02425,KMLKLALKALLKLLKKLLKLALKAL,AMP-Diffusion,0.8085106382978724,False
diff_amp_02426,MMWMTKKRFKLAKVGLADIVALENA,AMP-Diffusion,0.5769230769230769,True
diff_amp_02427,MMWKLFKKGFKSAANVARIARHGAK,AMP-Diffusion,0.6382978723404256,True
diff_amp_02428,MMLKTIAKTLIGKTAKKVANKIANA,AMP-Diffusion,0.6190476190476191,True
diff_amp_02429,MMWKEFAKTIKSVGKQFAKAIALAT,AMP-Diffusion,0.5652173913043479,True
diff_amp_02430,MGIKDAIKGAAKGVLGAIKDALKGI,AMP-Diffusion,0.6382978723404256,True
diff_amp_02431,MMSAGKINLVAKKAKILVKAKLNAT,AMP-Diffusion,0.6222222222222222,True
diff_amp_02432,MMIGSTIKNALKGIAILGALAKALH,AMP-Diffusion,0.6222222222222222,True
diff_amp_02433,RMLLLRLRYRLLRKKIGYWYRKVPG,AMP-Diffusion,0.6046511627906976,True
diff_amp_02434,MMWFDLIKKGGKALMAIGLGLAAQP,AMP-Diffusion,0.5769230769230769,True
diff_amp_02435,MMIMNLLRSAAKVGVGLLTLSCLKK,AMP-Diffusion,0.5306122448979591,True
diff_amp_02436,MMMQKWKNMLKSVAKTMLNAAVLAL,AMP-Diffusion,0.5454545454545454,True
diff_amp_02437,EMRRRSLRKKLKGKLKKYAQKLKDL,AMP-Diffusion,0.6190476190476191,True
diff_amp_02438,MMWSGPALALGAALALGTLISAGLH,AMP-Diffusion,0.5777777777777777,True
diff_amp_02439,MMVLSFLGKGLTIALKKTGKSFASA,AMP-Diffusion,0.5333333333333333,True
diff_amp_02440,MMLGTFLGKALKMGAALVKDAIHSY,AMP-Diffusion,0.6153846153846154,True
diff_amp_02441,MMGAALLQGKAALAALKKGLGALKG,AMP-Diffusion,0.6545454545454545,True
diff_amp_02442,MMIPGLFAALPKVGKKIGSAVAKAI,AMP-Diffusion,0.5777777777777777,True
diff_amp_02443,MMWSWLLKIGRTAAGALPTALTTLL,AMP-Diffusion,0.5581395348837209,True
diff_amp_02444,ATLATAATAATALLTALTTAAAAVL,AMP-Diffusion,0.7169811320754718,True
diff_amp_02445,MMLRSKTLRKTFRRMKKGYKLRPAI,AMP-Diffusion,0.5777777777777777,True
diff_amp_02446,MMVSSFLKLFSKAFKTLPSTVSKLI,AMP-Diffusion,0.6046511627906976,True
diff_amp_02447,MGIFSVLKSFAKGAAKTVGQELLGK,AMP-Diffusion,0.6818181818181819,True
diff_amp_02448,MMGSWLFKMGWLKALKKGGLQAISH,AMP-Diffusion,0.5483870967741935,True
diff_amp_02449,MMFFRRFHGHVFVGKTTVGLKTIFQ,AMP-Diffusion,0.5333333333333333,True
diff_amp_02450,MMFPKLLPTAIKAL,AMP-Diffusion,0.6153846153846154,True
diff_amp_02451,CMLRFIVCWRWSIL,AMP-Diffusion,0.5714285714285714,True
diff_amp_02452,GMIGPALGKVLGGI,AMP-Diffusion,0.6451612903225806,True
diff_amp_02453,MGKLVDIIASVVKK,AMP-Diffusion,0.6206896551724138,True
diff_amp_02454,MKVLSIIKKVSIVN,AMP-Diffusion,0.6,True
diff_amp_02455,MMYVWYRRKYRRKS,AMP-Diffusion,0.6428571428571428,True
diff_amp_02456,MGLFDIIKRVLSTG,AMP-Diffusion,0.7692307692307692,True
diff_amp_02457,RRWKKWLLKRWLLL,AMP-Diffusion,0.7692307692307692,True
diff_amp_02458,MMGGKKFWKRVKKV,AMP-Diffusion,0.6153846153846154,True
diff_amp_02459,RMRRRPRRPRPRRP,AMP-Diffusion,0.8,True
diff_amp_02460,MMAFTKLGKKIISG,AMP-Diffusion,0.5925925925925926,True
diff_amp_02461,CPNPRPPYPRPPHP,AMP-Diffusion,0.7586206896551724,True
diff_amp_02462,MMRPRPKPIKKRPR,AMP-Diffusion,0.6896551724137931,True
diff_amp_02463,GGLGDLVKKVASVV,AMP-Diffusion,0.7692307692307692,True
diff_amp_02464,CMRGRCKLWKKRMT,AMP-Diffusion,0.5925925925925926,True
diff_amp_02465,MMLKLIKKIKAVLK,AMP-Diffusion,0.72,True
diff_amp_02466,MMKKLAKKLKKLLK,AMP-Diffusion,0.8,True
diff_amp_02467,MMLRPWWPWWWWWP,AMP-Diffusion,0.6923076923076923,True
diff_amp_02468,GRPRRPPPPRPRPR,AMP-Diffusion,0.8,True
diff_amp_02469,CRRPRRPRPRLPRP,AMP-Diffusion,0.814814814814815,False
diff_amp_02470,KKLLKLLKLLKKLL,AMP-Diffusion,0.9032258064516128,False
diff_amp_02471,MMLSSVISAVGGLV,AMP-Diffusion,0.5925925925925926,True
diff_amp_02473,KLKLLLKLLKKLLL,AMP-Diffusion,0.8888888888888888,False
diff_amp_02474,KKGLLKKLLKKGLK,AMP-Diffusion,0.8461538461538461,False
diff_amp_02475,CLRPRPQPPLPRPR,AMP-Diffusion,0.6896551724137931,True
diff_amp_02476,MMLAVGILKWAGPV,AMP-Diffusion,0.56,True
diff_amp_02477,MMNKLFKKIKAVIK,AMP-Diffusion,0.6923076923076923,True
diff_amp_02478,RMRPKPRPPLRPKP,AMP-Diffusion,0.7333333333333334,True
diff_amp_02479,MMLPMIPGIIGMIG,AMP-Diffusion,0.5714285714285714,True
diff_amp_02480,MMARRLRPAIRPII,AMP-Diffusion,0.5833333333333333,True
diff_amp_02481,MMKQLGFRGKGVHI,AMP-Diffusion,0.5384615384615384,True
diff_amp_02482,MMFSLIPKMASGIL,AMP-Diffusion,0.6060606060606061,True
diff_amp_02483,MMRRRWVWWWMKWI,AMP-Diffusion,0.6666666666666667,True
diff_amp_02484,MMGKLGKVGKLGRV,AMP-Diffusion,0.6923076923076923,True
diff_amp_02485,MMNVRKILRKIVRN,AMP-Diffusion,0.6153846153846154,True
diff_amp_02486,MMLKTFKKILNVIT,AMP-Diffusion,0.64,True
diff_amp_02487,CRRPRPRPRPRPRP,AMP-Diffusion,0.8387096774193549,False
diff_amp_02488,MMAPLAGIIGGLAS,AMP-Diffusion,0.5925925925925926,True
diff_amp_02490,MMLVRIWTWWKRKK,AMP-Diffusion,0.5925925925925926,True
diff_amp_02491,GGRPRPRPRPLRPR,AMP-Diffusion,0.8333333333333335,False
diff_amp_02492,KKRLKKLLKRLKKL,AMP-Diffusion,0.8571428571428572,False
diff_amp_02493,MMLKFVVRWVSRVY,AMP-Diffusion,0.56,True
diff_amp_02494,GRRRRPRPPRLPRP,AMP-Diffusion,0.8888888888888888,False
diff_amp_02495,MMKLRFTHLKLRTK,AMP-Diffusion,0.64,True
diff_amp_02496,MMLRRWRKIQRAVT,AMP-Diffusion,0.6153846153846154,True
diff_amp_02497,KMWKKLLKKLKLKL,AMP-Diffusion,0.9285714285714286,False
diff_amp_02498,CMKCRWRQRWRLKW,AMP-Diffusion,0.6666666666666667,True
diff_amp_02499,MMKKLFKWRRMAWK,AMP-Diffusion,0.6153846153846154,True
diff_amp_02500,RLVREAVQRVLRQLIHIPRRAQQLLR,AMP-Diffusion,0.5652173913043479,True
diff_amp_02501,MGLFGTLKAFGKTVFAGIAEKLTGGY,AMP-Diffusion,0.6,True
diff_amp_02502,MMIRDPILKSLGGLAARVGANILNKI,AMP-Diffusion,0.5454545454545454,True
diff_amp_02503,MMIQLTTKGKPLIKLLLNLERMVQGY,AMP-Diffusion,0.5,True
diff_amp_02504,MMMGGRLSGVTKKICVKVGMGIKCKL,AMP-Diffusion,0.5454545454545454,True
diff_amp_02505,MMLGSLGSKLGKIAKKVAGKIGKRLK,AMP-Diffusion,0.6363636363636364,True
diff_amp_02506,GMLGRLLRRLRRGSLGKVGKIGQVLG,AMP-Diffusion,0.5957446808510638,True
diff_amp_02507,MMLLDTMKGILKVGGKALAVNIANTL,AMP-Diffusion,0.5769230769230769,True
diff_amp_02508,MMVSKFIKTLSKVTGKALKTLFKVAS,AMP-Diffusion,0.6153846153846154,True
diff_amp_02509,MGLVDTMKQGVKSAGPEAVKMALKAM,AMP-Diffusion,0.5714285714285714,True
diff_amp_02510,AMREVIWQRIRRILRAIPRRIRQGLE,AMP-Diffusion,0.6666666666666667,True
diff_amp_02511,MGLWKTVLQTAKDAAKGAAKGAGNTL,AMP-Diffusion,0.6808510638297872,True
diff_amp_02512,EMILDKIRQKGKDAFQRIKDVIKRLN,AMP-Diffusion,0.5652173913043479,True
diff_amp_02513,MMAMNKIKRSLGVCAKTGLKALAGHA,AMP-Diffusion,0.5652173913043479,True
diff_amp_02514,MMLLSRIRRFLSKIFKHGGRVVIGLA,AMP-Diffusion,0.5454545454545454,True
diff_amp_02515,MMWKRASKKLGLGLVKHVGKAIKLTA,AMP-Diffusion,0.5769230769230769,True
diff_amp_02516,MMKAPYRTLLAGLKLLKAPPPRRKKA,AMP-Diffusion,0.56,True
diff_amp_02517,KMRGFFLLSWTGLGKKLGKLLKKLLK,AMP-Diffusion,0.6818181818181819,True
diff_amp_02518,MMIREVVQGIRRIIRRIPRIIGQVLE,AMP-Diffusion,0.6382978723404256,True
diff_amp_02519,AMALKKLLGVIKEALKALKAGVAQGK,AMP-Diffusion,0.6382978723404256,True
diff_amp_02520,MGIMDIVKNAVKGLALNVLDKLKDKI,AMP-Diffusion,0.7083333333333333,True
diff_amp_02521,MMKKKFKKGINSAFKKIKDTALKIVG,AMP-Diffusion,0.5833333333333333,True
diff_amp_02522,MMIKSLERIGKEFRNFVKRIVRRIKN,AMP-Diffusion,0.6666666666666667,True
diff_amp_02523,MMAGDFIKEAGKKLIKIGAKHIAEAA,AMP-Diffusion,0.625,True
diff_amp_02524,AMVEELLQGARRIIRHIPRAIQRGIE,AMP-Diffusion,0.5957446808510638,True
diff_amp_02525,KMRLRRLRNKIIKKIKKVQQKIKGAI,AMP-Diffusion,0.6545454545454545,True
diff_amp_02526,EMLLDGIRDKLKDSVVKHLVKAWPLY,AMP-Diffusion,0.509090909090909,True
diff_amp_02527,MGFWNSLKNGLKGAGKAVGKAALQAV,AMP-Diffusion,0.653061224489796,True
diff_amp_02528,CMKCNKLICPLRRPLIARCPNCRLPK,AMP-Diffusion,0.5217391304347826,True
diff_amp_02529,GGIGGAMQGVIKTGVAELGKKLACKY,AMP-Diffusion,0.6037735849056604,True
diff_amp_02530,MMFIGKLISTAKKAVQKVINQLKKKV,AMP-Diffusion,0.6122448979591837,True
diff_amp_02531,KKLAKKAKKALKKLKKKLKKPFKKLK,AMP-Diffusion,0.7727272727272727,True
diff_amp_02532,KMFLGAFKKLATKVLKFLKNLKKPIL,AMP-Diffusion,0.6808510638297872,True
diff_amp_02533,MMFFDKILQGAGKAVKGLASNLVDKL,AMP-Diffusion,0.5777777777777777,True
diff_amp_02534,MMVIPCIIGLLLNRLKQRISKRVRYL,AMP-Diffusion,0.5531914893617021,True
diff_amp_02535,MGLLDKIKGLAKGVGKSVVGAAKDMV,AMP-Diffusion,0.5882352941176471,True
diff_amp_02536,GMIRRLGQRIRRCAGRIARRARQGIE,AMP-Diffusion,0.6808510638297872,True
diff_amp_02537,MMLWKDTLKKIGAVGIGALAGAAAAV,AMP-Diffusion,0.72,True
diff_amp_02538,MGVMDTIKNFAKNMAGGLLDKIKDKM,AMP-Diffusion,0.7037037037037037,True
diff_amp_02539,MMWKSLLKGAAKTAVQHGATALAHAA,AMP-Diffusion,0.5909090909090908,True
diff_amp_02540,MGLFGALKAAAHFGKKVLGFAIAAIN,AMP-Diffusion,0.6122448979591837,True
diff_amp_02541,MMFFPPIIGMAAKVAMGLLDSIKGKF,AMP-Diffusion,0.6521739130434783,True
diff_amp_02542,MMLTNRLSKKLRNKIEKIHQRAKIGA,AMP-Diffusion,0.5957446808510638,True
diff_amp_02543,GMVWERLGRAIRRIRAIPRRIGQLGE,AMP-Diffusion,0.6122448979591837,True
diff_amp_02544,KMFLRKLRGKIGKKLKKFLQKIKNFI,AMP-Diffusion,0.6545454545454545,True
diff_amp_02545,MMAGKVIQTGVKALKKWMKTVIGLTL,AMP-Diffusion,0.56,True
diff_amp_02546,MKKATAAVTKATLAAAKTALAALATT,AMP-Diffusion,0.6666666666666667,True
diff_amp_02547,MMRYWDTVLKQREVIKNGLKFAQNAV,AMP-Diffusion,0.52,True
diff_amp_02548,KMRLRKFRKKIGKKLKKLLPKIPKIR,AMP-Diffusion,0.7083333333333333,True
diff_amp_02549,MMGFRGLGKAIKRVFRGIKKLIRSLI,AMP-Diffusion,0.5531914893617021,True
diff_amp_02550,MMLFDVFKTLVKAAGKGVGKYLLKQIACCIDK,AMP-Diffusion,0.6031746031746033,True
diff_amp_02551,MMFGRKFFKRVIGAGKRASKNGFKKAKSVVGK,AMP-Diffusion,0.5454545454545454,True
diff_amp_02552,MMPIGWQRRFPRWVLPHWRRPWVWPKARLMIV,AMP-Diffusion,0.5,True
diff_amp_02553,MMSKVIKFFKKVLREVEKLLKKGPKGIGGGSV,AMP-Diffusion,0.5172413793103448,True
diff_amp_02554,KMWGKFPPGRKFPKGPSKKFPKFLRKLLRFLK,AMP-Diffusion,0.5517241379310345,True
diff_amp_02555,AMLGLSFKPTDLVKSTMGFKEAAKAKLGGIEF,AMP-Diffusion,0.5573770491803278,True
diff_amp_02556,MMLGKTIKKGLKGLLKGMGASMGGSAKCMKIE,AMP-Diffusion,0.5757575757575757,True
diff_amp_02557,CMKNCLKTLNWCKYCKIPHMCLTASGGLCKRT,AMP-Diffusion,0.4918032786885246,True
diff_amp_02558,MMLTTIKKVLALFNAAAQAVELLAKHLESMLG,AMP-Diffusion,0.5185185185185186,True
diff_amp_02559,MMILNLTTIGKRIKKARKSLHHRIAKLDLAGK,AMP-Diffusion,0.5185185185185186,True
diff_amp_02560,MMASFLGKIGKIAEKFVDTFKNKIKEKVNKDK,AMP-Diffusion,0.5151515151515151,True
diff_amp_02561,CMATCYCYTGTRTCLSGICRGLSCRISGILTC,AMP-Diffusion,0.53125,True
diff_amp_02562,MKKKKKKKKKKKLLKALFKGGGLLIFDKLKYS,AMP-Diffusion,0.6176470588235294,True
diff_amp_02563,CMSCRSTKFGFKCPREFCSIKRNGCTKQSLFG,AMP-Diffusion,0.49275362318840576,True
diff_amp_02564,MMKCRCVKILCKKQRRFRLYQGYCNRISRHMT,AMP-Diffusion,0.49275362318840576,True
diff_amp_02565,CMRQFYGICRCRRCFRLQCALTVGRGKYRCRC,AMP-Diffusion,0.4814814814814815,True
diff_amp_02566,KMWLCLRRRKFCGGKAKFKKGFLKIGLHLSCK,AMP-Diffusion,0.5901639344262295,True
diff_amp_02567,MMNFIKKSMKSVKSNAEIIKKLAGPLIVLVAK,AMP-Diffusion,0.5142857142857142,True
diff_amp_02568,MMINLKSKIKCTVFRTRRPRFRKCENKYFMLV,AMP-Diffusion,0.4642857142857143,True
diff_amp_02569,MMMLKAFISNGLQSAGKAALKAANAAAEALIS,AMP-Diffusion,0.5666666666666667,True
diff_amp_02570,MMDKRTVGKEIGKAGIDIAKQVASTGAQVLGA,AMP-Diffusion,0.5517241379310345,True
diff_amp_02571,CMRDRKRCCRKRKRCRERRIGVYLHFRGFVCC,AMP-Diffusion,0.523076923076923,True
diff_amp_02572,KGFLRRLRNKIGRKSKKLGKKFKRIPQRVKDL,AMP-Diffusion,0.6557377049180328,True
diff_amp_02573,MMLGAKFFKKVFKGAKKFGSAAKNAAKVLLKK,AMP-Diffusion,0.6181818181818182,True
diff_amp_02574,MMHDLSVIFYKRNTCCKILFKGKCSFNGAMCK,AMP-Diffusion,0.4918032786885246,True
diff_amp_02575,MMVAKFVRGAVRAVVRKLGKRRERVGKAAVRL,AMP-Diffusion,0.5555555555555556,True
diff_amp_02576,EMKRFRKEGEEFGKKIERILRRIVNNFFRPLS,AMP-Diffusion,0.5294117647058824,True
diff_amp_02577,MMAKKKKRSKTINRREKTGKIGAALIAARTLQ,AMP-Diffusion,0.5263157894736843,True
diff_amp_02578,MMLLKVLVKKAMTGAKVLGKLAGKPLTCCKLL,AMP-Diffusion,0.5714285714285714,True
diff_amp_02579,MMSCLFKFQSCKERKAKGEKRFGRLGERGKVG,AMP-Diffusion,0.5079365079365079,True
diff_amp_02580,MMMNLLFKTLQTAGGIATASMSGLGQYSCKLK,AMP-Diffusion,0.523076923076923,True
diff_amp_02581,CMNSTLQICRAVCKGTHISRCFKIRRTIPLYC,AMP-Diffusion,0.47272727272727283,True
diff_amp_02582,KKKFKKFKKKFKKKFKKFKKFKKFKKFFKKFK,AMP-Diffusion,0.9354838709677421,False
diff_amp_02583,MMWISKIGKAIISGPGRAAKAGLKAYQAYIGK,AMP-Diffusion,0.5555555555555556,True
diff_amp_02584,GGLWDAIKSAIKEAGRSVLGKLEDFLARKEDI,AMP-Diffusion,0.5333333333333333,True
diff_amp_02585,MMRCRNWKCEARCVGGKKLKDGIKRRRCVMAC,AMP-Diffusion,0.5,True
diff_amp_02586,CMFNLGRQCRGFLSEKRQFTRHCHTKGFKLPL,AMP-Diffusion,0.5,True
diff_amp_02587,MMFGGVIKEAGLAIGATAGKIAGKAALELVKS,AMP-Diffusion,0.5901639344262295,True
diff_amp_02588,MMFFGKQSTFSARKRALRDQMRQAAKRRRANK,AMP-Diffusion,0.5,True
diff_amp_02589,MMKALKLAGKIGKAAKKAGKLPIGALKKVGGM,AMP-Diffusion,0.6181818181818182,True
diff_amp_02590,RRVVRWVRRWVRRVKRWVRRVRRVSRSRVVKR,AMP-Diffusion,0.75,True
diff_amp_02591,MMKFRKFLGKRKKVGQDVAKRFAKAYVRVGKR,AMP-Diffusion,0.5588235294117647,True
diff_amp_02592,MMPQKSVRKFLKAKASKVNARKRPIVSRVSSK,AMP-Diffusion,0.5172413793103448,True
diff_amp_02593,MMSKIFRKVQDVVGGRNRLVSIGKFVPRVMRQ,AMP-Diffusion,0.4776119402985075,True
diff_amp_02594,MMKKKKFKKKVKKVVKKVFKKVKKVFKVVGIV,AMP-Diffusion,0.7457627118644068,True
diff_amp_02595,MGLFRKAWNRIKNFAKRGFQRAGEALHNAVDR,AMP-Diffusion,0.509090909090909,True
diff_amp_02596,KMDFLKKRGKKLLKLRSGKFGGKGIRKLLKKH,AMP-Diffusion,0.5862068965517242,True
diff_amp_02597,EMIEALNKLDEVIIEIIRKQHNVSKEGIELSR,AMP-Diffusion,0.5,True
diff_amp_02598,MMLFARFGKKIIQKIKEFFRKVKRILQSLRNS,AMP-Diffusion,0.5517241379310345,True
diff_amp_02599,MMKRTRPFQLKWQQRQKNKRRPNPIVSFGGKN,AMP-Diffusion,0.5185185185185186,True
diff_amp_02600,MMPFNALAGLKKFNDKSLKKGLIPTVVSA,AMP-Diffusion,0.5384615384615384,True
diff_amp_02601,GMLFPFLKGVGIAALKGALQGAVSSLGEA,AMP-Diffusion,0.6122448979591837,True
diff_amp_02602,MMSGDEFFKKFKKIFREFIRFLRRVFDRI,AMP-Diffusion,0.5769230769230769,True
diff_amp_02603,MMFPLILGAKKKSEPLGVVLPTLQAGLKE,AMP-Diffusion,0.5306122448979591,True
diff_amp_02604,MMPIKTKGLCKLKNGFKTLVTGIKLCEEI,AMP-Diffusion,0.5573770491803278,True
diff_amp_02605,MMILGSALNNVKKLVGNILNKVGKIKAAG,AMP-Diffusion,0.5666666666666667,True
diff_amp_02606,MMFITTGKGKFFRQLIKKGVRQYRAWFCG,AMP-Diffusion,0.52,True
diff_amp_02607,MMWIRRWFKKVEEELKRAWPIVAGLALVV,AMP-Diffusion,0.5185185185185186,True
diff_amp_02608,MMWFKKIYGKVGKNLSKDGLEAIKKVNQM,AMP-Diffusion,0.5490196078431373,True
diff_amp_02609,MMWKKLRRQLARYGRTDDEIARNLLPQGR,AMP-Diffusion,0.49056603773584906,True
diff_amp_02610,MMIGAMAKIAKKLFGKVLANMISNKLKCG,AMP-Diffusion,0.5660377358490566,True
diff_amp_02611,MMPKTFKKVSMRAVKRALKVKAKLGKALY,AMP-Diffusion,0.5769230769230769,True
diff_amp_02612,MMWKGFWDTKIYTIDLIPQLEAAIRKQGR,AMP-Diffusion,0.5,True
diff_amp_02613,EMVAIIEKLIVQQQAEILKIQALIQAILQ,AMP-Diffusion,0.5714285714285714,True
diff_amp_02614,AMWGKTEKPFIKELAKKIAANALPAAVIG,AMP-Diffusion,0.5714285714285714,True
diff_amp_02615,CMCRRYRRVCRRYRRVYGRYRRVYRRYRR,AMP-Diffusion,0.6557377049180328,True
diff_amp_02616,GGVWDKIKGAGKTALKGGAISALQGKLES,AMP-Diffusion,0.6071428571428572,True
diff_amp_02617,MMKGGYWKKRVKNFLKEFLKKLLRAYKLI,AMP-Diffusion,0.56,True
diff_amp_02618,MMIRRVFWGARRIRKQRWQLVGWRWRGRI,AMP-Diffusion,0.5306122448979591,True
diff_amp_02619,MMLCKGIFKKGLRLPQRAFCKKLAQALKK,AMP-Diffusion,0.5384615384615384,True
diff_amp_02620,GGIMDTVKNVAGKVADNLIDKVQDKIGEG,AMP-Diffusion,0.631578947368421,True
diff_amp_02621,GGLGGFFKSALKAGLVGGIKSAAQAYVNR,AMP-Diffusion,0.5769230769230769,True
diff_amp_02622,MMKLNLCAIFTKKNLKILALQLLKQALKK,AMP-Diffusion,0.6037735849056604,True
diff_amp_02623,MMWRSALKGGIKTALKQLAPGMAGPKVGQ,AMP-Diffusion,0.5714285714285714,True
diff_amp_02624,GGLFDTIKGVGKHVAGTALNLLQGKCKGR,AMP-Diffusion,0.6666666666666667,True
diff_amp_02625,MMFPGKERLSGKWKRGMMTKYQRCIRCPS,AMP-Diffusion,0.48275862068965514,True
diff_amp_02626,CMSRCFPWQRCSTREGFGLLRIRCKVKII,AMP-Diffusion,0.4897959183673469,True
diff_amp_02627,MMRFENKWKRAVKAIRRFLSAGIQVLNRL,AMP-Diffusion,0.52,True
diff_amp_02628,CMRICRRYSCRFLECYGRIGCFASLGRYC,AMP-Diffusion,0.5263157894736843,True
diff_amp_02629,MMWISTLGKNIAKGAVSTGQEALRIFAFR,AMP-Diffusion,0.5185185185185186,True
diff_amp_02630,CMFDGRCARCTIECERSSRVNGLCRRLYC,AMP-Diffusion,0.5384615384615384,True
diff_amp_02631,RMRRPRPRRRPRPRLPRPLPPPRPRPRPR,AMP-Diffusion,0.7843137254901962,True
diff_amp_02632,MMKFWTWDRKIKRYLYEAGKEVITAIGGY,AMP-Diffusion,0.5084745762711864,True
diff_amp_02633,KMAKKLLKILGKAGKLAKKILKKVGKLAK,AMP-Diffusion,0.72,True
diff_amp_02634,MMFKLIKRGIKRTLNVICATRSKPRYTKL,AMP-Diffusion,0.5306122448979591,True
diff_amp_02635,MMRFRWVVRALRKGRWGWGRKQFARFIGV,AMP-Diffusion,0.5384615384615384,True
diff_amp_02636,MMQRTKWRKPYSKSKDKYLLKRGIKKIWG,AMP-Diffusion,0.5151515151515151,True
diff_amp_02637,MMIWPSILVTTGKLGVNAITAVSKGGALS,AMP-Diffusion,0.5263157894736843,True
diff_amp_02638,MMINKFGKALNLLLNEYAGLTLQTRCGIT,AMP-Diffusion,0.49122807017543857,True
diff_amp_02639,MMFFSTAKKELKNSAKRLAESAQKKALFG,AMP-Diffusion,0.5490196078431373,True
diff_amp_02640,MMFFRNFFKEKEKKMKRPGKFLAILNSIF,AMP-Diffusion,0.5098039215686274,True
diff_amp_02641,KMKRKKCYKLKAKCKKRFAKHLRLIKKNE,AMP-Diffusion,0.5714285714285714,True
diff_amp_02642,MMKRFVKWWQWQGRNGKNWRWNLRFLNRR,AMP-Diffusion,0.4897959183673469,True
diff_amp_02643,MMWGTLRRGLRWGRRARHGIEQGIKIIIH,AMP-Diffusion,0.5,True
diff_amp_02644,MMWKSILKTIANKIKKAFATKILTAGKAD,AMP-Diffusion,0.6274509803921569,True
diff_amp_02645,MMLFKRLFKRLEKEIKKAGKLFKATRIAG,AMP-Diffusion,0.5614035087719298,True
diff_amp_02646,MMWKSLLKKGSAKSAAHHLLKFAGIAVAG,AMP-Diffusion,0.5660377358490566,True
diff_amp_02647,MMDRWRTILDLLARAWPIARLVLRILYIG,AMP-Diffusion,0.52,True
diff_amp_02648,MMLLKKLLKAAKKALKVALKAAKKALKLA,AMP-Diffusion,0.68,True
diff_amp_02649,AMVAKKRLKAAGKEVVKVGKAFRRWKIQV,AMP-Diffusion,0.5306122448979591,True
diff_amp_02650,GGLVGKLLSSGKKLIGGAALGAV,AMP-Diffusion,0.6222222222222222,True
diff_amp_02651,MMFGKLFKTAIKHAGKHVAKEAA,AMP-Diffusion,0.6046511627906976,True
diff_amp_02652,MMGLTMILSLAKKIGRERKKILG,AMP-Diffusion,0.65,True
diff_amp_02653,GMGSRRLGRRRRHGRRRVSSRQR,AMP-Diffusion,0.6153846153846154,True
diff_amp_02654,GGLGSAVKALLKGAGKAVGGALV,AMP-Diffusion,0.6666666666666667,True
diff_amp_02655,GGIGGAFAKLAKYAIPHVANKIS,AMP-Diffusion,0.6046511627906976,True
diff_amp_02656,MMFKKTIRKLLKNEFQKGKRKGH,AMP-Diffusion,0.5416666666666667,True
diff_amp_02657,MMQLISKLIKKEHPIKKAVHGFI,AMP-Diffusion,0.6341463414634146,True
diff_amp_02658,MMKFTKKFLKKYAKQGLKEINRN,AMP-Diffusion,0.5853658536585367,True
diff_amp_02659,MMWKEFIHGAGKRFLRHAVKAIT,AMP-Diffusion,0.5581395348837209,True
diff_amp_02660,MMWNSFIKQFLKRPVAAIKKHPR,AMP-Diffusion,0.5128205128205128,True
diff_amp_02661,MMGGAAKKLAKGLGKIGKGAKKV,AMP-Diffusion,0.625,True
diff_amp_02662,MKKAAAAAAAAAAAAAAAKKAAK,AMP-Diffusion,0.9090909090909091,False
diff_amp_02663,MMTGAPAKIGWYVGKHYKKKIKA,AMP-Diffusion,0.5185185185185186,True
diff_amp_02664,MMQGQNFLAKLLKKIAKPKWKGW,AMP-Diffusion,0.5777777777777777,True
diff_amp_02665,KKKLLKKKKLLKLLKKKLKKLLK,AMP-Diffusion,0.875,False
diff_amp_02666,MMWWHALKSFAHAGKKFGRAAHE,AMP-Diffusion,0.5217391304347826,True
diff_amp_02667,MMRCRWKRGKQFAKPVCPATKIC,AMP-Diffusion,0.4878048780487805,True
diff_amp_02668,MMWQKKIRQERKLGREWVWQISQ,AMP-Diffusion,0.4878048780487805,True
diff_amp_02669,EMESKALQVKLKESIKARVRDAL,AMP-Diffusion,0.5454545454545454,True
diff_amp_02670,MMKIGFAGLGGAIGKLLEAVKSL,AMP-Diffusion,0.5777777777777777,True
diff_amp_02671,GGIGDTFKGAAKAFLKGGVKGIA,AMP-Diffusion,0.6521739130434783,True
diff_amp_02672,MMFKFFWKWLSQWQIGGNPKHVC,AMP-Diffusion,0.48888888888888893,True
diff_amp_02673,MMKRKNVARVQPYYLVKKLKRGW,AMP-Diffusion,0.5490196078431373,True
diff_amp_02674,MMIHRIFRHLFKRAGPEHRLIRR,AMP-Diffusion,0.5833333333333333,True
diff_amp_02675,MMFWDTILRGLASAGPAVIGSAR,AMP-Diffusion,0.55,True
diff_amp_02676,MMVFRWLKGWFHKGAHRHAWRHG,AMP-Diffusion,0.5333333333333333,True
diff_amp_02677,MMKKSFRKILSAVLKPKLHTLKK,AMP-Diffusion,0.6122448979591837,True
diff_amp_02678,MMKWKLIPKCKFVSAAHLHWQVK,AMP-Diffusion,0.5777777777777777,True
diff_amp_02679,MMFGSVFKGASKVFGKVFKGAFA,AMP-Diffusion,0.6976744186046511,True
diff_amp_02680,MMLGTLIGGLISLLPGLIKQLIK,AMP-Diffusion,0.6341463414634146,True
diff_amp_02681,KMISALKKIKKYLSALKRAKKLL,AMP-Diffusion,0.6363636363636364,True
diff_amp_02682,MMRFKKARKKFNKKLKKFKKKAK,AMP-Diffusion,0.6829268292682926,True
diff_amp_02683,MGFGSALKGAFKAFLGAFADAMK,AMP-Diffusion,0.5909090909090908,True
diff_amp_02684,MMVTWRRFLRRRYEIPPREVIAW,AMP-Diffusion,0.5777777777777777,True
diff_amp_02685,MMIKNIIRTVKKVIKAIVKQVKK,AMP-Diffusion,0.5641025641025641,True
diff_amp_02686,AMWGEVVQRGQRAPRAIPRAIRR,AMP-Diffusion,0.6,True
diff_amp_02687,MMWTSFLKKFLHAAKHVLKVLKA,AMP-Diffusion,0.6382978723404256,True
diff_amp_02688,MMAISIATAAFSTLPKLTKKIFK,AMP-Diffusion,0.5853658536585367,True
diff_amp_02689,MMLGPLIKIGYKVLKGIYKTIKR,AMP-Diffusion,0.5853658536585367,True
diff_amp_02690,MMIGFILAASFGKKLLHHGLKLA,AMP-Diffusion,0.5641025641025641,True
diff_amp_02691,MMWWSSILKEAKGVAIEAAKHLA,AMP-Diffusion,0.5853658536585367,True
diff_amp_02692,MMFRSSIYRELKYKLRAAIKKFR,AMP-Diffusion,0.6153846153846154,True
diff_amp_02693,MMIELIRQGLCRAAHHIPRAIRR,AMP-Diffusion,0.5909090909090908,True
diff_amp_02694,GMAGGIFKGLAGGLKAIGKKLFR,AMP-Diffusion,0.65,True
diff_amp_02695,MMLWKWILRGAKAFVKQGAKGLA,AMP-Diffusion,0.6086956521739131,True
diff_amp_02696,MMNKKVKEGFKLAGVILGAIPAI,AMP-Diffusion,0.55,True
diff_amp_02697,MMKKIFKKIFKKLQKTINKTLKK,AMP-Diffusion,0.6086956521739131,True
diff_amp_02698,MMVHRVGKWYRPKQQHKKKLVPF,AMP-Diffusion,0.5128205128205128,True
diff_amp_02699,MMKRKPHGQTGLFGPGLRAKPIT,AMP-Diffusion,0.5116279069767442,True
diff_amp_02700,MMIGGLIKLATLGWITSLASQ,AMP-Diffusion,0.6,True
diff_amp_02701,MGIKSAVKGIAKGAVKGGLKS,AMP-Diffusion,0.6363636363636364,True
diff_amp_02702,MMIKEIVQKLAKIGANAVGGH,AMP-Diffusion,0.5454545454545454,True
diff_amp_02703,MMWIKFKHKIKSAGKKINGII,AMP-Diffusion,0.6153846153846154,True
diff_amp_02704,MGLKDFLKGLAKAFKAIVASI,AMP-Diffusion,0.631578947368421,True
diff_amp_02705,MMFIHAIKHHFIFKRHIRNIV,AMP-Diffusion,0.5142857142857142,True
diff_amp_02706,MMFGALIKVAAHVLGTVLHGL,AMP-Diffusion,0.5945945945945945,True
diff_amp_02707,MMAHFWGKIFHVAVKTVHRAI,AMP-Diffusion,0.5365853658536586,True
diff_amp_02708,MMFGKIAGLLKTGFQAGKALR,AMP-Diffusion,0.5945945945945945,True
diff_amp_02709,GGLFGKLKEAGKELREIVGEW,AMP-Diffusion,0.631578947368421,True
diff_amp_02710,MMGKKFGKSASKVGKIAGKVG,AMP-Diffusion,0.6666666666666667,True
diff_amp_02711,MMMSKAAKALKKVGKKIKKAA,AMP-Diffusion,0.6190476190476191,True
diff_amp_02712,KMKLSKTLKPLKKKAKKLGKA,AMP-Diffusion,0.6829268292682926,True
diff_amp_02713,MMDPKFRKLLKRFAKKGRLEA,AMP-Diffusion,0.5714285714285714,True
diff_amp_02714,MMKGTFNVLKYLLKKARAHSL,AMP-Diffusion,0.5789473684210527,True
diff_amp_02715,MMLKNKLRKFGEKLPKILKVI,AMP-Diffusion,0.6341463414634146,True
diff_amp_02716,MMTLSWIRWMQRKQKAVLGPI,AMP-Diffusion,0.5405405405405406,True
diff_amp_02717,MKIKDFLKKIGQKVKGFLRDL,AMP-Diffusion,0.6842105263157895,True
diff_amp_02718,KMGKKFFRKIRKKFKKFVKKL,AMP-Diffusion,0.7222222222222221,True
diff_amp_02719,MMIAKAVHRARKAVARVQLAI,AMP-Diffusion,0.5641025641025641,True
diff_amp_02720,EMTIEDLGRRGRLGRLLRKRE,AMP-Diffusion,0.5714285714285714,True
diff_amp_02721,MMIFGKLLKKIAKALGKGALK,AMP-Diffusion,0.6829268292682926,True
diff_amp_02722,MMWKKLLFKMTKHGAQKLLKH,AMP-Diffusion,0.6111111111111112,True
diff_amp_02723,MMWRKLLRAAGKIGAKKLFGK,AMP-Diffusion,0.6382978723404256,True
diff_amp_02724,MMMATLLTTALGFVLKAFAAI,AMP-Diffusion,0.5714285714285714,True
diff_amp_02725,MMLSHLFKSIAKGLVSAGLAI,AMP-Diffusion,0.6,True
diff_amp_02726,KKLAKLAKLLKKLAKLAKAKL,AMP-Diffusion,0.8571428571428572,False
diff_amp_02727,MMRFRAMRKYRKHSVRYRRVR,AMP-Diffusion,0.5641025641025641,True
diff_amp_02728,KMLHSGLRKLLGGGKKLVKQL,AMP-Diffusion,0.6666666666666667,True
diff_amp_02729,KMILKKLLALGRKLKAKLKRK,AMP-Diffusion,0.7027027027027026,True
diff_amp_02730,MMLDKFSKVAKKLAKAVHGIH,AMP-Diffusion,0.5531914893617021,True
diff_amp_02731,MMSATKIIEAYLKAAKSGFES,AMP-Diffusion,0.5365853658536586,True
diff_amp_02732,RMRAWRTRRMRWARRWARWAR,AMP-Diffusion,0.7142857142857143,True
diff_amp_02733,MMFLGILIGAFKKPGSHLFKE,AMP-Diffusion,0.6046511627906976,True
diff_amp_02734,MMGAAIIAAMKKFFEKLFCAI,AMP-Diffusion,0.5641025641025641,True
diff_amp_02735,MMRKFRWKWPKLRKLRKRQMK,AMP-Diffusion,0.6153846153846154,True
diff_amp_02736,MMIGKFMHAAGKFASAIVAEH,AMP-Diffusion,0.6829268292682926,True
diff_amp_02737,MMISGFIKASKVVPGAIKAKI,AMP-Diffusion,0.5853658536585367,True
diff_amp_02738,MMIRTLGLKILRYSAKEKNGK,AMP-Diffusion,0.6046511627906976,True
diff_amp_02739,EGLWKKIGRKVKEVFPRLADK,AMP-Diffusion,0.5714285714285714,True
diff_amp_02740,MMSCWGPLHKFKPHLGFKLGA,AMP-Diffusion,0.5714285714285714,True
diff_amp_02741,KMKLLLKPALPLKKPLLKALP,AMP-Diffusion,0.7567567567567568,True
diff_amp_02742,MMTANFLKQFLPEIQKFIKKL,AMP-Diffusion,0.5263157894736843,True
diff_amp_02743,MMFRRWLRKGTHRVKQIYRIV,AMP-Diffusion,0.5945945945945945,True
diff_amp_02744,MMVLNIFKKLSKFHKVECAII,AMP-Diffusion,0.5454545454545454,True
diff_amp_02745,MKLFKKAFKKAKKAVKKVATK,AMP-Diffusion,0.7317073170731707,True
diff_amp_02746,MMSKEFIDSVVQKLIEKLRRF,AMP-Diffusion,0.5365853658536586,True
diff_amp_02747,EMGMKAIGGFTKEELQKLKEA,AMP-Diffusion,0.5365853658536586,True
diff_amp_02748,MMMHKILHSAKKFGKAIAVGE,AMP-Diffusion,0.7317073170731707,True
diff_amp_02749,MMLGGLIKGAGKVIANILADF,AMP-Diffusion,0.5714285714285714,True
diff_amp_02750,CMYCRCSRRRCWGRKLLGTCRGGIRHRHSILKY,AMP-Diffusion,0.49122807017543857,True
diff_amp_02751,MMPKIWKAVETAIDVAKNGFGLAKAGQKLLGTI,AMP-Diffusion,0.5172413793103448,True
diff_amp_02752,KMPASSIPIGILAGLLKKLLNKFKKFLKKLLKN,AMP-Diffusion,0.6181818181818182,True
diff_amp_02753,CMCDTWEKFGACFKCRNLEHSGRINGAFCRLRC,AMP-Diffusion,0.47272727272727283,True
diff_amp_02754,RMRIRVPRFPRRVRGFFRRFPRGFRPRWGGKFP,AMP-Diffusion,0.5970149253731343,True
diff_amp_02755,MMKWVKSKLSLRFKQNTGGSDLGSHISRLLPHY,AMP-Diffusion,0.5084745762711864,True
diff_amp_02756,CMINRCCHGRFNFPCSLRPHGSTFGNNLGTCVR,AMP-Diffusion,0.4482758620689655,True
diff_amp_02757,CMHCRGSKINFKCPKLWNRQGGRCCIYCSVPLC,AMP-Diffusion,0.4516129032258065,True
diff_amp_02758,GMRLKRLRKKIRRRGKKLLPKIGPGLPLIGALP,AMP-Diffusion,0.6451612903225806,True
diff_amp_02759,CMGRYSCLQGRHCWGLRKGPFCRWLHGFCLIVR,AMP-Diffusion,0.4666666666666666,True
diff_amp_02760,GGKLSGVAKGAEKVGKGLLKGAAKGLVKGLAKG,AMP-Diffusion,0.59375,True
diff_amp_02761,MGILDTILKTVGMGKAAKAVGKGKTLSKITDNI,AMP-Diffusion,0.5862068965517242,True
diff_amp_02762,MMKGHVRRCHIKCYLRMNKQEVNPAKSPPLTSF,AMP-Diffusion,0.4642857142857143,True
diff_amp_02763,MMIFSGIHIKCATTSRGELLGNRCAKRSPMPKC,AMP-Diffusion,0.4838709677419355,True
diff_amp_02764,MMLNDIKRAKKCRILFSRFRKDMMEYGGSRKML,AMP-Diffusion,0.47457627118644063,True
diff_amp_02765,MMSITRHFQRNPRRRLRRLGARRLASNTVQVIK,AMP-Diffusion,0.48275862068965514,True
diff_amp_02766,MMKKLKSEKFKEGVNYVVGKVAGKAAPVGVGEF,AMP-Diffusion,0.5671641791044777,True
diff_amp_02767,CMRCKKCYWRWVCSGRGRCMPLALVRGGFMMKT,AMP-Diffusion,0.4590163934426229,True
diff_amp_02768,MMLIAGIGAVGKAVGKALKNISKKKKSQNNSKN,AMP-Diffusion,0.5357142857142857,True
diff_amp_02769,CMHLSRHGCVRYKGVCPRALYHRCRGPVNCATY,AMP-Diffusion,0.47272727272727283,True
diff_amp_02770,MMFGDFLTKVKEKIKERLRDILQKLQPVLVKKA,AMP-Diffusion,0.5245901639344263,True
diff_amp_02771,MMLVKLLWKILDAQKRLLKAQWQKVGQVWLVWT,AMP-Diffusion,0.49122807017543857,True
diff_amp_02772,MMSFSKIKKWKKKVGKIVLGTKAAQQVVVQGQA,AMP-Diffusion,0.6129032258064516,True
diff_amp_02773,MMWFKIVQKKLPKQTIGDGFKAVGPAAVVLGGA,AMP-Diffusion,0.5882352941176471,True
diff_amp_02774,CMKIICLIGGTCRCYRCRGRIGSCYKGKPWPKY,AMP-Diffusion,0.4666666666666666,True
diff_amp_02775,KMKDWGGDEVDSKFKSKWRKKWRKLFVRNKKNP,AMP-Diffusion,0.5454545454545454,True
diff_amp_02776,MMDFGDVKEKDIGRCEIKILKKFTCRACVKNPA,AMP-Diffusion,0.5172413793103448,True
diff_amp_02777,MGLLNKFGGEVGGIASKIGEGISKIGGSVAKQF,AMP-Diffusion,0.5588235294117647,True
diff_amp_02778,GMVGGGWRGGARGRAGRGLLGWPRPEPRRRGRT,AMP-Diffusion,0.5818181818181818,True
diff_amp_02779,KMFKKRFKKKRKKLFERLKKIAKKRPKRIGSFP,AMP-Diffusion,0.6865671641791045,True
diff_amp_02780,MMFRKRPGRFWRKGYRIRFKNIRQFGKPFGGFL,AMP-Diffusion,0.509090909090909,True
diff_amp_02781,MMKTMGKFGRVIKKNGPEFMDLQKRKEGIGSNL,AMP-Diffusion,0.5084745762711864,True
diff_amp_02782,CMRKLCCERSYGCRRMRCRNNNGRCSLFGFYCL,AMP-Diffusion,0.4516129032258065,True
diff_amp_02783,MMFGKKRVVGIARTGWNGIKGVGQILEAWKGLT,AMP-Diffusion,0.5352112676056338,True
diff_amp_02784,MMWFSWKKKRKENIYNILAAGAVGIGVGWALYK,AMP-Diffusion,0.5423728813559322,True
diff_amp_02785,MMWFFKIASKGLDKLYRAGIEKAGISTKGSGKF,AMP-Diffusion,0.5357142857142857,True
diff_amp_02786,MMWIASRKGKERGVEFGTGVAVAVAGPLLIGLA,AMP-Diffusion,0.5084745762711864,True
diff_amp_02787,GGLGDFIGKLLKKGAKDFFVKAADPVVKGLVST,AMP-Diffusion,0.5964912280701755,True
diff_amp_02788,MMLFLKHPNKKELKAMRKMVKGAGKYLTHVADD,AMP-Diffusion,0.5084745762711864,True
diff_amp_02789,EMKSRPRKAKECAKKLELKKCRFCRQERLRALK,AMP-Diffusion,0.5538461538461539,True
diff_amp_02790,MMLITLLKKFVFKAPKAALDVAAQGLAQLVATQ,AMP-Diffusion,0.6101694915254237,True
diff_amp_02791,MMKCLEKQNKMCSQINLRRYLRIVMNTCIINQL,AMP-Diffusion,0.45714285714285713,True
diff_amp_02792,AMWWEADSKRIAEALERYLARIAALQEQQLKEL,AMP-Diffusion,0.631578947368421,True
diff_amp_02793,MMISDYPGWLEWQIRSGITVYVTNWQKLPFGKI,AMP-Diffusion,0.5084745762711864,True
diff_amp_02794,MLRKVLRKVLRKVLKVLRKVLRKVQRLQKVLRL,AMP-Diffusion,0.6428571428571428,True
diff_amp_02795,MMRFFRKKVRKIVEKFKKSIQRDFNNFRDVLSP,AMP-Diffusion,0.5714285714285714,True
diff_amp_02796,MMGWSMFFKLAKKALKWGGLITGGGPEKVWGQA,AMP-Diffusion,0.5423728813559322,True
diff_amp_02797,CMRTYCLCHGWGSCRKLERVRGTCIRNHFLYTL,AMP-Diffusion,0.48275862068965514,True
diff_amp_02798,MMIWSVLKNVGKALAKVALPAAGQGAGEAVCAA,AMP-Diffusion,0.6153846153846154,True
diff_amp_02799,MMKIRRVFCVGAEKKIAFRVKAKCRTGELQKVI,AMP-Diffusion,0.5245901639344263,True
diff_amp_02800,MMDFQLIKAKIGPHISSIFKKAH,AMP-Diffusion,0.55,True
diff_amp_02801,MMKVPAIMIGGLKLLYKAIKKIK,AMP-Diffusion,0.5853658536585367,True
diff_amp_02802,MMKELFKRVGKFKEKIKNFVKRI,AMP-Diffusion,0.6046511627906976,True
diff_amp_02803,MMKTVHSIKKYMRWVQVGFLGNT,AMP-Diffusion,0.5,True
diff_amp_02804,MMKSFLGSRLAIARLRKKLPRRR,AMP-Diffusion,0.5853658536585367,True
diff_amp_02805,MGFLDKIKDVAKKLIPNVAAAVL,AMP-Diffusion,0.5957446808510638,True
diff_amp_02806,MMEYKTIPQTLALWKKERGKKLW,AMP-Diffusion,0.5581395348837209,True
diff_amp_02807,MMLKIIGSLFKGLKNIFGKIKNN,AMP-Diffusion,0.5581395348837209,True
diff_amp_02808,AMAGRKILKALKVAGAAAKQFAK,AMP-Diffusion,0.6190476190476191,True
diff_amp_02809,MMSIGSIKNIEKLLKPFGKKGAI,AMP-Diffusion,0.55,True
diff_amp_02810,MMGTLFKSFKGMAKYNLKGQIVA,AMP-Diffusion,0.5833333333333333,True
diff_amp_02811,EMGKELIRQFLRKFIREFRRIVR,AMP-Diffusion,0.5853658536585367,True
diff_amp_02812,EMKAEDAAKELLEKFKKVGKRIV,AMP-Diffusion,0.5416666666666667,True
diff_amp_02813,MMVGMALGLATSLVLKALWEWIK,AMP-Diffusion,0.5853658536585367,True
diff_amp_02814,MMFGHWFRGLIGIGKHFRKHHRW,AMP-Diffusion,0.5333333333333333,True
diff_amp_02815,MMLRKILAQTKGPKLKKRKKLSK,AMP-Diffusion,0.6153846153846154,True
diff_amp_02816,MMFGLVGTVLAHVLHMTKLSCKT,AMP-Diffusion,0.5641025641025641,True
diff_amp_02817,MMLGSALKLAKKFGKKVFGKLAK,AMP-Diffusion,0.6341463414634146,True
diff_amp_02818,MMWGKFIKIATKAGPKVLKTLAK,AMP-Diffusion,0.6122448979591837,True
diff_amp_02819,MMWGRAIKVGLRVGKAVKTLANQ,AMP-Diffusion,0.5714285714285714,True
diff_amp_02820,MMIRTIKAWARTVIGGGYKLIRR,AMP-Diffusion,0.5283018867924528,True
diff_amp_02821,MMKIFRGKKALRAGKKIYKAIRR,AMP-Diffusion,0.6046511627906976,True
diff_amp_02822,MMRKGLKKRLRKIKKLVGKAIRK,AMP-Diffusion,0.7,True
diff_amp_02823,MMKLLWSTIFSGAGRSALGKKLA,AMP-Diffusion,0.6086956521739131,True
diff_amp_02824,MMWKKFIKTLTKLVKTVVKTAKS,AMP-Diffusion,0.68,True
diff_amp_02825,QMQKEILQKEIALQKLLIEKLQR,AMP-Diffusion,0.5581395348837209,True
diff_amp_02826,MMLLRDWTSKLRKTVQKKGKKAV,AMP-Diffusion,0.5714285714285714,True
diff_amp_02827,GGIGGLALKALGSIGRNGLAGLF,AMP-Diffusion,0.625,True
diff_amp_02828,MMKHEKEKIIRFYKQWRLIKKLA,AMP-Diffusion,0.5652173913043479,True
diff_amp_02829,GGILGKILSGGKTAGKGLLGYAA,AMP-Diffusion,0.68,True
diff_amp_02830,MMIGGAIKGLFKWLLPEAIQIAK,AMP-Diffusion,0.5853658536585367,True
diff_amp_02831,CRPFPRLSPPPPRHPRPPFHPPF,AMP-Diffusion,0.7142857142857143,True
diff_amp_02832,MMAIRRLKPGYHAVLPAFKKHRW,AMP-Diffusion,0.55,True
diff_amp_02833,MMGKVLHIALSKLKKRRKKALAA,AMP-Diffusion,0.6046511627906976,True
diff_amp_02834,EMAGSLLKMGKDLLKEVLEAIIK,AMP-Diffusion,0.5853658536585367,True
diff_amp_02835,MMAKAAWAAWAKAAAAAWAKKAA,AMP-Diffusion,0.7272727272727273,True
diff_amp_02836,KKLLLKLLLKLLKLLLKLKLLLK,AMP-Diffusion,0.8888888888888888,False
diff_amp_02837,MMLQTAAHLSLLGLGKWNRNLQR,AMP-Diffusion,0.5128205128205128,True
diff_amp_02838,MMLGKLVRKFLSVVKETAGLIGK,AMP-Diffusion,0.5641025641025641,True
diff_amp_02839,CMLCQWVAGSCRKIPWRRISISQ,AMP-Diffusion,0.4897959183673469,True
diff_amp_02840,MMIKALWPVVRTGIGAIYNLIKR,AMP-Diffusion,0.5957446808510638,True
diff_amp_02841,MMFCWLCYKLNGGRRGLYQNMIN,AMP-Diffusion,0.4878048780487805,True
diff_amp_02842,MMKSQVANVATFRWGGLNWFRMK,AMP-Diffusion,0.5116279069767442,True
diff_amp_02843,MGLGSILKGAAKDIASTAVKFVM,AMP-Diffusion,0.6666666666666667,True
diff_amp_02844,MMKTRRIASYLAKKIRKRGRKAK,AMP-Diffusion,0.6,True
diff_amp_02845,MMALKKMLKKGLKKALAKVTGQK,AMP-Diffusion,0.6666666666666667,True
diff_amp_02846,MMCQRKFGLRTLRYPATLQKLWN,AMP-Diffusion,0.5128205128205128,True
diff_amp_02847,GGIGAILGGAGKLGKGALGAGAK,AMP-Diffusion,0.6666666666666667,True
diff_amp_02848,AMGKAALAFKLLKPIIKKAVNLV,AMP-Diffusion,0.6,True
diff_amp_02849,MMRWAKIALDYLKNGRKKKRKAV,AMP-Diffusion,0.5833333333333333,True
diff_amp_02850,MMRKGPPGRPPRFKGKIPPPPPPPPPPPPPPPRPR,AMP-Diffusion,0.6349206349206349,True
diff_amp_02851,MMKNFDIVKLKCNLSMLCKTIPETIIAGILKKKLS,AMP-Diffusion,0.5084745762711864,True
diff_amp_02852,MMIIALPLVAIGGYLIRKAYRYGKKKIKRLAKKLK,AMP-Diffusion,0.5,True
diff_amp_02853,MMKKFPKKLRRSLRKLGRKLKKGAKKILKPKLAPR,AMP-Diffusion,0.6,True
diff_amp_02854,AMWTDLLRKAGVNPEKLIFNRIPALGISKVSCHPQ,AMP-Diffusion,0.5084745762711864,True
diff_amp_02855,MMLKKFGKRIRNFFKERVKKIVQRIKDFLKGLAPR,AMP-Diffusion,0.6129032258064516,True
diff_amp_02856,GMLLSLAKLAGKVLPAVFAAKGLKKGLGSLAGKVL,AMP-Diffusion,0.5666666666666667,True
diff_amp_02857,MMLFSIIGKGVEKIGKVGLKALGKAKNSVNDAKST,AMP-Diffusion,0.5970149253731343,True
diff_amp_02858,MMLMNLIKKMIGAVIQTTGKEGLKMGLVLMGCKIA,AMP-Diffusion,0.5555555555555556,True
diff_amp_02859,MMLFTLIKGVGKAVGKGLGKEAVQQGADFINKKPS,AMP-Diffusion,0.5538461538461539,True
diff_amp_02860,MMGRRLRLVFRPQKKRYIFITSQGLQPVGAKPRAA,AMP-Diffusion,0.5277777777777778,True
diff_amp_02861,CMNYGPCSQRCKNGEVRCKRCGTRITICAQQTKCY,AMP-Diffusion,0.4705882352941176,True
diff_amp_02862,MMLFNRFRKKIGKKLEKIKKVVQKIKQLLPKLAPR,AMP-Diffusion,0.65625,True
diff_amp_02863,MMLFSTLKKMGLKAAKHLAKNGAKFGVFTLKCASS,AMP-Diffusion,0.5573770491803278,True
diff_amp_02864,MMILAKIYKKLNKWCKNKKIAAGATGLGKACKWFT,AMP-Diffusion,0.5,True
diff_amp_02865,MMLDKLLRQLRSRAPEKEKIRGMQCRILDCLRRKY,AMP-Diffusion,0.523076923076923,True
diff_amp_02866,CMKVLSGVCPKLYKGCRKRIRGRGKCRLLSCWEPS,AMP-Diffusion,0.5,True
diff_amp_02867,MMSFGKLAKKLLNKTLGKIMRKGVNAIGAMAVATV,AMP-Diffusion,0.5483870967741935,True
diff_amp_02868,MMLTKKLRKKLKNSCKRLEKRGVLIGICLVKRAKQ,AMP-Diffusion,0.576271186440678,True
diff_amp_02869,MMFASKIIGNAIGRAKKFIEDVARHNGGVIKESGG,AMP-Diffusion,0.5084745762711864,True
diff_amp_02870,MRLGGTLRKFGEKIGKELKRIGQRIKDFFPKLAPR,AMP-Diffusion,0.75,True
diff_amp_02871,MMLSKLGKKKTLGIAEKLGKEGESTLALGLACKLT,AMP-Diffusion,0.5588235294117647,True
diff_amp_02872,MMIFDVIKGALKTVAKIGVKALLGTTLEKVAKKVN,AMP-Diffusion,0.5833333333333333,True
diff_amp_02873,KMRLKKIRKKLKKTGQKAKKVGQKILKGLKKLAPR,AMP-Diffusion,0.6388888888888888,True
diff_amp_02874,MMIISLIKKALKAGIKALGKQAGQAALEALAKKTT,AMP-Diffusion,0.5833333333333333,True
diff_amp_02875,MGLFSTIGKLKRGINYFLDETKGIIQVAKEANAAS,AMP-Diffusion,0.5333333333333333,True
diff_amp_02876,MMLRRKLRRFVNKIGEKLKKIGRKIQGLLPKFRPR,AMP-Diffusion,0.7222222222222221,True
diff_amp_02877,MMKISKIKKKGNKFVKHTFNVAPKAGVAVVGAAAS,AMP-Diffusion,0.5833333333333333,True
diff_amp_02878,KMLRKRRRKKRKKKLKKLKKIRQKIKGLFPELKPR,AMP-Diffusion,0.6666666666666667,True
diff_amp_02879,MMGLKTIGKKIEKLGKKIKKIEGKLRIAAMGKKTA,AMP-Diffusion,0.6031746031746033,True
diff_amp_02880,MRRIKDLGRNIADKLRKTAPRIGEKIGQIAKISAD,AMP-Diffusion,0.5333333333333333,True
diff_amp_02881,MMFRRSHKIRKFLRKISNWLDRKARKFLLPGIKPR,AMP-Diffusion,0.5333333333333333,True
diff_amp_02882,MMKVGMKAIERLAKEFIAKGLNVRATYDFFKRAKR,AMP-Diffusion,0.5135135135135135,True
diff_amp_02883,MKLRKRLRKFRKKIEEKFKKIGQRIQGLLPKLAPR,AMP-Diffusion,0.8059701492537313,False
diff_amp_02884,MMLLGKFIKNKIGGVLRGIGKGAGKGIVHISKKII,AMP-Diffusion,0.523076923076923,True
diff_amp_02885,MMYEKWKSIRQYLKKRWEELKGRIKEIIKNYLPKR,AMP-Diffusion,0.5217391304347826,True
diff_amp_02886,KMLRKRLRKFRNKLKEKLKKIGQKIQGLIPKLAPR,AMP-Diffusion,0.8656716417910448,False
diff_amp_02887,KMLLSKLGKKLNNKLKLLKKHGKKCLGCNKKLKKL,AMP-Diffusion,0.6885245901639344,True
diff_amp_02888,MMLFGKVLDTAINAGKNILKSAGKMAVNGMAKKII,AMP-Diffusion,0.5454545454545454,True
diff_amp_02889,MMKILGKLIKKAGRVIGKGIEAGGSMAENVGKNLA,AMP-Diffusion,0.5757575757575757,True
diff_amp_02890,MMIMASFKRLTKKAVKRLKDVAQRIAATLLGCAVS,AMP-Diffusion,0.5396825396825398,True
diff_amp_02891,MMLIKLIKGAGKAVLKGIAKQAGKTGAKQVANMIQ,AMP-Diffusion,0.59375,True
diff_amp_02892,GMLLRQLRKKIGRALEKILQVVQSLQGALKKLGPL,AMP-Diffusion,0.5625,True
diff_amp_02893,MMVEKLTKLLKKHILKVLKKGGVKIQIALPKKHKV,AMP-Diffusion,0.576271186440678,True
diff_amp_02894,EMLKRLFRKLERIRKKGEDILKRLKNFLDAVSKPR,AMP-Diffusion,0.5555555555555556,True
diff_amp_02895,MMLKRKFRKFRNKIGEKLKKVGQKIIKVLVPLVPR,AMP-Diffusion,0.6944444444444444,True
diff_amp_02896,MMIWQIFKVRRDTENEREKAIKGGIIAQAVKQALA,AMP-Diffusion,0.5245901639344263,True
diff_amp_02897,KMRRKLPKKLRKLKKLFYKGDNGRLRPLLPKLALR,AMP-Diffusion,0.6101694915254237,True
diff_amp_02898,GMFLSSLKGLAKGAGKLAGKGLLQFGQEGLDKAID,AMP-Diffusion,0.6557377049180328,True
diff_amp_02899,MMGFSFIKKLAADVVKGIFKQAGKKVENAVLEGLN,AMP-Diffusion,0.5757575757575757,True
diff_amp_02900,RLRLLRRRLARLARRRRLAR,AMP-Diffusion,0.7619047619047619,True
diff_amp_02901,GMARGAHPVWIKRGLKLYSK,AMP-Diffusion,0.5294117647058824,True
diff_amp_02902,MMFFHFLRPPVKVGHLIHRL,AMP-Diffusion,0.6190476190476191,True
diff_amp_02903,MMFGHIFRGIHHVAKVIHRL,AMP-Diffusion,0.7142857142857143,True
diff_amp_02904,MMLSAIPKLIGKAIVAANNL,AMP-Diffusion,0.631578947368421,True
diff_amp_02905,MMWKKKPWRPQPQNNPKPKT,AMP-Diffusion,0.5142857142857142,True
diff_amp_02906,MMIRQAMKMFKLVTRQPLYY,AMP-Diffusion,0.5142857142857142,True
diff_amp_02907,MMFHHIFKGITHVGKTIHRL,AMP-Diffusion,0.8095238095238095,False
diff_amp_02908,MMLIHFVPKLTKYGRLIHGW,AMP-Diffusion,0.6285714285714286,True
diff_amp_02909,MMLLGKLFKGVKKILERFKQ,AMP-Diffusion,0.6470588235294117,True
diff_amp_02910,MMFKKLSKVGGKVGKFGLGL,AMP-Diffusion,0.6190476190476191,True
diff_amp_02911,RLLVLLRRLLLLLQRGLRLL,AMP-Diffusion,0.7058823529411764,True
diff_amp_02912,MMLKDLFKSVGKVIGAVFGH,AMP-Diffusion,0.6,True
diff_amp_02913,MMLHLLFRKAIKVVKALHRL,AMP-Diffusion,0.5789473684210527,True
diff_amp_02914,MMFHHAIRGIYHVRRRIRRL,AMP-Diffusion,0.6046511627906976,True
diff_amp_02915,KMLLRRLRRKSKKLLKKLKK,AMP-Diffusion,0.7428571428571429,True
diff_amp_02916,MMGWKTWLEKAAYSAAKALA,AMP-Diffusion,0.5853658536585367,True
diff_amp_02917,MMIKTFGQFAKKVAKTIIKT,AMP-Diffusion,0.5641025641025641,True
diff_amp_02918,MMWHRFLRRIIGRAGRALRR,AMP-Diffusion,0.5882352941176471,True
diff_amp_02919,MMRWRWWKRMKQFQIRKGSL,AMP-Diffusion,0.5714285714285714,True
diff_amp_02920,MMIGHLIKGVTHVGKAIHRL,AMP-Diffusion,0.6666666666666667,True
diff_amp_02921,MMKGTFKSAIKWGKKLVAHI,AMP-Diffusion,0.631578947368421,True
diff_amp_02922,MMFTGLIGGIVSAGLAEHLF,AMP-Diffusion,0.5882352941176471,True
diff_amp_02923,GMVLSLLGQRVRQGVLPHSL,AMP-Diffusion,0.5853658536585367,True
diff_amp_02924,RRVVRRVVKRVVRRVVRKVV,AMP-Diffusion,0.7727272727272727,True
diff_amp_02925,MMWAQSAYYGRGVLLRYARR,AMP-Diffusion,0.5853658536585367,True
diff_amp_02926,MMRELVGITGRRIARWIRLV,AMP-Diffusion,0.5454545454545454,True
diff_amp_02927,MMAKKFKKIKKFIKKFIKKF,AMP-Diffusion,0.7647058823529411,True
diff_amp_02928,KLKKLLKKLLKLLKKLLKKL,AMP-Diffusion,0.95,False
diff_amp_02929,EMLKEKFRKIKDRIKRFVDD,AMP-Diffusion,0.5789473684210527,True
diff_amp_02930,MMKRLKWRGMLLRKKLVKYL,AMP-Diffusion,0.6470588235294117,True
diff_amp_02931,CRFRPPRLRPPIRPPVRPPI,AMP-Diffusion,0.7906976744186046,True
diff_amp_02932,MMDILEDQLIWLQKRAKHLM,AMP-Diffusion,0.5,True
diff_amp_02933,MMRRKRLKKLFKRFKRLFRL,AMP-Diffusion,0.6842105263157895,True
diff_amp_02934,MMWKKFWRKARKVGLNPLTL,AMP-Diffusion,0.5714285714285714,True
diff_amp_02935,EMVRKRMHALARELRGLQKK,AMP-Diffusion,0.5714285714285714,True
diff_amp_02936,MMIWSFIKTVGKVALHLLKT,AMP-Diffusion,0.5641025641025641,True
diff_amp_02937,MMWHHIFRGVVHAGKKIIHS,AMP-Diffusion,0.6190476190476191,True
diff_amp_02938,MMNKERIRKYIRNIIKHIKK,AMP-Diffusion,0.6111111111111112,True
diff_amp_02939,MMIGGILKGIGGAVIKGLGK,AMP-Diffusion,0.6153846153846154,True
diff_amp_02940,MMKDLFKRIVQRIKDFFRRL,AMP-Diffusion,0.736842105263158,True
diff_amp_02941,GMLWRGIGSAIRHGARLHRR,AMP-Diffusion,0.6511627906976745,True
diff_amp_02942,MMKILGPCANKRTLNLKLLH,AMP-Diffusion,0.5714285714285714,True
diff_amp_02943,RMHVLLRRLLVQVRRCLGYL,AMP-Diffusion,0.6111111111111112,True
diff_amp_02944,MMIHHIFRGIVKTFKTIHRL,AMP-Diffusion,0.7142857142857143,True
diff_amp_02945,KRLVKKLVKRLVKKWLVKKL,AMP-Diffusion,0.8333333333333335,False
diff_amp_02946,KKLLKLLKLLKLLKKLLKLL,AMP-Diffusion,0.9047619047619048,False
diff_amp_02947,KMFKLLKKIFKILKLLRKIF,AMP-Diffusion,0.736842105263158,True
diff_amp_02948,MMTVGTLRRGRRKMRTITRP,AMP-Diffusion,0.5555555555555556,True
diff_amp_02949,MMLKSLYGMVGGFLPKFLKV,AMP-Diffusion,0.55,True
diff_amp_02950,GGGLESIGQKIKGAVKSALDAIKNKVTGG,AMP-Diffusion,0.5454545454545454,True
diff_amp_02951,MMRKGWKVQRIEKIIQEFGRKILKQGVKE,AMP-Diffusion,0.56,True
diff_amp_02952,MMLWKFLKGAIIAGGKALIGAAQYAIEQA,AMP-Diffusion,0.6129032258064516,True
diff_amp_02953,MMRFCKKRKKRCIKCKRRNGTPVIRTGTK,AMP-Diffusion,0.5306122448979591,True
diff_amp_02954,MMGFGRFARKIGKKLGKKFPRTIRAIGKG,AMP-Diffusion,0.5862068965517242,True
diff_amp_02955,MMNIKEGIKKIENKAIKHGGKILAAARKI,AMP-Diffusion,0.5964912280701755,True
diff_amp_02956,MMFQGGGRRIRIRNFGHARSQEFSGSIGF,AMP-Diffusion,0.5384615384615384,True
diff_amp_02957,MMKKSTPRRGGIKRIPSKIKKLAALAQTI,AMP-Diffusion,0.5172413793103448,True
diff_amp_02958,MMRKATTKYYLDELRRILKDIAQALHKRN,AMP-Diffusion,0.4918032786885246,True
diff_amp_02959,CMRFRYCVRCTYKRRGTYGICVTHGKTCI,AMP-Diffusion,0.48,True
diff_amp_02960,MMGPRSIVRKAAKLLPKRFMKRRAQTTQV,AMP-Diffusion,0.509090909090909,True
diff_amp_02961,MMWGKTFAKKLSNLLKKLFTKTRPNPRGN,AMP-Diffusion,0.5185185185185186,True
diff_amp_02962,CMGCRTKLCRICKREKNSVRCVRRTHGCC,AMP-Diffusion,0.5306122448979591,True
diff_amp_02963,MGFLTSLKDFGQKIGKFLLDKVAQQLVGA,AMP-Diffusion,0.5925925925925926,True
diff_amp_02964,MMALTTALKAAVKAALKTLLKLALLKASQ,AMP-Diffusion,0.6545454545454545,True
diff_amp_02965,MMCLRILSTRFGKKGAKNIVTPKFCSAPI,AMP-Diffusion,0.5263157894736843,True
diff_amp_02966,MMKGLKKLKKYLKKYAKKYAKKLKKYAKK,AMP-Diffusion,0.6538461538461539,True
diff_amp_02967,MMHVHAHTIRFGRIKKRRIGFGKLLRAPS,AMP-Diffusion,0.5,True
diff_amp_02968,MGLGSKLKSAGKNIGNVVKNAGEAVGQLA,AMP-Diffusion,0.56,True
diff_amp_02969,MGLFDTIKNGAKKVLQGVAGQMGSAKVSG,AMP-Diffusion,0.5806451612903225,True
diff_amp_02970,MKKFAKKFAKAAKKFAKKFAKKWAKLAKK,AMP-Diffusion,0.8070175438596492,False
diff_amp_02971,QMLGTLTTDQLLQLQHRQLLLAAEEQLRL,AMP-Diffusion,0.5818181818181818,True
diff_amp_02972,MGLLDKIKGLVGKVGKGVLGKVADKVSNL,AMP-Diffusion,0.64,True
diff_amp_02973,MMWGRTLFKGVAKYLEKKGILGKAIYAGH,AMP-Diffusion,0.5818181818181818,True
diff_amp_02974,RMRLSRGGRAVFWILQWQISRTRQLLQLR,AMP-Diffusion,0.5714285714285714,True
diff_amp_02975,MMKWKWWAWEKEGIGLYTGMGIWAALGKA,AMP-Diffusion,0.5333333333333333,True
diff_amp_02976,MMSIEFFKTNKINLIAKRAIGITAIGAII,AMP-Diffusion,0.5098039215686274,True
diff_amp_02977,MMARINWKTIKKMERWGRLSNYLPRQIGA,AMP-Diffusion,0.5098039215686274,True
diff_amp_02978,MMKKVFKKIYHIIKKTGYGLTSAGKGKIE,AMP-Diffusion,0.5555555555555556,True
diff_amp_02979,MGIGSAIKSVFKGVLATIGKGAAGLSAEG,AMP-Diffusion,0.6296296296296297,True
diff_amp_02980,MMRWDWRMRFFGKAAKKAIPIVAGLLIAG,AMP-Diffusion,0.5396825396825398,True
diff_amp_02981,MMWDRILSGQIPRIARIFRILRRIGQGIL,AMP-Diffusion,0.5614035087719298,True
diff_amp_02982,MMGWSTIKGALKGVLKTIKEIAEKAMNGQ,AMP-Diffusion,0.5862068965517242,True
diff_amp_02983,AMGKKLFKENVWEKTLDAVAKLGGAAVEA,AMP-Diffusion,0.5483870967741935,True
diff_amp_02984,MMLKNRSAKHPKKNWGKIRKIIRIIHHIH,AMP-Diffusion,0.5172413793103448,True
diff_amp_02985,MMFKDKIKTGIQSIGGFFKDFVQRIKDKT,AMP-Diffusion,0.52,True
diff_amp_02986,EMKRKFGKEFKLSEALIKKIEDIIKELFN,AMP-Diffusion,0.5357142857142857,True
diff_amp_02987,MMAIWHFGGQFRRRGHGYKIPKRRAARFC,AMP-Diffusion,0.48,True
diff_amp_02988,MMLFDTLKSAAVKAVLGGLKSLLCKALKC,AMP-Diffusion,0.6229508196721312,True
diff_amp_02989,MMGLFKRIEKIKKELGKLWLNAKREFKGI,AMP-Diffusion,0.5660377358490566,True
diff_amp_02990,MMLLEKIGQKIKEKGKRILQRIKDFFRDL,AMP-Diffusion,0.653061224489796,True
diff_amp_02991,MMLIAKMIKLNLASMGAELTLQKLRKKLN,AMP-Diffusion,0.5490196078431373,True
diff_amp_02992,MMEPTGFVWKIAKKAARIKKKICCLITEP,AMP-Diffusion,0.5283018867924528,True
diff_amp_02993,GMVWGSVGKVGGKLAINAVKAGFNLYEKR,AMP-Diffusion,0.5555555555555556,True
diff_amp_02994,CMSSNGRCKRGEVCRNLNLGCRPSMAIGC,AMP-Diffusion,0.509090909090909,True
diff_amp_02995,MGMLSKAKNFAKSALKGVAKALLSGGFSE,AMP-Diffusion,0.6415094339622642,True
diff_amp_02996,MMQCIQTGEGAKKKKKKKKKKKKKKKKKK,AMP-Diffusion,0.7755102040816326,True
diff_amp_02997,MMLGSKLAKKIGKAGKKLAKKAAGVKEQG,AMP-Diffusion,0.6122448979591837,True
diff_amp_02998,MMLMDTIKEALKNAGATLLDNKKCKLTGL,AMP-Diffusion,0.6785714285714286,True
diff_amp_02999,CMGVCCRRIFTCIKHGRRGCTSNNLRQYL,AMP-Diffusion,0.56,True
diff_amp_03000,MMLKDFLKKALGAVKKGLAGLGKAAG,AMP-Diffusion,0.6382978723404256,True
diff_amp_03001,MGLLDTIKGVGKAAKKLAGKMLTGGM,AMP-Diffusion,0.6222222222222222,True
diff_amp_03002,AMIREAVQRIRRRIRRIPRRIRQGVE,AMP-Diffusion,0.6382978723404256,True
diff_amp_03003,AMLGRALVRAAPRRIAHRVRRHQGVI,AMP-Diffusion,0.5833333333333333,True
diff_amp_03004,EMRIEAVVRVLPRVGRIPRLREELLE,AMP-Diffusion,0.5660377358490566,True
diff_amp_03005,MMIADNLKRTLLKTLLLDLAIGCCVK,AMP-Diffusion,0.5217391304347826,True
diff_amp_03006,KKALKLAKKALKLAKKALKALKKAKK,AMP-Diffusion,0.8085106382978724,False
diff_amp_03007,MKKAFAAFAAFAKKAAKAFAAAFKAA,AMP-Diffusion,0.7234042553191489,True
diff_amp_03008,GGFLGRFLDKVGKAAVKGAKGLFNGL,AMP-Diffusion,0.6666666666666667,True
diff_amp_03009,MMIWKTLKNFLGGAAKHAGKAALQAA,AMP-Diffusion,0.625,True
diff_amp_03010,MMLLRKFRKKLGKIIKKFGGAKPLTR,AMP-Diffusion,0.6222222222222222,True
diff_amp_03011,MMKKKKKKRRRRKKRKKLGQVATTIR,AMP-Diffusion,0.5882352941176471,True
diff_amp_03012,MGFLGKFRKGLAKAWEKMKLIGARKY,AMP-Diffusion,0.5777777777777777,True
diff_amp_03013,MMFFSKLGSGIKDGLKGVVTNALNAL,AMP-Diffusion,0.5531914893617021,True
diff_amp_03014,MMAAKKKAIKAGAALKKAAKAALKAA,AMP-Diffusion,0.7659574468085107,True
diff_amp_03015,MMLGALIKSFAKTLGKHVLEHVAKSV,AMP-Diffusion,0.5777777777777777,True
diff_amp_03016,MMIIRAIRRGIRRIHRIPRLVQQGGE,AMP-Diffusion,0.5714285714285714,True
diff_amp_03017,MMINQRHVFRPRLLPRPIRGDRLLFL,AMP-Diffusion,0.5454545454545454,True
diff_amp_03018,MGILSSLKSALKSAAKGAAASLVGSI,AMP-Diffusion,0.6521739130434783,True
diff_amp_03019,GGLLDILGKVGKKIGGKALNALNEFK,AMP-Diffusion,0.625,True
diff_amp_03020,MGWVGKIGDKIGQLVKDALKNAAKTY,AMP-Diffusion,0.6037735849056604,True
diff_amp_03021,GMWLDTLKKGAGSVLLGVAKHMAGKL,AMP-Diffusion,0.6274509803921569,True
diff_amp_03022,MMIRSIIKHAGKHVARHVIDKITNKL,AMP-Diffusion,0.5106382978723405,True
diff_amp_03023,MMLWDKLKNVGKNLAVNLLNKVKNSI,AMP-Diffusion,0.6037735849056604,True
diff_amp_03024,MMRELLLLRNLIRNVIKIQPILLFHR,AMP-Diffusion,0.5957446808510638,True
diff_amp_03025,MGLIGKIGKGLAKSVASVIGNMKNKK,AMP-Diffusion,0.5882352941176471,True
diff_amp_03026,RMLPRPPRPLRRPPRPLPRPPRPPRP,AMP-Diffusion,0.7659574468085107,True
diff_amp_03027,MMLKDWFKGMLKKVGKGALGGVKNAL,AMP-Diffusion,0.6274509803921569,True
diff_amp_03028,MMTKELKKIGIGAVLWVATLGWGLGL,AMP-Diffusion,0.6274509803921569,True
diff_amp_03029,MMDTRKLPQRLWKKIRYYDEAFQRKV,AMP-Diffusion,0.5333333333333333,True
diff_amp_03030,MMFLSTARKAVKTVLKVALRILGNLK,AMP-Diffusion,0.56,True
diff_amp_03031,MMRLGKVLKKLPIAGKRLLGMGAALK,AMP-Diffusion,0.5909090909090908,True
diff_amp_03032,MMLRKRIRKSIKKEGNKIKRIVAKLV,AMP-Diffusion,0.5957446808510638,True
diff_amp_03033,MGIGSAFWGAAKSLGKNAGQAIGSMV,AMP-Diffusion,0.5714285714285714,True
diff_amp_03034,GGVKDVLKDFAKGVAKSLLDAVKSNA,AMP-Diffusion,0.5882352941176471,True
diff_amp_03035,MMIRELGRRAIRIRHRRPIGAGREVE,AMP-Diffusion,0.64,True
diff_amp_03036,MMLMNTIKNAAKTAAVGLLAKLSCKI,AMP-Diffusion,0.6296296296296297,True
diff_amp_03037,AMVKDSLLKAAAKAVLGMLTDAAKAI,AMP-Diffusion,0.5957446808510638,True
diff_amp_03038,MMALDVFKNTVKNVIKDSLDHIKDKA,AMP-Diffusion,0.5098039215686274,True
diff_amp_03039,MGLGKKLGKKLGKAGKKIGQKIARIG,AMP-Diffusion,0.6545454545454545,True
diff_amp_03040,GGFGDSLKGALKGVAKGLLQKLTAVL,AMP-Diffusion,0.6363636363636364,True
diff_amp_03041,AMVRRTWRGVREAIRVAAPVVTAGLA,AMP-Diffusion,0.5652173913043479,True
diff_amp_03042,MMLLKLGKKALKGIAKIPVTVIATAL,AMP-Diffusion,0.5652173913043479,True
diff_amp_03043,MMLMGIFKKAVKKLAKTVLDMAAKKF,AMP-Diffusion,0.5833333333333333,True
diff_amp_03044,MMLITRLIGGILKLIKAVIRELFLDR,AMP-Diffusion,0.5454545454545454,True
diff_amp_03045,MMPGKYQWRPWPLPRPVKYLRPLSKP,AMP-Diffusion,0.5454545454545454,True
diff_amp_03046,MGFLDTLKSVLKGVASTAGKVATAIV,AMP-Diffusion,0.5957446808510638,True
diff_amp_03047,MMFKALIKNFLGAVAKAGVQAIAGLS,AMP-Diffusion,0.5777777777777777,True
diff_amp_03048,EMLKEKIREKLKKIVKRILDLVKEIV,AMP-Diffusion,0.5652173913043479,True
diff_amp_03049,MMFGNLFKGIAKFLAKTLANEAKSSW,AMP-Diffusion,0.5769230769230769,True
diff_amp_03050,KMKKLFKFLPRKKFLKSL,AMP-Diffusion,0.6875,True
diff_amp_03051,MMWKEYSRRLRWRVIQEF,AMP-Diffusion,0.5405405405405406,True
diff_amp_03052,MMIGSLFSKAGKVVGGLL,AMP-Diffusion,0.625,True
diff_amp_03053,KMLKKALKKLARLLKALL,AMP-Diffusion,0.7741935483870968,True
diff_amp_03054,MMKAFKALTKAAAKFFST,AMP-Diffusion,0.631578947368421,True
diff_amp_03055,MMFGNIAGKVLGKIVSTL,AMP-Diffusion,0.625,True
diff_amp_03056,MMLKRFVGKGLKKFSRIF,AMP-Diffusion,0.5806451612903225,True
diff_amp_03057,MMWKRLFRAAVKVAKAAV,AMP-Diffusion,0.625,True
diff_amp_03058,MMYVKITDNKGMGSLGKF,AMP-Diffusion,0.5806451612903225,True
diff_amp_03059,MMSIRSLIKKAIKKVGKA,AMP-Diffusion,0.6,True
diff_amp_03060,MMRVGKNLKIPQRILNAY,AMP-Diffusion,0.5405405405405406,True
diff_amp_03061,AMASTRRGLRLLRKKLKL,AMP-Diffusion,0.6451612903225806,True
diff_amp_03062,MMAFCGAEALHAARQMLA,AMP-Diffusion,0.5789473684210527,True
diff_amp_03063,MMLGLAKKLAKKLAKALV,AMP-Diffusion,0.7741935483870968,True
diff_amp_03064,MMSFRARFKRLRSLQSRK,AMP-Diffusion,0.5806451612903225,True
diff_amp_03065,MMTRDFKNILELLKDFLG,AMP-Diffusion,0.5454545454545454,True
diff_amp_03066,CMWWCAIVGYGAKALCYR,AMP-Diffusion,0.5263157894736843,True
diff_amp_03067,GWRRWRRVWRGWGRVWRG,AMP-Diffusion,0.75,True
diff_amp_03068,MMLGSLLGLVSNALGGLL,AMP-Diffusion,0.8,True
diff_amp_03069,MMMKKFLKIARKAAVALA,AMP-Diffusion,0.6111111111111112,True
diff_amp_03070,MMRAGGGLRIAACFRATL,AMP-Diffusion,0.6153846153846154,True
diff_amp_03071,MMKRTFPQIVKRIKQFLA,AMP-Diffusion,0.6666666666666667,True
diff_amp_03072,MMVAGRAVYVRPADRVPR,AMP-Diffusion,0.6,True
diff_amp_03073,MMTKKRGKKLFWRVFQPR,AMP-Diffusion,0.5641025641025641,True
diff_amp_03074,MMRRLPKFIQTVIKQLHV,AMP-Diffusion,0.5454545454545454,True
diff_amp_03075,MMNAALKKLASAVSGLAF,AMP-Diffusion,0.5714285714285714,True
diff_amp_03076,KMLLGKWWKRLKRYLRKL,AMP-Diffusion,0.6666666666666667,True
diff_amp_03077,MMKFGATALKNPLKCLAT,AMP-Diffusion,0.5625,True
diff_amp_03078,GMLGPAVGLGLGLLKKLL,AMP-Diffusion,0.7027027027027026,True
diff_amp_03079,MMIGPVIALVGGALGKLL,AMP-Diffusion,0.6857142857142857,True
diff_amp_03080,MGLGKVLGLAGKVLGGVV,AMP-Diffusion,0.6875,True
diff_amp_03081,MMFTLLLRIFLTTFRHLF,AMP-Diffusion,0.5806451612903225,True
diff_amp_03082,MLKGKVGLGGLKKLLKKV,AMP-Diffusion,0.75,True
diff_amp_03083,MMALKLFAKLFKKALKKF,AMP-Diffusion,0.7096774193548387,True
diff_amp_03084,MMWKLKIKGKVITQVLKI,AMP-Diffusion,0.6451612903225806,True
diff_amp_03085,MMWGPVLKVAGTVGGLLK,AMP-Diffusion,0.631578947368421,True
diff_amp_03086,MMVRAGRNFVSRKVVIPA,AMP-Diffusion,0.6,True
diff_amp_03087,MMIINGRAFVKKRLQALL,AMP-Diffusion,0.5625,True
diff_amp_03088,MGIGTVIKVASGPIKVIK,AMP-Diffusion,0.625,True
diff_amp_03089,RMGVPAALRVQTRRLIRR,AMP-Diffusion,0.6,True
diff_amp_03090,MGWLDKIKKVAGKVALVS,AMP-Diffusion,0.6875,True
diff_amp_03091,MMWKWYRFIRWVRKLKPY,AMP-Diffusion,0.6,True
diff_amp_03092,MMKKGLKKLLKGFKKLFK,AMP-Diffusion,0.7647058823529411,True
diff_amp_03093,MMRLKCTYPRFQHSCYRF,AMP-Diffusion,0.5714285714285714,True
diff_amp_03094,KMWKLFLKPLSKSFKKKL,AMP-Diffusion,0.7272727272727273,True
diff_amp_03095,MMLFSSGKRKFHRPLRRV,AMP-Diffusion,0.5555555555555556,True
diff_amp_03096,MMLFALVQFAMKALGRVQ,AMP-Diffusion,0.5806451612903225,True
diff_amp_03097,MMLLPFLPNKKISKPLKL,AMP-Diffusion,0.625,True
diff_amp_03098,MMIRRARRAARIANRPPR,AMP-Diffusion,0.6111111111111112,True
diff_amp_03099,MMWGSFLAAVGKYLASKM,AMP-Diffusion,0.5454545454545454,True
diff_amp_03100,MMLGKRFRKKLGRIRKKIGKKFRKIIRRFL,AMP-Diffusion,0.6274509803921569,True
diff_amp_03101,MMWFPVLLKAGALAGKIGKIGWEAALKGWK,AMP-Diffusion,0.5714285714285714,True
diff_amp_03102,GGLLSKLGRKLKTGVKDLVGGLVNQIKGKL,AMP-Diffusion,0.6274509803921569,True
diff_amp_03103,AMAALVTMQPIENLLQAQQAINQAIREGMR,AMP-Diffusion,0.48275862068965514,True
diff_amp_03104,MMIADKHFLTHIEDIIRRFKNLRSRAARPL,AMP-Diffusion,0.4814814814814815,True
diff_amp_03105,RRVWRVWRRWRGVWRGVWRRVWRRWGRGRR,AMP-Diffusion,0.72,True
diff_amp_03106,MMFKFLNNLFKSARKIEKIICSIKRGVTAL,AMP-Diffusion,0.5384615384615384,True
diff_amp_03107,MMLRRRDQCMWKGLKKGRGHCITRNFDYRP,AMP-Diffusion,0.4918032786885246,True
diff_amp_03108,MMILSIMPAAANVLKRGRKQFAQGKLLSVA,AMP-Diffusion,0.5555555555555556,True
diff_amp_03109,MMIGILDHFERYLRRIMDEARKRLDNLGRW,AMP-Diffusion,0.5,True
diff_amp_03110,MGLLDKIKGVAKGVAKDVLGQSVGGVSGSL,AMP-Diffusion,0.6274509803921569,True
diff_amp_03111,CMIFSRCKRCRWGCKRIETLGEHCNRFHFF,AMP-Diffusion,0.4705882352941176,True
diff_amp_03112,MMSARIQAWGRKFRRRSDKAVWLVINNGVQ,AMP-Diffusion,0.48275862068965514,True
diff_amp_03113,MMPSKGSRKIFFKAWRCSGLNPRLPPLAQI,AMP-Diffusion,0.5,True
diff_amp_03114,CMGRFGQLCRQAGRRCRGFGCSSYVPTHRC,AMP-Diffusion,0.5,True
diff_amp_03115,MMQAKTLINKVKTAAKKAGKQAKTALKSTL,AMP-Diffusion,0.5714285714285714,True
diff_amp_03116,CMSCGRRRGRCGPRLRRSSGSCTYFGVHSC,AMP-Diffusion,0.5,True
diff_amp_03117,MMLGSTLKKVAGKVLGKVTQAGVGALSKVT,AMP-Diffusion,0.5882352941176471,True
diff_amp_03118,MMRIQWQVGRFQRLLRLLIAIQRQLRIQLQ,AMP-Diffusion,0.5384615384615384,True
diff_amp_03119,GGMASVLKDAGKDLAKTVAGSLLSTFKGKL,AMP-Diffusion,0.6,True
diff_amp_03120,MMLLDLRAIGGGWIIKITRWWLLRRILRGL,AMP-Diffusion,0.5263157894736843,True
diff_amp_03121,MMFTDGLKHVAKTVATHLLDSLKEAACKLT,AMP-Diffusion,0.6,True
diff_amp_03122,MGVFGKLAGIASKVGQKVLGNVKKTAVNVL,AMP-Diffusion,0.6,True
diff_amp_03123,GGDVSRRFMRGSRRRRRGFFMRRDSGRGDF,AMP-Diffusion,0.65625,True
diff_amp_03124,MMLFKNKINKGLKAAKSAGVGIKAAIKSEK,AMP-Diffusion,0.5769230769230769,True
diff_amp_03125,MMFWLRFGGCRRRFRVGGRKLFRRHIRLIP,AMP-Diffusion,0.5384615384615384,True
diff_amp_03126,MMLFDTFKSVAKSLAGKAINSLNEAVCSAL,AMP-Diffusion,0.5396825396825398,True
diff_amp_03127,MMIGEKTKKEYDRLIESMNAVGCNGKCFLA,AMP-Diffusion,0.47272727272727283,True
diff_amp_03128,MMLLDTLKQIGTKVLIGKLLKAIAGAVSAL,AMP-Diffusion,0.6071428571428572,True
diff_amp_03129,GMLFLRGVQARPHVSWVKTPAQLFATAKGK,AMP-Diffusion,0.5555555555555556,True
diff_amp_03130,MMIGGLIAKGAAKVAKTAAVAGLKTLKRII,AMP-Diffusion,0.6,True
diff_amp_03131,MMSRKWWRKLKRRMTLIKLLRQGVNNYRSP,AMP-Diffusion,0.5454545454545454,True
diff_amp_03132,MMFFALLTKELHQPKLRLRAHDHARRQLLA,AMP-Diffusion,0.5357142857142857,True
diff_amp_03133,MGFLSKLGKKVLGTVGRAALGGLQLAVEAV,AMP-Diffusion,0.6101694915254237,True
diff_amp_03134,CMWCYTARGYCLRRRSCRGYCLTRGLCRYL,AMP-Diffusion,0.48275862068965514,True
diff_amp_03135,CMRCRRRSACLVTRLRRGSCNNRYGKARCL,AMP-Diffusion,0.5,True
diff_amp_03136,CMRIRFSFRCRLSCRRLGFSLRIGRRICRV,AMP-Diffusion,0.5573770491803278,True
diff_amp_03137,CMRCRCRRTRGRRSEELASCTITNGVYYFL,AMP-Diffusion,0.509090909090909,True
diff_amp_03138,MMKLIKKIGKGVMAAFGKGLGAGKALLKSL,AMP-Diffusion,0.5901639344262295,True
diff_amp_03139,CMTCYRRVCLRKGLKSRSEVCGYRNRVFRT,AMP-Diffusion,0.5,True
diff_amp_03140,QMTSLAKAQAKELQEKTLLELEAQYQKLQL,AMP-Diffusion,0.5490196078431373,True
diff_amp_03141,MMWKDFFKKIGGGIFKVALSIGEKIKDLFG,AMP-Diffusion,0.56,True
diff_amp_03142,MMLWSLVKTGIANVLKKVGIGLEKAQKCLG,AMP-Diffusion,0.5660377358490566,True
diff_amp_03143,GGVLNSLGKGLFKGGKDLLKGSVEDLFEKL,AMP-Diffusion,0.5882352941176471,True
diff_amp_03144,GMLLAVIGKGALKLVKRAGQSALHALQGVV,AMP-Diffusion,0.5818181818181818,True
diff_amp_03145,MGLWNSIKEKAKGFATNVGDKLLDIAKDKI,AMP-Diffusion,0.6153846153846154,True
diff_amp_03146,MMKYLPLGKKFLGALPKRSANIPFKAFCAK,AMP-Diffusion,0.5263157894736843,True
diff_amp_03147,MMRRGRFKKFGKKIFNGIGAKIIGTAVGHY,AMP-Diffusion,0.5423728813559322,True
diff_amp_03148,CMTCYLRGCRCSRRRGISRGCRISARLYLC,AMP-Diffusion,0.5490196078431373,True
diff_amp_03149,MMSFSKFGKLLENAAKVKGGQVAGSLNSAV,AMP-Diffusion,0.5396825396825398,True
diff_amp_03150,MMGFIKKAVTIGFSKIGKLFKGKAR,AMP-Diffusion,0.5957446808510638,True
diff_amp_03151,MMKFGFLFKKGGKKFKKVAQRLFKK,AMP-Diffusion,0.6086956521739131,True
diff_amp_03152,MGLAKGLQSALKAVAGLVASIKDAV,AMP-Diffusion,0.6190476190476191,True
diff_amp_03153,AMSSVPSIEKAVALVAKAKGLLGSE,AMP-Diffusion,0.5777777777777777,True
diff_amp_03154,MMQMKKVKAASKLAKKALKLMLGVI,AMP-Diffusion,0.6153846153846154,True
diff_amp_03155,MMLSLFKSISSVAGKVVKGAKKAIT,AMP-Diffusion,0.5769230769230769,True
diff_amp_03156,MMFWGFLAKVAKNVGKAAANYAAKH,AMP-Diffusion,0.6046511627906976,True
diff_amp_03157,MMLLTFIKKAGKALIKGAMTAFESH,AMP-Diffusion,0.5769230769230769,True
diff_amp_03158,AGLLAALGKQLADQVKQLLPKIAKY,AMP-Diffusion,0.6046511627906976,True
diff_amp_03159,MMKFRGWLWKLGATAKKPLWKLSKE,AMP-Diffusion,0.6086956521739131,True
diff_amp_03160,MMLGMLGSAVKKALSGILGLISFLK,AMP-Diffusion,0.5777777777777777,True
diff_amp_03161,KMALKLLPLKLALKAKKLALKLAKA,AMP-Diffusion,0.7441860465116279,True
diff_amp_03162,MMFGSFLRKIKKLAKKIAKKFLKAI,AMP-Diffusion,0.653061224489796,True
diff_amp_03163,MMWRKGFKKLIKWVPSRVIPGLADQ,AMP-Diffusion,0.5581395348837209,True
diff_amp_03164,MMWLALFKKVGKFGKAVFGAAQGFI,AMP-Diffusion,0.5957446808510638,True
diff_amp_03165,MMWKSFIKGAKKVGKALLKVGSAAK,AMP-Diffusion,0.5964912280701755,True
diff_amp_03166,MMLGLTLIAQIGPKLVTIVNNLKFK,AMP-Diffusion,0.5714285714285714,True
diff_amp_03167,MMWGSFLLQLTAKLLKTGIAKILQG,AMP-Diffusion,0.5769230769230769,True
diff_amp_03168,MMWKKRIIKYLLNKLKEAAKNFFNW,AMP-Diffusion,0.5333333333333333,True
diff_amp_03169,MMFIATLGGLIGGAGAALSGILNQR,AMP-Diffusion,0.5909090909090908,True
diff_amp_03170,MMDLLTRLGGIGKTIWSYLRKIRRK,AMP-Diffusion,0.5454545454545454,True
diff_amp_03171,MMHIHHIIGHFLHIHHIIGHILRGR,AMP-Diffusion,0.6521739130434783,True
diff_amp_03172,MMKVKKKIKVKKVFRWGGVTGLPTT,AMP-Diffusion,0.5416666666666667,True
diff_amp_03173,MMIGGLKHRFRVVDGLRHKVVRTDR,AMP-Diffusion,0.5306122448979591,True
diff_amp_03174,AMRRLFRGVRRLAKRFGRNWVAVLR,AMP-Diffusion,0.6046511627906976,True
diff_amp_03175,MMPGHKLAALLKAGWKGLGAELKIL,AMP-Diffusion,0.6046511627906976,True
diff_amp_03176,KMKKLLSKTKLKLKALKLAALKKAL,AMP-Diffusion,0.7441860465116279,True
diff_amp_03177,MGLLDSLKSSLKTAGKGLLKAAPAM,AMP-Diffusion,0.6086956521739131,True
diff_amp_03178,MMWAANIKGLLKSTIINVLPNKIKS,AMP-Diffusion,0.5581395348837209,True
diff_amp_03179,MMLRNLLGGRFLGIGWRLILGGRRS,AMP-Diffusion,0.5454545454545454,True
diff_amp_03180,MMKFPRPIPPRFKHFRKPNPFPRIK,AMP-Diffusion,0.5714285714285714,True
diff_amp_03181,MMIGGLIKAAGKVAVGVTNTAKKAF,AMP-Diffusion,0.5909090909090908,True
diff_amp_03182,MMKLSKIKKKGKALKKAVLNELKAA,AMP-Diffusion,0.6190476190476191,True
diff_amp_03183,MMIWPLFGIPIGAVLGMTMTGIPKK,AMP-Diffusion,0.5818181818181818,True
diff_amp_03184,MMWKKFLKNLGKVVGKIVLTAVKPA,AMP-Diffusion,0.5925925925925926,True
diff_amp_03185,MMVWPAIGVGIGFGLAHLIANILGK,AMP-Diffusion,0.5454545454545454,True
diff_amp_03186,MGLMDTIKGAIRKVGTHLGKAVRDM,AMP-Diffusion,0.5714285714285714,True
diff_amp_03187,RMLLRRLRKKGGGKLKKLLRVLLRL,AMP-Diffusion,0.6382978723404256,True
diff_amp_03188,MMDWEKILAKIGKVLKVGAVAVAAG,AMP-Diffusion,0.5769230769230769,True
diff_amp_03189,MMFGSLLKKGGKTALKAAAKGLAST,AMP-Diffusion,0.6511627906976745,True
diff_amp_03190,MMLGHIFKGAGSVFGSVLHHIRGHR,AMP-Diffusion,0.5333333333333333,True
diff_amp_03191,MMLFKLFAKAIRKNFKGLGGLLAGP,AMP-Diffusion,0.5777777777777777,True
diff_amp_03192,MMNLKKFAKGILTAVKKGAMNVLTL,AMP-Diffusion,0.5714285714285714,True
diff_amp_03193,MMKKKKKLLGVLVVLAPLAPILRLA,AMP-Diffusion,0.6086956521739131,True
diff_amp_03194,CMRFSPWSPRLPTIRRWRPWRPFFR,AMP-Diffusion,0.6190476190476191,True
diff_amp_03195,MMHVRRHLRRVYRVKQTYKRLLYKG,AMP-Diffusion,0.5238095238095238,True
diff_amp_03196,GMMCRVLLRRLGGRGLLTLIQQFQK,AMP-Diffusion,0.5581395348837209,True
diff_amp_03197,GMWLLRRGWSIGGKLLKWGFGVESK,AMP-Diffusion,0.5652173913043479,True
diff_amp_03198,EMIRAFLKKLLKKKLREGYTLLKAK,AMP-Diffusion,0.6363636363636364,True
diff_amp_03199,MMIGRKIGATLPYPPFHPGFKPRKK,AMP-Diffusion,0.5238095238095238,True
diff_amp_03200,MMFNLIKLIFKLI,AMP-Diffusion,0.6666666666666667,True
diff_amp_03201,MMWRHPKRVFRHI,AMP-Diffusion,0.6363636363636364,True
diff_amp_03202,MMNLKAIAKLKKL,AMP-Diffusion,0.7692307692307692,True
diff_amp_03203,CMKCRRWLRRMWK,AMP-Diffusion,0.6666666666666667,True
diff_amp_03204,GRLRRRRPLPRPR,AMP-Diffusion,0.7586206896551724,True
diff_amp_03205,MMNWKKIKNCLLF,AMP-Diffusion,0.6,True
diff_amp_03206,MMRTFRLGAKHRH,AMP-Diffusion,0.5833333333333333,True
diff_amp_03207,GRRRRRWWWWWWW,AMP-Diffusion,0.96,False
diff_amp_03208,MMLPRFLRKGLIH,AMP-Diffusion,0.5833333333333333,True
diff_amp_03209,CRWRWPRRPPPPR,AMP-Diffusion,0.8,True
diff_amp_03210,MMFLPLIPKVAGL,AMP-Diffusion,0.6923076923076923,True
diff_amp_03211,AKALAALIASIPK,AMP-Diffusion,0.6666666666666667,True
diff_amp_03212,MMWLKKIAIKRMK,AMP-Diffusion,0.6363636363636364,True
diff_amp_03213,MMKKRLRLLMMMW,AMP-Diffusion,0.5833333333333333,True
diff_amp_03214,MMLPVLGKILSSV,AMP-Diffusion,0.6206896551724138,True
diff_amp_03215,MMKKLFKKIGAVF,AMP-Diffusion,0.7407407407407408,True
diff_amp_03216,MMRKWKWIGGKIR,AMP-Diffusion,0.64,True
diff_amp_03217,MMKKILSKKLSLA,AMP-Diffusion,0.75,True
diff_amp_03218,KMRLKKPLKKLLK,AMP-Diffusion,0.8333333333333335,False
diff_amp_03219,MMIVKEIAARLLR,AMP-Diffusion,0.6153846153846154,True
diff_amp_03220,GRRRLRPRHGRPR,AMP-Diffusion,0.6956521739130435,True
diff_amp_03221,MMFWTTYKQIFFP,AMP-Diffusion,0.56,True
diff_amp_03222,MMKKLFQKIKNIW,AMP-Diffusion,0.6666666666666667,True
diff_amp_03223,MMNLRKIYSKAIG,AMP-Diffusion,0.56,True
diff_amp_03224,MAKCFAWASAAKF,AMP-Diffusion,0.6,True
diff_amp_03225,MMMLDVQLKLNIA,AMP-Diffusion,0.5833333333333333,True
diff_amp_03226,MMLIKTMIYNNCC,AMP-Diffusion,0.5217391304347826,True
diff_amp_03227,MMRKRPVLIVVTI,AMP-Diffusion,0.64,True
diff_amp_03228,MMKKFLSKIGKRW,AMP-Diffusion,0.6666666666666667,True
diff_amp_03229,MMWLGRVVIRVVW,AMP-Diffusion,0.64,True
diff_amp_03230,MMALLLKKALMSV,AMP-Diffusion,0.6666666666666667,True
diff_amp_03231,RWWRRWRWWRRRW,AMP-Diffusion,0.8333333333333335,False
diff_amp_03232,KMWKLLKKLLKKW,AMP-Diffusion,0.8695652173913043,False
diff_amp_03233,KLKLLLKLKKLLL,AMP-Diffusion,0.8888888888888888,False
diff_amp_03234,MMKIWSRWMRRWR,AMP-Diffusion,0.6666666666666667,True
diff_amp_03235,CMRRRPRPPSRPR,AMP-Diffusion,0.7692307692307692,True
diff_amp_03236,CMCWRLLKLAKKC,AMP-Diffusion,0.6956521739130435,True
diff_amp_03237,KMLFKKLLKKFLK,AMP-Diffusion,0.8,True
diff_amp_03238,MMIWKIFKLQRKI,AMP-Diffusion,0.6363636363636364,True
diff_amp_03239,MMLNDVFKWIGAI,AMP-Diffusion,0.56,True
diff_amp_03240,MMLTKIRIQIRPI,AMP-Diffusion,0.56,True
diff_amp_03241,MMMPLTKKLLAKL,AMP-Diffusion,0.6666666666666667,True
diff_amp_03242,KMFFRLFKKFRRL,AMP-Diffusion,0.7272727272727273,True
diff_amp_03243,MMIFRQKRRKSKW,AMP-Diffusion,0.6363636363636364,True
diff_amp_03244,MMRGIAILKCIKD,AMP-Diffusion,0.6086956521739131,True
diff_amp_03245,LLKLKLKLKLKLK,AMP-Diffusion,0.962962962962963,False
diff_amp_03246,GGLLGGILEALLK,AMP-Diffusion,0.6923076923076923,True
diff_amp_03247,CWRSSSRRRGRLF,AMP-Diffusion,0.6086956521739131,True
diff_amp_03248,MMKKKRKLLWMLM,AMP-Diffusion,0.6923076923076923,True
diff_amp_03249,LMALKKLAKLLAK,AMP-Diffusion,0.814814814814815,False
diff_amp_03250,MMAGKNWFAEKKVQAKLMGK,AMP-Diffusion,0.5641025641025641,True
diff_amp_03251,MMPTILKSKIQGRSKQQGIK,AMP-Diffusion,0.5142857142857142,True
diff_amp_03252,MMAEGLQHLFKPTKGFIPEV,AMP-Diffusion,0.5294117647058824,True
diff_amp_03253,MGVLKTVKDGAKSVLGRVLG,AMP-Diffusion,0.6341463414634146,True
diff_amp_03254,KKLKKLGKLGKKLKKLGKGL,AMP-Diffusion,0.8333333333333335,False
diff_amp_03255,MMINWKRFRKKKNKHGGAVT,AMP-Diffusion,0.5581395348837209,True
diff_amp_03256,KKKKKKKKKKKKKKKKRIFL,AMP-Diffusion,0.8571428571428572,False
diff_amp_03257,MMIIKLYQHIKLYRLGRVWI,AMP-Diffusion,0.55,True
diff_amp_03258,MMIGALLKVLKGVKALVNGL,AMP-Diffusion,0.6341463414634146,True
diff_amp_03259,KKRKVKKRLRRLLRKRKRLV,AMP-Diffusion,0.7058823529411764,True
diff_amp_03260,MMIGIVASLVSPVVKTVAPL,AMP-Diffusion,0.55,True
diff_amp_03261,EKIKSEFKKYAKEVVSTIKK,AMP-Diffusion,0.5714285714285714,True
diff_amp_03262,MMDIPKGIKKLQIRRYLFLL,AMP-Diffusion,0.5405405405405406,True
diff_amp_03263,MMAGNWFRRIVKLGPITAAS,AMP-Diffusion,0.55,True
diff_amp_03264,CMARWAWLCRTRGGRRVSRW,AMP-Diffusion,0.5882352941176471,True
diff_amp_03265,KMFKKFFRKIFRKFRKKFRK,AMP-Diffusion,0.7428571428571429,True
diff_amp_03266,EIKKEIEEIKKEIEEIEKEL,AMP-Diffusion,0.8108108108108109,False
diff_amp_03267,MMQKQPYFISKAYVWPAYRR,AMP-Diffusion,0.5,True
diff_amp_03268,EMRKFKKVLKLLEKLFDWQL,AMP-Diffusion,0.5945945945945945,True
diff_amp_03269,MMLHHLFKHATTGLGKLLTT,AMP-Diffusion,0.5789473684210527,True
diff_amp_03270,GGLFGKILGLLKGLGKGLGG,AMP-Diffusion,0.7567567567567568,True
diff_amp_03271,MMFTVLRWLHRRKQITFQNL,AMP-Diffusion,0.5882352941176471,True
diff_amp_03272,MMFLKTFLKYLKKVFKRVLE,AMP-Diffusion,0.6,True
diff_amp_03273,MMIRELARAVRRAIRHIPRR,AMP-Diffusion,0.6470588235294117,True
diff_amp_03274,MMRFFKKFGKKLRKFVKKFG,AMP-Diffusion,0.6666666666666667,True
diff_amp_03275,MMLRDPLKKGGKVAEKIAGH,AMP-Diffusion,0.5581395348837209,True
diff_amp_03276,MMLMGVIRLFWHTVQKITNK,AMP-Diffusion,0.5,True
diff_amp_03277,MMASSAFFLSARWLSRLAKK,AMP-Diffusion,0.5789473684210527,True
diff_amp_03278,MMFKGLFKGLFHAGAKIKAL,AMP-Diffusion,0.6470588235294117,True
diff_amp_03279,MKKKKAAAAAAAAAAAAAAA,AMP-Diffusion,0.8571428571428572,False
diff_amp_03280,MMRRKRKPIQLPVTLPHLRR,AMP-Diffusion,0.5555555555555556,True
diff_amp_03281,MMWDASKKFIKELNGTQQIK,AMP-Diffusion,0.5263157894736843,True
diff_amp_03282,MMFRFQGFFRNFQPFHWRGR,AMP-Diffusion,0.5555555555555556,True
diff_amp_03283,MMIERLGRRIGRILQRAARA,AMP-Diffusion,0.5853658536585367,True
diff_amp_03284,MMPSTVTKIVQWIGGWLRSK,AMP-Diffusion,0.5,True
diff_amp_03285,KKGLKLALKVKKLKKKIKLL,AMP-Diffusion,0.7428571428571429,True
diff_amp_03286,MMIRKNLFRFKRWKFRKFFR,AMP-Diffusion,0.631578947368421,True
diff_amp_03287,MMPNNRVPRPQNPKPRPPLP,AMP-Diffusion,0.631578947368421,True
diff_amp_03288,MMSDRFRGVIREVRIAVSEL,AMP-Diffusion,0.5263157894736843,True
diff_amp_03289,MMGLHIVRIVSYRLRILFTS,AMP-Diffusion,0.5641025641025641,True
diff_amp_03290,MMLQSIFKGVYKVLKKVLGL,AMP-Diffusion,0.5882352941176471,True
diff_amp_03291,MMRTKIGSRSLKFWFRKVGD,AMP-Diffusion,0.5714285714285714,True
diff_amp_03292,MMFSHIFKGIHTAGKVFKLF,AMP-Diffusion,0.5714285714285714,True
diff_amp_03293,MMWWLRKVRQAISVALPKVL,AMP-Diffusion,0.6,True
diff_amp_03294,KMKLALKLLALKALKALKLA,AMP-Diffusion,0.8947368421052632,False
diff_amp_03295,MMLKLLAKVAKKLLPRIFAL,AMP-Diffusion,0.6470588235294117,True
diff_amp_03296,MMWKLFAKLVSKALGTAVKY,AMP-Diffusion,0.6111111111111112,True
diff_amp_03297,CMWDFLRVGGRCLLDLLHRL,AMP-Diffusion,0.5714285714285714,True
diff_amp_03299,CMPRPPPPRPRPRPPQPRPR,AMP-Diffusion,0.7692307692307692,True
diff_amp_03300,MMKWRVTGYYGQW,AMP-Diffusion,0.7272727272727273,True
diff_amp_03301,MMRGRLKWSRKMY,AMP-Diffusion,0.6363636363636364,True
diff_amp_03302,KMLKKLLRLLRWL,AMP-Diffusion,0.7407407407407408,True
diff_amp_03303,MMKKKRRLRWMAW,AMP-Diffusion,0.6086956521739131,True
diff_amp_03304,MMWVLKWQIRRLW,AMP-Diffusion,0.6363636363636364,True
diff_amp_03305,CMRRRWPWWWLRR,AMP-Diffusion,0.782608695652174,True
diff_amp_03306,MMGLRKWRCFCKT,AMP-Diffusion,0.6086956521739131,True
diff_amp_03307,MKFAKKFAKAFKK,AMP-Diffusion,0.8,True
diff_amp_03308,MMFSLKAFVKVSS,AMP-Diffusion,0.6153846153846154,True
diff_amp_03309,MMNWKKILQTFLN,AMP-Diffusion,0.5833333333333333,True
diff_amp_03310,MMWRKRLFQAPKT,AMP-Diffusion,0.5833333333333333,True
diff_amp_03311,MMLKYKRISARLK,AMP-Diffusion,0.64,True
diff_amp_03312,MMKGIFGRFSRKL,AMP-Diffusion,0.6363636363636364,True
diff_amp_03313,MMRLKKLGALSKY,AMP-Diffusion,0.6666666666666667,True
diff_amp_03314,CMSMPPKIWCSRT,AMP-Diffusion,0.56,True
diff_amp_03315,MMKRIGKKIWDVL,AMP-Diffusion,0.75,True
diff_amp_03316,MMKKRKWQWRLKF,AMP-Diffusion,0.6666666666666667,True
diff_amp_03317,MMLPGVLKSLGNL,AMP-Diffusion,0.6363636363636364,True
diff_amp_03318,MMIFGGLIKGMLA,AMP-Diffusion,0.64,True
diff_amp_03319,KMLKKLWKWWLKR,AMP-Diffusion,0.75,True
diff_amp_03320,MMKNLHKLELTKA,AMP-Diffusion,0.64,True
diff_amp_03321,RMRRRWRLMRLMR,AMP-Diffusion,0.6956521739130435,True
diff_amp_03322,MMFGRVWKSRFKY,AMP-Diffusion,0.64,True
diff_amp_03323,MMRLFKKWIPTAI,AMP-Diffusion,0.64,True
diff_amp_03324,RMSRRIWRIWVRW,AMP-Diffusion,0.6956521739130435,True
diff_amp_03325,MMGKGRLKLIAIT,AMP-Diffusion,0.6086956521739131,True
diff_amp_03326,MMARKVWRRMMRK,AMP-Diffusion,0.5833333333333333,True
diff_amp_03327,MMRPLWRKIWVGF,AMP-Diffusion,0.6363636363636364,True
diff_amp_03328,MAKILKSVAGLAK,AMP-Diffusion,0.6666666666666667,True
diff_amp_03329,MMATKALFNRFRK,AMP-Diffusion,0.5833333333333333,True
diff_amp_03330,MMLWKKLFKRVQK,AMP-Diffusion,0.6363636363636364,True
diff_amp_03331,GQQVRPVPGRLPR,AMP-Diffusion,0.6363636363636364,True
diff_amp_03332,MMKKLFKRIKQWY,AMP-Diffusion,0.6956521739130435,True
diff_amp_03333,MMKKLRKQLWMWR,AMP-Diffusion,0.6363636363636364,True
diff_amp_03334,MMRAGLLRVVFRH,AMP-Diffusion,0.56,True
diff_amp_03335,MMANLLGIVSAKV,AMP-Diffusion,0.6153846153846154,True
diff_amp_03336,MMKKFFKKILISK,AMP-Diffusion,0.6956521739130435,True
diff_amp_03337,GGLADVIGKVAGA,AMP-Diffusion,0.6896551724137931,True
diff_amp_03338,MMSPKKFGRHLKK,AMP-Diffusion,0.5833333333333333,True
diff_amp_03339,RMRWLKKWLRRWQ,AMP-Diffusion,0.72,True
diff_amp_03340,RMALRGRLTHIRA,AMP-Diffusion,0.64,True
diff_amp_03341,LMLLAKLLAKLAK,AMP-Diffusion,0.782608695652174,True
diff_amp_03342,MGMGMGKASLGKK,AMP-Diffusion,0.6086956521739131,True
diff_amp_03343,MGLFDLIKKVAGI,AMP-Diffusion,0.8333333333333335,False
diff_amp_03344,KMKLLRRLLKLLK,AMP-Diffusion,0.8,True
diff_amp_03345,MMLSAVAKLLAGK,AMP-Diffusion,0.6153846153846154,True
diff_amp_03346,MMKWKKWAWWAAW,AMP-Diffusion,0.6666666666666667,True
diff_amp_03347,RMLKRLLLRLLKF,AMP-Diffusion,0.8181818181818181,False
diff_amp_03348,MMRVKWIVQWTRF,AMP-Diffusion,0.6363636363636364,True
diff_amp_03349,MMLKKKPWPWWWR,AMP-Diffusion,0.75,True
diff_amp_03350,MMSSKGFVKSFKKLWKRAVKKRAAAAGLL,AMP-Diffusion,0.5306122448979591,True
diff_amp_03351,MMFFGKLRKKIKKFLKKVIGFLKHKFQGR,AMP-Diffusion,0.6,True
diff_amp_03352,AMWSSTFRLARWWPLRARGGSQLQRLGAE,AMP-Diffusion,0.52,True
diff_amp_03353,LMKIVKWFKKDLKSLAKDLKKLAKDLLKN,AMP-Diffusion,0.6666666666666667,True
diff_amp_03354,MGIFDTIKNFTKGLLQTIQGKIKCKCKCG,AMP-Diffusion,0.631578947368421,True
diff_amp_03355,MMWKRFFKKKLEQVARNVGPLIAQKAIYL,AMP-Diffusion,0.5625,True
diff_amp_03356,MMGFLRWFIGKLKPAAKKIIKNFFQSLQN,AMP-Diffusion,0.5806451612903225,True
diff_amp_03357,AMPWCFLWRWRFAKNLATGLAAEALALRL,AMP-Diffusion,0.5714285714285714,True
diff_amp_03358,MMIFFKKILHGKKSGLDLGIEIETASMGH,AMP-Diffusion,0.4897959183673469,True
diff_amp_03359,MMLISDFANKVKTGLKNAVHKVKSKIRGG,AMP-Diffusion,0.5454545454545454,True
diff_amp_03360,MMNNRWLQPRPKPEHPIRWPIPRPRIRRR,AMP-Diffusion,0.56,True
diff_amp_03361,MGLFKTIAKKIGGAVIGALKKLVDKLESQ,AMP-Diffusion,0.576271186440678,True
diff_amp_03362,MGILSSIKDALKNVGAGILDKIKDKVVGG,AMP-Diffusion,0.5964912280701755,True
diff_amp_03363,MMAENKGYKMRIEQIKNLGSPRKKLVKGT,AMP-Diffusion,0.5098039215686274,True
diff_amp_03364,MMSGAWTRNYRRRGRKLILRRLGYVAILV,AMP-Diffusion,0.5172413793103448,True
diff_amp_03365,MMGRKWRGIKNERFKIAGKFVKKGLRFLT,AMP-Diffusion,0.5555555555555556,True
diff_amp_03366,MMLWDTIWEFLKNALKGKGKNIAGIILEG,AMP-Diffusion,0.5306122448979591,True
diff_amp_03367,MGLWDTIKKAGKAVIKAALGAVANHKAGE,AMP-Diffusion,0.6551724137931035,True
diff_amp_03368,MMCFGILRERAVYEAALLQRREQEILHGY,AMP-Diffusion,0.4897959183673469,True
diff_amp_03369,MMLRKKRLGSILKKLESIFQKLKKKTERI,AMP-Diffusion,0.6,True
diff_amp_03370,MMAMMKLLKGIAHAGKHAGKAALPHLLKH,AMP-Diffusion,0.5925925925925926,True
diff_amp_03371,GMKRRGRRRRRRRRRGKRKRLFLPINIKF,AMP-Diffusion,0.5769230769230769,True
diff_amp_03372,MMFIPSIGGGLLKAVMTGLAGLAKCASPR,AMP-Diffusion,0.5357142857142857,True
diff_amp_03373,MMAPRFGGKGRIGHMRWSDEVKIFLAGFN,AMP-Diffusion,0.4705882352941176,True
diff_amp_03374,QMKATEDKLKLLKRELQLLKLGIQQQESY,AMP-Diffusion,0.5263157894736843,True
diff_amp_03375,MMTWGKLLGKIGKEGKDLLKKIARGVKRI,AMP-Diffusion,0.6206896551724138,True
diff_amp_03376,MMKMRLQWWRTVVGKCNKLSNHRALVFQR,AMP-Diffusion,0.5263157894736843,True
diff_amp_03377,MMYPYRPTIQMIKANMKITNGLTRRGDYP,AMP-Diffusion,0.4615384615384615,True
diff_amp_03378,MMIREKLATLREEAKRYVQLIENAKKALR,AMP-Diffusion,0.53125,True
diff_amp_03379,CMTCRRCFFRRARRHSCRRVFEICGRRFA,AMP-Diffusion,0.5660377358490566,True
diff_amp_03380,MMWLAKVGKLFSKFLKKASLKGVVKGKAG,AMP-Diffusion,0.5769230769230769,True
diff_amp_03381,MMKVRPSLARHRIIARPRIYRIRGHRARF,AMP-Diffusion,0.5490196078431373,True
diff_amp_03382,CMRILRRVCKIRFRKEGGGEGKFCDVNFY,AMP-Diffusion,0.49056603773584906,True
diff_amp_03383,MMLWSKIRQGIKKFVLSLAKEAIQLIGGA,AMP-Diffusion,0.5660377358490566,True
diff_amp_03384,MMKYTGGKCLKLQKRGRQLGLRFPARKAL,AMP-Diffusion,0.5490196078431373,True
diff_amp_03385,MMWLRAVKRNIVEYGARTLGAIAGAIANY,AMP-Diffusion,0.5263157894736843,True
diff_amp_03386,GGFWDSIKKLGEKAGVKIVGKAAGALVDI,AMP-Diffusion,0.6206896551724138,True
diff_amp_03387,MMGAVILGLATAISTVGMGIQLVKKLFNK,AMP-Diffusion,0.5714285714285714,True
diff_amp_03388,MMKKWEKFGDKLNRIAIRAVKTLATLGIV,AMP-Diffusion,0.5555555555555556,True
diff_amp_03389,MMIPSIGKLGVKTALLNGLLSKTGKCVKT,AMP-Diffusion,0.5714285714285714,True
diff_amp_03390,GMLKDLLKNGFKTAGKDVLKQGLKAMAGS,AMP-Diffusion,0.6129032258064516,True
diff_amp_03391,MMRKRRKWSRLGRNAKPFLYVHTIYIPTG,AMP-Diffusion,0.5079365079365079,True
diff_amp_03392,GMIGASLLNFAKDVAAALAKNALEGLKEK,AMP-Diffusion,0.6071428571428572,True
diff_amp_03393,MMQLKKFFKKAKSVARKAGKRVVRKIFSV,AMP-Diffusion,0.5573770491803278,True
diff_amp_03394,MGLWDKIKGFAKNVATSVLKNVLDAAKAA,AMP-Diffusion,0.6,True
diff_amp_03395,AMRLLAALQAIQQEIKALEAAIRALERAV,AMP-Diffusion,0.653061224489796,True
diff_amp_03396,GMIASAGKTLGKVAGTVGGVLKGLKQKLE,AMP-Diffusion,0.6071428571428572,True
diff_amp_03397,MMSYWPIARFGAKLGTIRQKIAREHIRVR,AMP-Diffusion,0.49056603773584906,True
diff_amp_03398,MMWKVFKKKIIGVAKGAVLAGKQLLKQLK,AMP-Diffusion,0.6440677966101696,True
diff_amp_03399,CMRPSLPRLPRLPRPFPRPPRPIPRPRPP,AMP-Diffusion,0.7666666666666666,True
diff_amp_03400,AMRARALIGETIRRLIHLGRRRIIAGARH,AMP-Diffusion,0.5245901639344263,True
diff_amp_03401,MMLSSWPWLRKRSAGPFIGYNINRRPRTR,AMP-Diffusion,0.5,True
diff_amp_03402,RRFRPRPRPRPFRPRFRPRFPRPFRPRFP,AMP-Diffusion,0.7843137254901962,True
diff_amp_03403,MMLAKKAIKKAGKAAKKAAKKAGKGAKKA,AMP-Diffusion,0.76,True
diff_amp_03404,EMWSSLEKITEAFKEGLKAIEKKIKKLQG,AMP-Diffusion,0.5423728813559322,True
diff_amp_03405,EMGLRFIPSSKEAIVGRSKDLLQKIIKEF,AMP-Diffusion,0.5306122448979591,True
diff_amp_03406,MMALKEIIGQLGKVGIGGAVSLLKALAEG,AMP-Diffusion,0.5666666666666667,True
diff_amp_03407,MMISSIFKSGVKNVGWGMSIGKNSLKKGL,AMP-Diffusion,0.5,True
diff_amp_03408,MMIWKSLGKAASKALKAIIKFIKKIIKKI,AMP-Diffusion,0.6,True
diff_amp_03409,MMGVSISKVLQGIKAFQDRIKKAGAALNN,AMP-Diffusion,0.5306122448979591,True
diff_amp_03410,MMFWALAGKVVKTVGRFIGKRPQGKISRI,AMP-Diffusion,0.52,True
diff_amp_03411,MMTIKTYLNKGKKILAEYIGTIQKTIPWR,AMP-Diffusion,0.5,True
diff_amp_03412,MMHIAYLGQFAPRPIVTIIQPRFAHQIRW,AMP-Diffusion,0.47457627118644063,True
diff_amp_03413,MMVDIKKKLKGMFKSLSTGLDCLTKLKIK,AMP-Diffusion,0.5454545454545454,True
diff_amp_03414,MMPPKSLAQIRARSRPLKYRMREAISIKR,AMP-Diffusion,0.5098039215686274,True
diff_amp_03415,MMLLNAIKAKGANTLANALLNAKCKLAGS,AMP-Diffusion,0.5806451612903225,True
diff_amp_03416,MMVKGIFRSDEIFILGSVVGKWVHSAKAG,AMP-Diffusion,0.509090909090909,True
diff_amp_03417,MMLKDLAKKIEEKTKEIVKKAVQGIAGSL,AMP-Diffusion,0.5769230769230769,True
diff_amp_03418,AGKIKEAGKKVGKAGFKLGLEKILKAGEE,AMP-Diffusion,0.64,True
diff_amp_03419,GGWLDTIKQGAKKLGMTAINYLIGKSKPQ,AMP-Diffusion,0.576271186440678,True
diff_amp_03420,MMNGWCEKKVDKERMNLKLYCIIQLNRAL,AMP-Diffusion,0.4705882352941176,True
diff_amp_03421,MMWFKVIRKVLNKAGGGGIGWLAGGLVSG,AMP-Diffusion,0.5423728813559322,True
diff_amp_03422,MMVRRWFRFQRFAELSYRGICRFVRRIPG,AMP-Diffusion,0.52,True
diff_amp_03423,GMIGDTVLSALKAVGKAGLNNLSCKIGGG,AMP-Diffusion,0.5964912280701755,True
diff_amp_03424,GMGGRKGWRKIWKMLKKGWEKLVLAALIT,AMP-Diffusion,0.53125,True
diff_amp_03425,MMLGEKILGGLKKVAAKIAKTVLNCSSAQ,AMP-Diffusion,0.5714285714285714,True
diff_amp_03426,MMAWDRFVGRVLGALAGAGGAAVAAAESG,AMP-Diffusion,0.5396825396825398,True
diff_amp_03427,MMKWAKFSRKEVKKVREKIKKNPKVAKSL,AMP-Diffusion,0.5396825396825398,True
diff_amp_03428,QMQLIPDKLKLEYQWRITNEGRRLLAFTR,AMP-Diffusion,0.49122807017543857,True
diff_amp_03429,GGLWEKIKDGIKGVGRGVAKALAQGYASL,AMP-Diffusion,0.625,True
diff_amp_03430,CMKCNCRWQYWRRPPSLIVIPILCRSAKS,AMP-Diffusion,0.5185185185185186,True
diff_amp_03431,CMRVFRTCKCFRLGASVRGECAICFPVYR,AMP-Diffusion,0.5306122448979591,True
diff_amp_03432,MGWLKTFKQSFKDVLMNAAKGVGADLAAG,AMP-Diffusion,0.6037735849056604,True
diff_amp_03433,CMARSCRRCRCRRRRCTSRGRCIGRIRTT,AMP-Diffusion,0.56,True
diff_amp_03434,CMCTRCRFGGCITPERCVRICCLSGRLFR,AMP-Diffusion,0.5283018867924528,True
diff_amp_03435,MMILFFHSFKAYKNLVDDLTKIIRNAGEL,AMP-Diffusion,0.509090909090909,True
diff_amp_03436,LRLAKRLVKRLAKLAKRLAKRLVKRLAKR,AMP-Diffusion,0.68,True
diff_amp_03437,MMTIGVAGKEILNNVAKLIGKNAQQHLLK,AMP-Diffusion,0.5490196078431373,True
diff_amp_03438,MMWWDWATAAIKELIKKEGKLALKAGQRF,AMP-Diffusion,0.5185185185185186,True
diff_amp_03439,MMGGRWKEKRMRGWLSGPQNRQNILQILD,AMP-Diffusion,0.5098039215686274,True
diff_amp_03440,CMTCFCRGCINRCLRSVSAHFGNCRRVSR,AMP-Diffusion,0.4897959183673469,True
diff_amp_03441,RMLRLRGRALRRSLKLKLGRQRAAAPGLV,AMP-Diffusion,0.6,True
diff_amp_03442,MMRCYASRQRMLLNGVWAAALKIMRKLRG,AMP-Diffusion,0.49122807017543857,True
diff_amp_03443,MGLLDTLQRVKEGVKQAGKNIGQAAKAAA,AMP-Diffusion,0.5666666666666667,True
diff_amp_03444,MMAAQFAGKVAKIAGKIAGKGLAGLAKKF,AMP-Diffusion,0.6415094339622642,True
diff_amp_03445,CRGCFCVRVRGRASESRRGSCVYYRTFRR,AMP-Diffusion,0.5490196078431373,True
diff_amp_03446,CMGGRCRRCGCRRRRRLSGFCIQSGVIYL,AMP-Diffusion,0.5245901639344263,True
diff_amp_03447,MMGFKKLFGKALKTAAKALGKIAEAAAAG,AMP-Diffusion,0.6122448979591837,True
diff_amp_03448,MMYIFCSQRLSLHLRNGYILYSINRPGRC,AMP-Diffusion,0.4897959183673469,True
diff_amp_03449,CMVASRLCGRCRGREGRVIGCILTGIRHL,AMP-Diffusion,0.5490196078431373,True
diff_amp_03450,KKLKKLLKKLLKKLLKKLLKKLLKKLLKKL,AMP-Diffusion,0.967741935483871,False
diff_amp_03451,MMLFKKLLKKIANKLKKVAQSIVAKLKKKL,AMP-Diffusion,0.6545454545454545,True
diff_amp_03452,MGFLSKILGAGKNAAKAALKGAASALVEQA,AMP-Diffusion,0.6666666666666667,True
diff_amp_03453,MMFAGIVKGLAKDLIKGAAKEAVKALASYS,AMP-Diffusion,0.5964912280701755,True
diff_amp_03454,MMPPRHPRKVRPQVPRPIRPRKSPNSVAEG,AMP-Diffusion,0.53125,True
diff_amp_03455,MGLFSFLKNVGKGLKSVAVGAAKDALSKLK,AMP-Diffusion,0.5818181818181818,True
diff_amp_03456,CMLCECSSRCTTIRNRLRSCGVCNIRTYLL,AMP-Diffusion,0.509090909090909,True
diff_amp_03457,EMSKDFFRKSKERIGKEFKRIVQRIKDVLR,AMP-Diffusion,0.8275862068965517,False
diff_amp_03458,MMLINALKVGAKVIAGITGVSGLGSLACKL,AMP-Diffusion,0.5901639344262295,True
diff_amp_03459,MMWIAKKGKAFLKGLAHHGFKAIRHAGEAY,AMP-Diffusion,0.5769230769230769,True
diff_amp_03460,MMIAGKIVQNIGKALATGAAKILQGLCKKA,AMP-Diffusion,0.6206896551724138,True
diff_amp_03461,MMCCGRIGGRILKKLEKALEKITKKIQQGL,AMP-Diffusion,0.5245901639344263,True
diff_amp_03462,CMCCRLRRGLCCFREGINFCVCRGGRGISL,AMP-Diffusion,0.5098039215686274,True
diff_amp_03463,MMALKDLGKNIGKKLITAGINALQKLAKKA,AMP-Diffusion,0.5769230769230769,True
diff_amp_03464,MGIWTKLKGTAKGVGKGILEKVFHGAKGLV,AMP-Diffusion,0.6181818181818182,True
diff_amp_03465,MMLIDTIGKVVSGFGQGLLDKIRNALCAGL,AMP-Diffusion,0.5423728813559322,True
diff_amp_03466,GGLMDKIKSVGKKVGGKALDVALNFFSKKK,AMP-Diffusion,0.5714285714285714,True
diff_amp_03467,LRRRLLRRRLRRRLRRRLRRLRRRLLRRRL,AMP-Diffusion,0.847457627118644,False
diff_amp_03468,GMWRRWRGLKTLEQKIKGGANAVRRKIRQS,AMP-Diffusion,0.5185185185185186,True
diff_amp_03469,MMLFFVKSWRAILRVGGKAVGKGAHLAKKL,AMP-Diffusion,0.5555555555555556,True
diff_amp_03470,MMIARGHYKTRPRRRALIDSAPRVRNNSDN,AMP-Diffusion,0.48275862068965514,True
diff_amp_03471,MMWFSKLKTFLNFSLSSFLKKGLPITLKLG,AMP-Diffusion,0.5769230769230769,True
diff_amp_03472,MMRVLLIGRFYRKYGRKRLAFSRRGRRKKL,AMP-Diffusion,0.5283018867924528,True
diff_amp_03473,MMIWTTFKKAAKAIGKAALKAGLQAASLLN,AMP-Diffusion,0.5818181818181818,True
diff_amp_03474,MMEFRKILKKIGGKGLKKLKKIGKDILKVL,AMP-Diffusion,0.6153846153846154,True
diff_amp_03475,GGLFSTLWSKASGAGIKVLQGALKGFKSDK,AMP-Diffusion,0.5964912280701755,True
diff_amp_03476,CMCGRCRRGRCFFRGRCSGRCCRGRCFRRC,AMP-Diffusion,0.5384615384615384,True
diff_amp_03477,CMTGYCYRRRCSILEGITGLCCRSGRLSLL,AMP-Diffusion,0.509090909090909,True
diff_amp_03478,GGIWGTLKGAVKGILKGGALGALQPLYCKK,AMP-Diffusion,0.6428571428571428,True
diff_amp_03479,MMWGLIFAVIIGGIAAGYLLKNGYKDAKHL,AMP-Diffusion,0.56,True
diff_amp_03480,MMIGIAEQWIAFASIRRALDVIRCIFDHRR,AMP-Diffusion,0.48,True
diff_amp_03481,MGLGSILKNVAGGVLKGIAKGVVDTLLGKL,AMP-Diffusion,0.6229508196721312,True
diff_amp_03482,CMACYPKLCCLTRRKGGRVAYLRCRPKEYL,AMP-Diffusion,0.4814814814814815,True
diff_amp_03483,MMLFKVIGKAAKVLLKNFGGGKALDKMKKL,AMP-Diffusion,0.5882352941176471,True
diff_amp_03484,GMIWGKLASFLLSAGKEILKGVSKALSNLF,AMP-Diffusion,0.5964912280701755,True
diff_amp_03485,MMIWSKLKSFLYNLLKSAGKEGAGKVLSTV,AMP-Diffusion,0.5357142857142857,True
diff_amp_03486,MMGLDFLKEVLKIIGTAVAGTVLKKLLCKL,AMP-Diffusion,0.6349206349206349,True
diff_amp_03487,CMGRYCRIRKCPRRKESIEKGCSCRGKTCV,AMP-Diffusion,0.5,True
diff_amp_03488,GMLFRRWKKKLAKIGRKFGKIGEGALGLFP,AMP-Diffusion,0.6101694915254237,True
diff_amp_03489,MGFWSKIWEKAKKVFKGLAGALRNAADAIG,AMP-Diffusion,0.576271186440678,True
diff_amp_03490,MMFLDTFKNLLKALAKGALQSLAQNLLCTK,AMP-Diffusion,0.6031746031746033,True
diff_amp_03491,MMLFSLFKAIVPVLGKAGLLASGAALLDKL,AMP-Diffusion,0.5490196078431373,True
diff_amp_03492,RRRLLPPPRPFPRLPRLPFPLPGGRLPRLL,AMP-Diffusion,0.679245283018868,True
diff_amp_03493,MMLFDALEKKFKKIALNAALQLVNTICPKS,AMP-Diffusion,0.5384615384615384,True
diff_amp_03494,MMRFKSFLKPVAEQNWDIINLKTIGQGGLL,AMP-Diffusion,0.48,True
diff_amp_03495,MMLFKRFKNTIRKGLKHAGKKIHALYKFIH,AMP-Diffusion,0.56,True
diff_amp_03496,MMPQTRTGRTQRFGKTFGRPFLNPLFRTSK,AMP-Diffusion,0.5,True
diff_amp_03497,CMICYCRRGRCSCLEKSGRHCGIRGTLYYC,AMP-Diffusion,0.5283018867924528,True
diff_amp_03498,MMKFPSKIKKGGKKIKAIGKKIIPISAGAS,AMP-Diffusion,0.5862068965517242,True
diff_amp_03499,RMRRFPIPRPPRPPPRPIRPIPPPRPRPIP,AMP-Diffusion,0.7096774193548387,True
