sequence_id,sequence,model,max_reference_similarity,passes_novelty_rule_le80
vae_unc_00000,PRCRCCRRYRQCGCRRMMAMMMRR,HydrAMP_epoch37,0.5217391304347826,True
vae_unc_00001,WCRRGFRRRFAWRMRKAWAAMM,HydrAMP_epoch37,0.5641025641025641,True
vae_unc_00002,LRFRRTCTRRRRRQRYMMCRRRRCA,HydrAMP_epoch37,0.6086956521739131,True
vae_unc_00003,SWWCRYYCRYRRRRQQQQIGM,HydrAMP_epoch37,0.5142857142857142,True
vae_unc_00004,CQWWWWWKWWLKWMMAMMAMMNMD,HydrAMP_epoch37,0.5116279069767442,True
vae_unc_00005,QWWRQQRRWVRWKMMWWWW,HydrAMP_epoch37,0.6285714285714286,True
vae_unc_00006,VRRRRRYRQWKKRYVRLAADKRKMM,HydrAMP_epoch37,0.5714285714285714,True
vae_unc_00007,NWWWLLWKLLWWMMRMMAAAWWWWW,HydrAMP_epoch37,0.48888888888888893,True
vae_unc_00008,FIRRYYRRRRRRLIIFRRLAFYR,HydrAMP_epoch37,0.6222222222222222,True
vae_unc_00009,GWWRKCKKLLAKWKKAMMWKAKKDK,HydrAMP_epoch37,0.6046511627906976,True
vae_unc_00010,AAWWKWQVALALAHGFMMAKKKKKW,HydrAMP_epoch37,0.5652173913043479,True
vae_unc_00011,MMWWRIKKRRYRYQPQYFFFFFITL,HydrAMP_epoch37,0.4651162790697675,True
vae_unc_00012,HCMFWWTWWRWKKLNELLPKRWW,HydrAMP_epoch37,0.5,True
vae_unc_00013,CKRRRHCVCCCWNIRYLAAW,HydrAMP_epoch37,0.5,True
vae_unc_00014,FLFRYRCCCGHVCQRRRQWKEKWWR,HydrAMP_epoch37,0.48888888888888893,True
vae_unc_00015,TMYVKKWWWWWWAMAAGMMMMKKWW,HydrAMP_epoch37,0.5581395348837209,True
vae_unc_00016,FSCCRCCYRRTCCVGMMMMAGWK,HydrAMP_epoch37,0.44999999999999996,True
vae_unc_00017,HLKWKLLKLKWKKYKKKLDKMM,HydrAMP_epoch37,0.7,True
vae_unc_00018,AVMCRYRRRRRWRQWKLDSKKKRRC,HydrAMP_epoch37,0.5714285714285714,True
vae_unc_00019,GSPIWWRRRKGAMARWWAF,HydrAMP_epoch37,0.5405405405405406,True
vae_unc_00020,GAINKLLLLKLLWKVMAKAW,HydrAMP_epoch37,0.6470588235294117,True
vae_unc_00021,VKWWKWWWSAADNCYMMLAWW,HydrAMP_epoch37,0.5263157894736843,True
vae_unc_00022,GFICRRRYYRRHRYRYCHGL,HydrAMP_epoch37,0.5405405405405406,True
vae_unc_00023,GFFHQWLWRPTLWWQYCFYCTTNAA,HydrAMP_epoch37,0.4642857142857143,True
vae_unc_00024,IRPCRRRMRMRRRRRAGRKRMMVFF,HydrAMP_epoch37,0.5777777777777777,True
vae_unc_00025,GRIRRRRKWWRIPTDRRWW,HydrAMP_epoch37,0.6857142857142857,True
vae_unc_00026,QWWRRKWMWWWWMMRRMMMWWWW,HydrAMP_epoch37,0.6341463414634146,True
vae_unc_00027,HRWWWWWWWWKDLLEKEAAKLLWWW,HydrAMP_epoch37,0.5238095238095238,True
vae_unc_00028,GWWWKKKWWKKKPKQYAAWD,HydrAMP_epoch37,0.6470588235294117,True
vae_unc_00029,LFWKKQFWWRKNKLAADAA,HydrAMP_epoch37,0.6111111111111112,True
vae_unc_00030,TYRRYVVVYAWQIVYAMCWWAK,HydrAMP_epoch37,0.5116279069767442,True
vae_unc_00031,IVRCRRYRRYRYYYYCGDLKRRR,HydrAMP_epoch37,0.5641025641025641,True
vae_unc_00032,HRYRRRRRWYYQKKAAAWDRRW,HydrAMP_epoch37,0.5789473684210527,True
vae_unc_00033,RPYVAGVWWRMMWRRYRRAKAKWWW,HydrAMP_epoch37,0.5333333333333333,True
vae_unc_00034,IRKWWKKKKWKLNLLTELLLLFPWW,HydrAMP_epoch37,0.5714285714285714,True
vae_unc_00035,SGKKGCVWWWKMAAMVVAAKK,HydrAMP_epoch37,0.5555555555555556,True
vae_unc_00036,ILWWRWKKLYKRRVVAW,HydrAMP_epoch37,0.6,True
vae_unc_00037,GYRCRRRYYHYYQNRTMAMM,HydrAMP_epoch37,0.5294117647058824,True
vae_unc_00038,AGVHVYRYRCCCGMCCYRRNWRRW,HydrAMP_epoch37,0.5,True
vae_unc_00039,GKKNKWWWRRRRRRRRFCVHQRRRR,HydrAMP_epoch37,0.6666666666666667,True
vae_unc_00040,GRYRYRRRRWRRRRRAMWWEE,HydrAMP_epoch37,0.7027027027027026,True
vae_unc_00041,IRRRWWRKLLKKAKKMKWAMKKI,HydrAMP_epoch37,0.5909090909090908,True
vae_unc_00042,FKRRGMWWWQRMWWWWW,HydrAMP_epoch37,0.6666666666666667,True
vae_unc_00043,KWPYYVCRRCRYRRRNTTQHI,HydrAMP_epoch37,0.5263157894736843,True
vae_unc_00044,FWWRRYRRRWWWWKGGGMMYYYWKK,HydrAMP_epoch37,0.5116279069767442,True
vae_unc_00045,CWNWKKKKKLWWEAKEMAAWW,HydrAMP_epoch37,0.5945945945945945,True
vae_unc_00046,TVHRFGRVYVMVRRRRCMMMMWW,HydrAMP_epoch37,0.5454545454545454,True
vae_unc_00047,WRKWWRKLIISALMAWWWRRRRRRW,HydrAMP_epoch37,0.6046511627906976,True
vae_unc_00048,RWNRFRPIRRRRRRRWRWWWW,HydrAMP_epoch37,0.717948717948718,True
vae_unc_00049,MRRCRFFRWRRRRYPPTIHTGMDD,HydrAMP_epoch37,0.5416666666666667,True
vae_unc_00050,RWKQICVGWWWWWWWW,HydrAMP_epoch37,0.6666666666666667,True
vae_unc_00051,KQKKLLLWAAWWIMMRCCRW,HydrAMP_epoch37,0.5294117647058824,True
vae_unc_00052,AAWKWWFWKLLKKKQAGKRMAI,HydrAMP_epoch37,0.6190476190476191,True
vae_unc_00053,FRWWKKKWNLELLKKKIKWMMMW,HydrAMP_epoch37,0.5641025641025641,True
vae_unc_00054,RRRRRYYRRWWWWKQDFR,HydrAMP_epoch37,0.7333333333333334,True
vae_unc_00055,RRIRWAWWRRRWAMWMAW,HydrAMP_epoch37,0.75,True
vae_unc_00056,NWKRYWKYRWKKVRHYRRFAA,HydrAMP_epoch37,0.5641025641025641,True
vae_unc_00057,ARFWPRRWWWWWWKLKAMMMWAWWW,HydrAMP_epoch37,0.5306122448979591,True
vae_unc_00058,HWWRWWRRRRRRCGAMMMMWWWWWW,HydrAMP_epoch37,0.6122448979591837,True
vae_unc_00059,SKLRFRKRVVSFLKDRFLKWLMYR,HydrAMP_epoch37,0.5714285714285714,True
vae_unc_00060,WWLYRWKADLKMKGRRMALLLLLLC,HydrAMP_epoch37,0.5714285714285714,True
vae_unc_00061,VQWRWWNLSKRRYVYYVVAWR,HydrAMP_epoch37,0.5142857142857142,True
vae_unc_00062,SVRRRRFCIRRCVGVVGGSYL,HydrAMP_epoch37,0.5405405405405406,True
vae_unc_00063,FKAHQKIPCCRRNLLAHYR,HydrAMP_epoch37,0.5405405405405406,True
vae_unc_00064,CFMMELWKRICRWRRRWRRRRR,HydrAMP_epoch37,0.7027027027027026,True
vae_unc_00065,FCYRRCRCRRRCRWW,HydrAMP_epoch37,0.6923076923076923,True
vae_unc_00066,RRRRVCRYYMMWWWWWWWW,HydrAMP_epoch37,0.75,True
vae_unc_00067,FRKRWNWKWWWWKLSGMMMGLAKKA,HydrAMP_epoch37,0.5217391304347826,True
vae_unc_00068,MFLRRVRVWQWKRRKLMMWWW,HydrAMP_epoch37,0.5714285714285714,True
vae_unc_00069,IRRRRRYVRRRQRVDKL,HydrAMP_epoch37,0.6451612903225806,True
vae_unc_00070,GHWGLALLWWLASVGMMGIIIRRII,HydrAMP_epoch37,0.5,True
vae_unc_00071,HHAKRRPMWRRWKYRRVSKLLKRR,HydrAMP_epoch37,0.5853658536585367,True
vae_unc_00072,DNWKRWWWRRFWFNKRWWRKLA,HydrAMP_epoch37,0.631578947368421,True
vae_unc_00073,GFVCRLPMHGYRCMMKKERRRRW,HydrAMP_epoch37,0.55,True
vae_unc_00074,HRRRRRRFRRYCQFVR,HydrAMP_epoch37,0.7333333333333334,True
vae_unc_00075,GVRRRWQQIHTLLNLKKWWRR,HydrAMP_epoch37,0.5454545454545454,True
vae_unc_00076,VTRPPIKKLLWWLWRIARDRRRW,HydrAMP_epoch37,0.5581395348837209,True
vae_unc_00077,LALDLKKWRRQWWWWAAMLY,HydrAMP_epoch37,0.5714285714285714,True
vae_unc_00078,SVQKVRRLHRYYCVRRVFRKAWWWW,HydrAMP_epoch37,0.5,True
vae_unc_00079,GMVNRRWIRYQITLWRPKWW,HydrAMP_epoch37,0.5714285714285714,True
vae_unc_00080,GRWWRRYRRRRRRRY,HydrAMP_epoch37,0.8,True
vae_unc_00081,RRGYVVIVYVYYWWWWW,HydrAMP_epoch37,0.625,True
vae_unc_00082,VWLKALKWWPSNHIVRCYQRRWW,HydrAMP_epoch37,0.5,True
vae_unc_00083,RRWWWRYFRYPWRCTKDALKGAKEK,HydrAMP_epoch37,0.5238095238095238,True
vae_unc_00084,FFMMVMMMMMGVLAAALLLLLLELC,HydrAMP_epoch37,0.4782608695652174,True
vae_unc_00085,WWLCFVVKAAWWMMAKWWWWWW,HydrAMP_epoch37,0.5581395348837209,True
vae_unc_00086,HRHYPTRRWFCGHKWKLKWYVGWDW,HydrAMP_epoch37,0.5333333333333333,True
vae_unc_00087,PFIRRRYCYRVGHFFCDKMM,HydrAMP_epoch37,0.4705882352941176,True
vae_unc_00088,FWNNWKNNLIKWWKQQPFHHHHHHH,HydrAMP_epoch37,0.52,True
vae_unc_00089,FRWRRRRAMMAYMAWWWWWDWWWW,HydrAMP_epoch37,0.5833333333333333,True
vae_unc_00090,YWRWWWWWKKKNLLLSSLTLKM,HydrAMP_epoch37,0.5641025641025641,True
vae_unc_00091,VPKKWKLLLLAMWEWWWWW,HydrAMP_epoch37,0.5945945945945945,True
vae_unc_00092,KFWRRRYRWYRWWDA,HydrAMP_epoch37,0.6451612903225806,True
vae_unc_00093,IGRWFRYRYVVIFLLIGAAWKMWKW,HydrAMP_epoch37,0.5116279069767442,True
vae_unc_00094,KTRYRYCCFCYCCGWW,HydrAMP_epoch37,0.48275862068965514,True
vae_unc_00095,TWRWWWWRQFRRWWWRMMMMMMWWW,HydrAMP_epoch37,0.5581395348837209,True
vae_unc_00096,IWWRRRFFVRKWW,HydrAMP_epoch37,0.7272727272727273,True
vae_unc_00097,SKKLIKFRRWKIMAVMAWDW,HydrAMP_epoch37,0.5294117647058824,True
vae_unc_00098,RQWWRAAWWRRR,HydrAMP_epoch37,0.7619047619047619,True
vae_unc_00099,GWRRRRWWRWFRQKDL,HydrAMP_epoch37,0.6666666666666667,True
vae_unc_00100,MRWRRFFHSSLKWWKLENKKKLR,HydrAMP_epoch37,0.5853658536585367,True
vae_unc_00101,CVVLGWKLMMMMVCRFAMAAKWR,HydrAMP_epoch37,0.4782608695652174,True
vae_unc_00102,GCRRRRRRRRRW,HydrAMP_epoch37,0.8695652173913043,False
vae_unc_00103,LVYRYCRRRFYYRFRWW,HydrAMP_epoch37,0.6206896551724138,True
vae_unc_00104,EFRQMWWRRQWAMMMLAAWWWWWWR,HydrAMP_epoch37,0.5581395348837209,True
vae_unc_00105,DHCCCYKQRWRCCYYYKKKDLKRM,HydrAMP_epoch37,0.4761904761904761,True
vae_unc_00106,VADLLKAKWRLKKWKAALGKRQRM,HydrAMP_epoch37,0.6222222222222222,True
vae_unc_00107,ASKKWLKKWKWWWWRD,HydrAMP_epoch37,0.6896551724137931,True
vae_unc_00108,MEKKKWWEWWKWWARRAAFYCWW,HydrAMP_epoch37,0.5365853658536586,True
vae_unc_00109,AGRCRRRYYRYAMYRRWWWWRMWRR,HydrAMP_epoch37,0.6122448979591837,True
vae_unc_00110,KYYYRRRRRWWEQTYPFLWKWWWRW,HydrAMP_epoch37,0.5333333333333333,True
vae_unc_00111,GWYCVRRRRKKRYFKRRRRKRQMMW,HydrAMP_epoch37,0.5777777777777777,True
vae_unc_00112,FRCCYCRRYCRCGMGVVG,HydrAMP_epoch37,0.5882352941176471,True
vae_unc_00113,FRKRRRYYYYCCVCVGGGGNA,HydrAMP_epoch37,0.4878048780487805,True
vae_unc_00114,WWWWWKWWWKYM,HydrAMP_epoch37,0.7,True
vae_unc_00115,QRRIRRCPFFMWRW,HydrAMP_epoch37,0.6666666666666667,True
vae_unc_00116,CSWYMMKKLIRRMVQRKKRRRW,HydrAMP_epoch37,0.5641025641025641,True
vae_unc_00117,FLWLKLKKWLWWWWWW,HydrAMP_epoch37,0.625,True
vae_unc_00118,SMRRRRRRWRRWWWWWWW,HydrAMP_epoch37,0.875,False
vae_unc_00119,HRFWWLVTLFRRYCSR,HydrAMP_epoch37,0.6206896551724138,True
vae_unc_00120,KLALWALAAMAWWMRRWW,HydrAMP_epoch37,0.5882352941176471,True
vae_unc_00121,LLEEKKLLLLLLAALLLLRWW,HydrAMP_epoch37,0.6857142857142857,True
vae_unc_00122,GKWYGVRRHCRRY,HydrAMP_epoch37,0.64,True
vae_unc_00123,FWWRWWWWWWWWWW,HydrAMP_epoch37,0.7586206896551724,True
vae_unc_00124,AMWWFICRRRKIDPWKWNKW,HydrAMP_epoch37,0.6111111111111112,True
vae_unc_00125,ICVGCVGMMMGCRRWWERWWWW,HydrAMP_epoch37,0.5365853658536586,True
vae_unc_00126,IKRRRFVRRWFMMY,HydrAMP_epoch37,0.64,True
vae_unc_00127,FWLQEWKWWWKPKLLKIGAKKLLAW,HydrAMP_epoch37,0.5714285714285714,True
vae_unc_00128,IWLRKWWWRRRRR,HydrAMP_epoch37,0.782608695652174,True
vae_unc_00129,PKWRYRYRRRELLLLLKLLDKWWWW,HydrAMP_epoch37,0.5333333333333333,True
vae_unc_00130,GRRQIVWRKLIGRVGH,HydrAMP_epoch37,0.5925925925925926,True
vae_unc_00131,LRVRRYYPWRRFFRRY,HydrAMP_epoch37,0.6666666666666667,True
vae_unc_00132,GEKWKWIRKIGILKLGRMW,HydrAMP_epoch37,0.5789473684210527,True
vae_unc_00133,LHRRRRRRRRYFKQN,HydrAMP_epoch37,0.6923076923076923,True
vae_unc_00134,INWKRWYIKFCPIIFHHPHGRM,HydrAMP_epoch37,0.4897959183673469,True
vae_unc_00135,TVRRWCLWWWRCY,HydrAMP_epoch37,0.6666666666666667,True
vae_unc_00136,HCHRRRYPWNKIWA,HydrAMP_epoch37,0.5714285714285714,True
vae_unc_00137,LFRKRRYRWWTNIRG,HydrAMP_epoch37,0.5925925925925926,True
vae_unc_00138,HVSCYLMIRFVRLMRRRWR,HydrAMP_epoch37,0.5641025641025641,True
vae_unc_00139,HFPRLKKWWWKDAAALDLKWKKLLL,HydrAMP_epoch37,0.6046511627906976,True
vae_unc_00140,KWWRRRGVMKWRMAWRMRW,HydrAMP_epoch37,0.6486486486486487,True
vae_unc_00141,HWYRFMRRWIMMWWWWWW,HydrAMP_epoch37,0.6666666666666667,True
vae_unc_00142,HRWWSMCFWRRR,HydrAMP_epoch37,0.7,True
vae_unc_00143,LLWWWWKKKKKPPRWQIIYRKM,HydrAMP_epoch37,0.5405405405405406,True
vae_unc_00144,FYRRRRRCFRRCVGMW,HydrAMP_epoch37,0.6428571428571428,True
vae_unc_00145,QWWCRRRRFRRRVCGW,HydrAMP_epoch37,0.7142857142857143,True
vae_unc_00146,TRRYVSRRYYCGGVTCY,HydrAMP_epoch37,0.5405405405405406,True
vae_unc_00147,KWERRWIVYRYWLSAGM,HydrAMP_epoch37,0.5789473684210527,True
vae_unc_00148,SNKLKWWWWWKKMALRDW,HydrAMP_epoch37,0.6,True
vae_unc_00149,RKKAMAGYMRRRLKDWKLWWWWWWW,HydrAMP_epoch37,0.5,True
vae_unc_00150,FWWRWIKKCFKWWWW,HydrAMP_epoch37,0.64,True
vae_unc_00151,GYYRRRRVTWWYCLEKAAKWRRRR,HydrAMP_epoch37,0.5714285714285714,True
vae_unc_00152,AVVYRVYRRRALWW,HydrAMP_epoch37,0.6923076923076923,True
vae_unc_00153,FLWWWRRMWWWWWWR,HydrAMP_epoch37,0.7333333333333334,True
vae_unc_00154,KKKWWRWWRWYADDSSQLMA,HydrAMP_epoch37,0.5142857142857142,True
vae_unc_00155,GLWRWWWWWRKVGALARRRWKWWEW,HydrAMP_epoch37,0.5581395348837209,True
vae_unc_00156,RQMVMMMMMVYRLIMIRKWKKKLLA,HydrAMP_epoch37,0.5,True
vae_unc_00157,VPWKNWKRRRWQYCCCNAM,HydrAMP_epoch37,0.5128205128205128,True
vae_unc_00158,GHHHVRRFYCYYCRRFWRWWKE,HydrAMP_epoch37,0.5,True
vae_unc_00159,TQHGIRYRRMMMMAHRYRRRWWWRY,HydrAMP_epoch37,0.5116279069767442,True
vae_unc_00160,LRYRRNWKWFRKWW,HydrAMP_epoch37,0.6428571428571428,True
vae_unc_00161,YKRVRFRAMMVWR,HydrAMP_epoch37,0.6363636363636364,True
vae_unc_00162,GWWKKAKWWFVAGMFW,HydrAMP_epoch37,0.6,True
vae_unc_00163,SKRQCGVIRRRCRCVGGADGM,HydrAMP_epoch37,0.5128205128205128,True
vae_unc_00164,HCKVQLRRRFKWKREAAMA,HydrAMP_epoch37,0.5294117647058824,True
vae_unc_00165,PCMEVRYMMMGRRFAAWWWWWWWWE,HydrAMP_epoch37,0.5,True
vae_unc_00166,GKKNYWRWWKWFCRW,HydrAMP_epoch37,0.6666666666666667,True
vae_unc_00167,WLLAKAARAWWAMWAWRYR,HydrAMP_epoch37,0.625,True
vae_unc_00168,VLRKAMKWWGAAAMAK,HydrAMP_epoch37,0.5925925925925926,True
vae_unc_00169,RWYSWMMWWWFIRRRVVRWLC,HydrAMP_epoch37,0.5945945945945945,True
vae_unc_00170,GWMGIDGIAAWKKLAAWRRWWWWW,HydrAMP_epoch37,0.5238095238095238,True
vae_unc_00171,TRRRRWKWWWKFFA,HydrAMP_epoch37,0.6666666666666667,True
vae_unc_00172,TCRVYYYRYCCCCFW,HydrAMP_epoch37,0.5142857142857142,True
vae_unc_00173,VWKQAVMMAKKWKAAWMWWWRR,HydrAMP_epoch37,0.5263157894736843,True
vae_unc_00174,TKKWWWQKERRRLPRFQKKLKKLAK,HydrAMP_epoch37,0.5777777777777777,True
vae_unc_00175,MTKRLWLADWWKKWKKKMMALLLWW,HydrAMP_epoch37,0.5714285714285714,True
vae_unc_00176,SRRRWKWPQPWHRSWPSARR,HydrAMP_epoch37,0.5945945945945945,True
vae_unc_00177,SRGRYFCRRRRRRR,HydrAMP_epoch37,0.75,True
vae_unc_00178,FWWRWKWW,HydrAMP_epoch37,0.875,False
vae_unc_00179,GCYFCVGCHIYRRQPYFPFFA,HydrAMP_epoch37,0.5,True
vae_unc_00180,GYRFYKRYSVCRC,HydrAMP_epoch37,0.5833333333333333,True
vae_unc_00181,FFWFWWKLWRMMLARCMADKKERR,HydrAMP_epoch37,0.5333333333333333,True
vae_unc_00182,AKWRRYIILWWWKKLELLLLFYR,HydrAMP_epoch37,0.5238095238095238,True
vae_unc_00183,GGRVCVCYYRCCVCYR,HydrAMP_epoch37,0.5925925925925926,True
vae_unc_00184,ALWWRFYWWWWAMMWW,HydrAMP_epoch37,0.6,True
vae_unc_00185,VQILKIRLSMLKKWAMMWAWWA,HydrAMP_epoch37,0.5,True
vae_unc_00186,MLLWNLLKYFVLILLLNKNLN,HydrAMP_epoch37,0.6111111111111112,True
vae_unc_00187,EDWRRKRKWWWKWWWWWWERRWW,HydrAMP_epoch37,0.6829268292682926,True
vae_unc_00188,NWKAAKIAKKLLMAMRRGMWWWW,HydrAMP_epoch37,0.5365853658536586,True
vae_unc_00189,VKWWRRKICRRRQHCC,HydrAMP_epoch37,0.625,True
vae_unc_00190,VKKKRRYFFCTIIIIIIIIIIPHHG,HydrAMP_epoch37,0.5217391304347826,True
vae_unc_00191,IRRRRWRRRWYMRRWW,HydrAMP_epoch37,0.7741935483870968,True
vae_unc_00192,CYTRCYRYRYTGMCRKWRMMWW,HydrAMP_epoch37,0.5,True
vae_unc_00193,GYHCYRYCVVCCCGIM,HydrAMP_epoch37,0.5,True
vae_unc_00194,HKHAWKRQWWWKRWWWWWWW,HydrAMP_epoch37,0.6857142857142857,True
vae_unc_00195,SWDLKKNNWWKKKKKKLLKKLLWWW,HydrAMP_epoch37,0.6511627906976745,True
vae_unc_00196,LWSIPKELRRRWWWKAIMWWD,HydrAMP_epoch37,0.5128205128205128,True
vae_unc_00197,RPRIRRWRKKWW,HydrAMP_epoch37,0.7619047619047619,True
vae_unc_00198,SRRRRWWRWFNVYRRMK,HydrAMP_epoch37,0.6896551724137931,True
vae_unc_00199,FWCRRFCLILTSGF,HydrAMP_epoch37,0.5833333333333333,True
vae_unc_00200,VEWRWRFRRRAMMRRRPWWWWW,HydrAMP_epoch37,0.631578947368421,True
vae_unc_00201,ERGRYYRRRRCGMMMAKKWWWLLRR,HydrAMP_epoch37,0.5416666666666667,True
vae_unc_00202,VWRRRRRWWRRMMWW,HydrAMP_epoch37,0.7741935483870968,True
vae_unc_00203,KELNRWWRRRWYVGYR,HydrAMP_epoch37,0.6428571428571428,True
vae_unc_00204,RLANWKKWWWWWWIAMAKWWWWWWW,HydrAMP_epoch37,0.5581395348837209,True
vae_unc_00205,FRCYRCYRRRWWR,HydrAMP_epoch37,0.6666666666666667,True
vae_unc_00206,TWLKKWKKKRQWWPAALLLVIVGMV,HydrAMP_epoch37,0.5306122448979591,True
vae_unc_00207,LKWKWWWWWWKVMRKDL,HydrAMP_epoch37,0.6666666666666667,True
vae_unc_00208,LVFMVYMMMYMWWLWPCAWWWWW,HydrAMP_epoch37,0.4761904761904761,True
vae_unc_00209,SLRFWWWKQRWW,HydrAMP_epoch37,0.6666666666666667,True
vae_unc_00210,VRRRRRRRRRRMAWRRWWWW,HydrAMP_epoch37,0.7894736842105263,True
vae_unc_00211,RVRRVMRWWWWA,HydrAMP_epoch37,0.8,True
vae_unc_00212,VGKKWWKKKKWWLAAAAFYWWWWWW,HydrAMP_epoch37,0.5714285714285714,True
vae_unc_00213,MDLWKKWWWWWWRRRWWW,HydrAMP_epoch37,0.6666666666666667,True
vae_unc_00214,CKKKNAGKVLWWKLLNKKLKKAMRR,HydrAMP_epoch37,0.6666666666666667,True
vae_unc_00215,TKWWWWWPIYCGR,HydrAMP_epoch37,0.6363636363636364,True
vae_unc_00216,IRRYRYYYCHYRPKWKMWW,HydrAMP_epoch37,0.5,True
vae_unc_00217,HWTPKILLLLHFFNTLLNKKKKKL,HydrAMP_epoch37,0.5853658536585367,True
vae_unc_00218,GRVYVVYRRRVTCGWW,HydrAMP_epoch37,0.6060606060606061,True
vae_unc_00219,AMKWWWQKKKELKLAAKWW,HydrAMP_epoch37,0.5945945945945945,True
vae_unc_00220,WKKNRVCQRRRRYNLNKMM,HydrAMP_epoch37,0.5882352941176471,True
vae_unc_00221,LTWRRKRRRWWVAGYIMM,HydrAMP_epoch37,0.5454545454545454,True
vae_unc_00222,TELLLKWKAMALSLRRMRWWWW,HydrAMP_epoch37,0.5945945945945945,True
vae_unc_00223,KRVVNKWWWRRI,HydrAMP_epoch37,0.6956521739130435,True
vae_unc_00224,IKRWRKAAWWKAR,HydrAMP_epoch37,0.7272727272727273,True
vae_unc_00225,RRCCYYCVCCVGGMMGGMGGMSC,HydrAMP_epoch37,0.4651162790697675,True
vae_unc_00226,CRRYARWWRRRRWWW,HydrAMP_epoch37,0.7741935483870968,True
vae_unc_00227,VWWPVLAMMAALIKKKWWW,HydrAMP_epoch37,0.5625,True
vae_unc_00228,TWKWKKWWWWWWWRMWWWWWW,HydrAMP_epoch37,0.6111111111111112,True
vae_unc_00229,TRRRWIWKKWWKRFA,HydrAMP_epoch37,0.7142857142857143,True
vae_unc_00230,RRWWKPRRKWRVKKMAKKW,HydrAMP_epoch37,0.631578947368421,True
vae_unc_00231,FSKYFFCFRCCWW,HydrAMP_epoch37,0.56,True
vae_unc_00232,GKWWRPMMKWKRR,HydrAMP_epoch37,0.6363636363636364,True
vae_unc_00233,GFRKWCRWL,HydrAMP_epoch37,0.6666666666666667,True
vae_unc_00234,AYRWRRWQRCRFCGLLKKWWRMMWW,HydrAMP_epoch37,0.5581395348837209,True
vae_unc_00235,HLLNEWKLLKMMTCRRWWRRWWW,HydrAMP_epoch37,0.5365853658536586,True
vae_unc_00236,GAFSKGRRWYAKKKLAKAM,HydrAMP_epoch37,0.6486486486486487,True
vae_unc_00237,EQCGRRFIWRRQLWMARKIWKDDAI,HydrAMP_epoch37,0.5333333333333333,True
vae_unc_00238,LVYRFWWRRCGGMCGMGMG,HydrAMP_epoch37,0.5263157894736843,True
vae_unc_00239,FCRRRRRRRWWACGW,HydrAMP_epoch37,0.7692307692307692,True
vae_unc_00240,AFWWWRRRPYFHGMWWWWWWW,HydrAMP_epoch37,0.6111111111111112,True
vae_unc_00241,IWWWWWWRRRRFRMADWWW,HydrAMP_epoch37,0.6875,True
vae_unc_00242,VRMGRCYRRWRRRRRRRRRRWWWW,HydrAMP_epoch37,0.8095238095238095,False
vae_unc_00243,VWIKVQWGIRRRR,HydrAMP_epoch37,0.64,True
vae_unc_00244,TGKCRFYRRRRWFPMM,HydrAMP_epoch37,0.5714285714285714,True
vae_unc_00245,MKWRYRWKWPKKKIGGFVWF,HydrAMP_epoch37,0.5882352941176471,True
vae_unc_00246,GALSMMMAKLAQYRRWWWWWWWWWW,HydrAMP_epoch37,0.5454545454545454,True
vae_unc_00247,CRRRVKRRIWRRQPKFMD,HydrAMP_epoch37,0.6470588235294117,True
vae_unc_00248,GQKWYRWWWWWWKE,HydrAMP_epoch37,0.72,True
vae_unc_00249,IRFQWWWKWRRRKKLLLLAADAM,HydrAMP_epoch37,0.5128205128205128,True
vae_unc_00250,FLKWQWKLAKKWPLGALM,HydrAMP_epoch37,0.6666666666666667,True
vae_unc_00251,GWWKLKNLSIKWWWW,HydrAMP_epoch37,0.64,True
vae_unc_00252,QRRRRCCCVGMRRCWWW,HydrAMP_epoch37,0.6206896551724138,True
vae_unc_00253,VKRWWWQWRYFKQWWKAA,HydrAMP_epoch37,0.6451612903225806,True
vae_unc_00254,FKRYRWRRWKRL,HydrAMP_epoch37,0.72,True
vae_unc_00255,VNKRRRWKKKWWR,HydrAMP_epoch37,0.7272727272727273,True
vae_unc_00256,DWWWWRYWWRKWWWAMWR,HydrAMP_epoch37,0.7272727272727273,True
vae_unc_00257,TLKRRKYMKWWWWAMWWRRRRRWWW,HydrAMP_epoch37,0.5714285714285714,True
vae_unc_00258,GTWFFCYRKKWYYFFGY,HydrAMP_epoch37,0.5806451612903225,True
vae_unc_00259,HRQWWWWWWKELFPLLLCCRW,HydrAMP_epoch37,0.5263157894736843,True
vae_unc_00260,QRYRRWWRITVYRRRRC,HydrAMP_epoch37,0.6896551724137931,True
vae_unc_00261,SMCVFWRWWWRRARWWWW,HydrAMP_epoch37,0.6470588235294117,True
vae_unc_00262,HGWWKKLHAAHVILLSAF,HydrAMP_epoch37,0.5625,True
vae_unc_00263,GANLATAWKLMADLLKWWLLLAR,HydrAMP_epoch37,0.5714285714285714,True
vae_unc_00264,VRKRQKQRFVILTLVAAW,HydrAMP_epoch37,0.6,True
vae_unc_00265,WWWVRRWKRFVRRRW,HydrAMP_epoch37,0.72,True
vae_unc_00266,FVRRVRYMWWWWWWWWW,HydrAMP_epoch37,0.6896551724137931,True
vae_unc_00267,EFRQRRRQWWKSII,HydrAMP_epoch37,0.5833333333333333,True
vae_unc_00268,RLHLALWWKKKWAALLLLLLWWWW,HydrAMP_epoch37,0.55,True
vae_unc_00269,MKKWKWWKLSLNKLDSIPPKWRGM,HydrAMP_epoch37,0.5714285714285714,True
vae_unc_00270,GCRRCGYRRCYYCCG,HydrAMP_epoch37,0.56,True
vae_unc_00271,YQWFRMYVSWWWKKWMM,HydrAMP_epoch37,0.5294117647058824,True
vae_unc_00272,LRWWWLNKLLKLLLWAAMW,HydrAMP_epoch37,0.6060606060606061,True
vae_unc_00273,MKKWWWLKRRFTILLLKNLG,HydrAMP_epoch37,0.5714285714285714,True
vae_unc_00274,VWWWRWWWYRWWWW,HydrAMP_epoch37,0.7692307692307692,True
vae_unc_00275,GKAKWWWWWWRREWWEWWWWWWW,HydrAMP_epoch37,0.5714285714285714,True
vae_unc_00276,SYYFQWRYCCCVG,HydrAMP_epoch37,0.5217391304347826,True
vae_unc_00277,QQWKERKMMKRL,HydrAMP_epoch37,0.6,True
vae_unc_00278,FFLWQRFKWWQRRYIIKKKKRI,HydrAMP_epoch37,0.5789473684210527,True
vae_unc_00279,VIRRQVFRRRWWRKFFVG,HydrAMP_epoch37,0.6470588235294117,True
vae_unc_00280,FRVRCGCVVWCYWWWWWWW,HydrAMP_epoch37,0.5714285714285714,True
vae_unc_00281,RRCYRRRRRFWWWWWW,HydrAMP_epoch37,0.896551724137931,False
vae_unc_00282,GVLLLWKWWRQWWWQKILLDAW,HydrAMP_epoch37,0.5263157894736843,True
vae_unc_00283,AKKWRDKMWFKLWWWWWWW,HydrAMP_epoch37,0.6,True
vae_unc_00284,LKWLFRKRRRYCYQKQLL,HydrAMP_epoch37,0.6666666666666667,True
vae_unc_00285,WWRRCGALDLYWWWRRWRRWWW,HydrAMP_epoch37,0.7,True
vae_unc_00286,MMVKAALAKWRWRWLVRRRRRARWA,HydrAMP_epoch37,0.5652173913043479,True
vae_unc_00287,FRWRLPFYCCHHFQRRRRWKKCCCC,HydrAMP_epoch37,0.5,True
vae_unc_00288,MAAWWKWWWWWWWRWWEWWWW,HydrAMP_epoch37,0.6111111111111112,True
vae_unc_00289,GFMRRRGGRRKRRMALWWR,HydrAMP_epoch37,0.6470588235294117,True
vae_unc_00290,GSVFLVHIKNPYCVSKKKWWRRPWR,HydrAMP_epoch37,0.48888888888888893,True
vae_unc_00291,GIGLKLKWKLAEKEGMALAAW,HydrAMP_epoch37,0.631578947368421,True
vae_unc_00292,INRRRRRRRWKAWMMWWWWWWW,HydrAMP_epoch37,0.6086956521739131,True
vae_unc_00293,TIMKAKAKWQMAAKKKKWWKWWWWW,HydrAMP_epoch37,0.5652173913043479,True
vae_unc_00294,VRVQRRRTAEKWWWKTKQFFRAAA,HydrAMP_epoch37,0.5116279069767442,True
vae_unc_00295,FKKLKKKALAAARRW,HydrAMP_epoch37,0.6896551724137931,True
vae_unc_00296,SIRRYRYPFRRRGCRRWWWRRW,HydrAMP_epoch37,0.6486486486486487,True
vae_unc_00297,GKLNWEEEKWLKLLLLWW,HydrAMP_epoch37,0.6060606060606061,True
vae_unc_00298,RRRYRRRVWWRRWLALKKKKW,HydrAMP_epoch37,0.625,True
vae_unc_00299,FPQKRRRIPTLKLAAAKKWW,HydrAMP_epoch37,0.6285714285714286,True
vae_unc_00300,FLAGTLWWWTVGPRWWWWRWRRRRR,HydrAMP_epoch37,0.5714285714285714,True
vae_unc_00301,NRIWRYLKRRLGVVK,HydrAMP_epoch37,0.6153846153846154,True
vae_unc_00302,DWWWKQCRKKWKPAKW,HydrAMP_epoch37,0.6470588235294117,True
vae_unc_00303,WRYTGIKAKWWWNMCFDKKKLKKWW,HydrAMP_epoch37,0.5652173913043479,True
vae_unc_00304,LRGKAMCIKAYLMMLKRKL,HydrAMP_epoch37,0.6060606060606061,True
vae_unc_00305,FRRCYRRRR,HydrAMP_epoch37,0.736842105263158,True
vae_unc_00306,GGWWKLNKKWKA,HydrAMP_epoch37,0.6666666666666667,True
vae_unc_00307,MKMFRKKQRYIIQKFKKEINNVVG,HydrAMP_epoch37,0.5217391304347826,True
vae_unc_00308,PDRLKYQKWWWWWKGKRRWRRRRWW,HydrAMP_epoch37,0.6046511627906976,True
vae_unc_00309,GWLKKIVLWILKLDKRR,HydrAMP_epoch37,0.6451612903225806,True
vae_unc_00310,YRNRITFCCCHCHTTTTSSSSSSSE,HydrAMP_epoch37,0.48888888888888893,True
vae_unc_00311,VRWYPKKQWKWWPVGMMGMMRRLN,HydrAMP_epoch37,0.5,True
vae_unc_00312,IWIWLVERFHGKLAAWMWW,HydrAMP_epoch37,0.5,True
vae_unc_00313,HLNCIKRQRRGVWR,HydrAMP_epoch37,0.625,True
vae_unc_00314,FWRWWRWRGWWWWW,HydrAMP_epoch37,0.8275862068965517,False
vae_unc_00315,RRWLAWLDLWWWKTFLR,HydrAMP_epoch37,0.6206896551724138,True
vae_unc_00316,CRWWKKNKKLLKIFLLWRWWKEEWW,HydrAMP_epoch37,0.5652173913043479,True
vae_unc_00317,GWTFYRRRCGCHRWR,HydrAMP_epoch37,0.5925925925925926,True
vae_unc_00318,WRKKWWKKKKPWWWWWQFQRWYFM,HydrAMP_epoch37,0.6190476190476191,True
vae_unc_00319,MMCCCVCCFCCVY,HydrAMP_epoch37,0.4615384615384615,True
vae_unc_00320,WWWWRVGCVCCWWWWWWWW,HydrAMP_epoch37,0.6470588235294117,True
vae_unc_00321,ARCCRGKWRGVGCFFMR,HydrAMP_epoch37,0.5625,True
vae_unc_00322,HWWKWKWRWPNLCEGW,HydrAMP_epoch37,0.6206896551724138,True
vae_unc_00323,WRWFFRRRRWWWWWWWWW,HydrAMP_epoch37,0.8,True
vae_unc_00324,IKKKLLLWKLLLEKLKLLLKKKLLL,HydrAMP_epoch37,0.7659574468085107,True
vae_unc_00325,GWYYCCRYYCYC,HydrAMP_epoch37,0.5454545454545454,True
vae_unc_00326,VFRRWYRPWYRCA,HydrAMP_epoch37,0.64,True
vae_unc_00327,HFWKKYLEDLLLKNLLLKKWKWWKK,HydrAMP_epoch37,0.6521739130434783,True
vae_unc_00328,RWWWRLEKRRRRWWRWWWWWRR,HydrAMP_epoch37,0.7391304347826086,True
vae_unc_00329,MVRRRRRMRWQKW,HydrAMP_epoch37,0.72,True
vae_unc_00330,GYLWTLLWKKTALLGRRIRRKAIQQ,HydrAMP_epoch37,0.5416666666666667,True
vae_unc_00331,VHKYFSGRFCVIIPKKQQKKKKKKK,HydrAMP_epoch37,0.56,True
vae_unc_00332,KRQFKIWRWWWWWRWWW,HydrAMP_epoch37,0.6896551724137931,True
vae_unc_00333,KWAKKLWWWWWNIAGGRGRWAMA,HydrAMP_epoch37,0.5128205128205128,True
vae_unc_00334,WWGDKKKKWWWKKLQIQLMM,HydrAMP_epoch37,0.6470588235294117,True
vae_unc_00335,AFCVYARAYCRVMMPMARRWWWWRW,HydrAMP_epoch37,0.5454545454545454,True
vae_unc_00336,CRWKKLWWNWRRHRPPRRKKWE,HydrAMP_epoch37,0.5641025641025641,True
vae_unc_00337,WKLKWWKLWLADLKKKLLKWKLLKK,HydrAMP_epoch37,0.7441860465116279,True
vae_unc_00338,RWLKKKWLLLLAAMRR,HydrAMP_epoch37,0.6666666666666667,True
vae_unc_00339,GGMVIISARRCYRYVRRVRRMWW,HydrAMP_epoch37,0.5454545454545454,True
vae_unc_00340,FRCRYVYRRCVICGGGGMV,HydrAMP_epoch37,0.5294117647058824,True
vae_unc_00341,MARKYRYRWWWWRKFW,HydrAMP_epoch37,0.6470588235294117,True
vae_unc_00342,GLWRRILIHICHIHNWR,HydrAMP_epoch37,0.625,True
vae_unc_00343,MLWKWKWWWDLLALWLLLWWWWWWW,HydrAMP_epoch37,0.5238095238095238,True
vae_unc_00344,TWALKWKLLELWWWWRFIRKKRMKW,HydrAMP_epoch37,0.56,True
vae_unc_00345,HYNKKKKKWWPLKNIVVGKK,HydrAMP_epoch37,0.5853658536585367,True
vae_unc_00346,HRWRRYYVVVSKLKGWWWGMMW,HydrAMP_epoch37,0.4761904761904761,True
vae_unc_00347,GARRVYRRWWRWWWWWWW,HydrAMP_epoch37,0.8,True
vae_unc_00348,AMRRQLWLLARMRF,HydrAMP_epoch37,0.6666666666666667,True
vae_unc_00349,GWLLKWWERRRRRRRRRRWWWWWWE,HydrAMP_epoch37,0.6046511627906976,True
vae_unc_00350,VWKLKKLLWWWWKALAMMMAAALLW,HydrAMP_epoch37,0.6511627906976745,True
vae_unc_00351,MKWWWWWWWRRERRWWWWWWWW,HydrAMP_epoch37,0.631578947368421,True
vae_unc_00352,GFYWRYKWWRR,HydrAMP_epoch37,0.736842105263158,True
vae_unc_00353,RQHCTVYYRRRLT,HydrAMP_epoch37,0.5833333333333333,True
vae_unc_00354,TKWKWWLNKWLWWWWWAMRRRRWWW,HydrAMP_epoch37,0.5581395348837209,True
vae_unc_00355,KRLWWPFLLNKWKKKKWS,HydrAMP_epoch37,0.625,True
vae_unc_00356,GWKRRFRKWRRPPQWWKKWWWWWWK,HydrAMP_epoch37,0.6511627906976745,True
vae_unc_00357,MEKPLIYYRRTEKRWWWAWWRWWW,HydrAMP_epoch37,0.5238095238095238,True
vae_unc_00358,GLYRGYRSRRRRWRCSR,HydrAMP_epoch37,0.6666666666666667,True
vae_unc_00359,HCQVCCVYWRYQKKKKKKW,HydrAMP_epoch37,0.5555555555555556,True
vae_unc_00360,VFKWIISEQMVLWLKIVKRRLWWWW,HydrAMP_epoch37,0.5,True
vae_unc_00361,GLLLDKLWWWWWWWAAGWWWWWRRR,HydrAMP_epoch37,0.5306122448979591,True
vae_unc_00362,FRWRRRRMMMGL,HydrAMP_epoch37,0.6666666666666667,True
vae_unc_00363,HRVVFTLLHLKELRRPWWWWWWWRW,HydrAMP_epoch37,0.5,True
vae_unc_00364,VVRRWFRRMDWKFAQKWKKLLAAA,HydrAMP_epoch37,0.5714285714285714,True
vae_unc_00365,SVMYCGCRRKVMVMYRWWWWWW,HydrAMP_epoch37,0.5128205128205128,True
vae_unc_00366,FIKWKELLWLALNNWRWWWWWWWWW,HydrAMP_epoch37,0.5238095238095238,True
vae_unc_00367,PRWWWWVTGVAWWW,HydrAMP_epoch37,0.6666666666666667,True
vae_unc_00368,RWRRRRWMMAKRRRRWWWWWWWW,HydrAMP_epoch37,0.6382978723404256,True
vae_unc_00369,KWWKGIYFKVAWQVKRWWWWW,HydrAMP_epoch37,0.5945945945945945,True
vae_unc_00370,PIIRIPRKLWLALRR,HydrAMP_epoch37,0.6428571428571428,True
vae_unc_00371,GLVAWKLKRVRRLIRRRMKK,HydrAMP_epoch37,0.5882352941176471,True
vae_unc_00372,GNKKKKWWWRRQPPWPWRRRRRWWW,HydrAMP_epoch37,0.6046511627906976,True
vae_unc_00373,SNLNLLLLELLRPRRRMMWWWWWW,HydrAMP_epoch37,0.5,True
vae_unc_00374,CIRCCVCGMMMGVGGPWW,HydrAMP_epoch37,0.4666666666666666,True
vae_unc_00375,GKRWWICMKRRMW,HydrAMP_epoch37,0.6363636363636364,True
vae_unc_00376,PVRRRRRRRRCFFQWWWWK,HydrAMP_epoch37,0.6875,True
vae_unc_00377,CKIYCKRRRRCWWWWWWW,HydrAMP_epoch37,0.7333333333333334,True
vae_unc_00378,MDKWKNLNWWKWWKKWWKKWWWWKA,HydrAMP_epoch37,0.6976744186046511,True
vae_unc_00379,VLMVKWKICMMYWWRRGFFW,HydrAMP_epoch37,0.5,True
vae_unc_00380,TRSWIVCLMMAGGMQRGWRWKKWRR,HydrAMP_epoch37,0.5454545454545454,True
vae_unc_00381,GKPKKWKWKRNWRWRRQRRRMRDKK,HydrAMP_epoch37,0.5714285714285714,True
vae_unc_00382,LMRYRRYRRCMMR,HydrAMP_epoch37,0.64,True
vae_unc_00383,RLLIHILLKQLLEKLTCCFPPKKKP,HydrAMP_epoch37,0.5714285714285714,True
vae_unc_00384,FQKWWIFMMMMMMMAWWRW,HydrAMP_epoch37,0.5,True
vae_unc_00385,FVVGVCLKPRRYVCYCKKNNRRMRR,HydrAMP_epoch37,0.5531914893617021,True
vae_unc_00386,NRYFKWWWWEWWRRRWWWAWWWWW,HydrAMP_epoch37,0.6,True
vae_unc_00387,VLKWRRPNKWKWWWWPTLLLIIIIL,HydrAMP_epoch37,0.5238095238095238,True
vae_unc_00388,FSLLNAAAAALLWWWLAAGIVRKWM,HydrAMP_epoch37,0.5106382978723405,True
vae_unc_00389,SVFHRWWRRRWQQCCGMAM,HydrAMP_epoch37,0.5,True
vae_unc_00390,LSEWIIGLWWLFRRRWWWEWWWW,HydrAMP_epoch37,0.5641025641025641,True
vae_unc_00391,GIWKKEEKIRNKWWWWWWMMY,HydrAMP_epoch37,0.5714285714285714,True
vae_unc_00392,GRHQYWKRRWKKKVYRVWRKKWWRR,HydrAMP_epoch37,0.6046511627906976,True
vae_unc_00393,SWRWRRWWRHAAW,HydrAMP_epoch37,0.7272727272727273,True
vae_unc_00394,RWMGMMRRWMWWWDRRWWWWWW,HydrAMP_epoch37,0.6521739130434783,True
vae_unc_00395,HIRRWIRYNHYPMEW,HydrAMP_epoch37,0.5185185185185186,True
vae_unc_00396,ILLLEWWWWKKLLEKRRWMWW,HydrAMP_epoch37,0.6111111111111112,True
vae_unc_00397,MHWRRRRNEPKWWQYFFKKKPMM,HydrAMP_epoch37,0.4878048780487805,True
vae_unc_00398,SAKLLLKWKLWWEALLAWEELTRWW,HydrAMP_epoch37,0.5652173913043479,True
vae_unc_00399,SSRIKVHWWRFKR,HydrAMP_epoch37,0.75,True
vae_unc_00400,RRFKQFIKWWEHWKLLLKKDLDD,HydrAMP_epoch37,0.55,True
vae_unc_00401,VINRRFRPDLRRCYWWKCTSKKNMA,HydrAMP_epoch37,0.48888888888888893,True
vae_unc_00402,PRCFITRRRCRCWWWWWWWW,HydrAMP_epoch37,0.7058823529411764,True
vae_unc_00403,HWQRRRRWWWWWWWW,HydrAMP_epoch37,0.8461538461538461,False
vae_unc_00404,GVRVCFVVCCHCYCHTWERR,HydrAMP_epoch37,0.5294117647058824,True
vae_unc_00405,IWMAVMMAWWWWWKKWFMWW,HydrAMP_epoch37,0.5555555555555556,True
vae_unc_00406,ERWWWWWKL,HydrAMP_epoch37,0.7777777777777779,True
vae_unc_00407,AGMMMEKWRCVYYRYHCVTAMDKWE,HydrAMP_epoch37,0.4444444444444444,True
vae_unc_00408,AYRRRRQKQRRWWKKKLKKLLQKAM,HydrAMP_epoch37,0.5957446808510638,True
vae_unc_00409,VEIVVARRVVRRRRKDWKWWRRRRW,HydrAMP_epoch37,0.6046511627906976,True
vae_unc_00410,MAKNLKLLLKNRRILKQRRRRRFMN,HydrAMP_epoch37,0.56,True
vae_unc_00411,YWKLWWVCMVRRMAHRPRMA,HydrAMP_epoch37,0.5263157894736843,True
vae_unc_00412,TRWKVLELLKWWKKLKAALKDWR,HydrAMP_epoch37,0.6,True
vae_unc_00413,MRPRYYCILKWRGMDKWWWWW,HydrAMP_epoch37,0.5142857142857142,True
vae_unc_00414,DKSRRRRRLWWWRIIKKAAM,HydrAMP_epoch37,0.5714285714285714,True
vae_unc_00415,GKLKEEENLKWKLPLLKRKWWWKWW,HydrAMP_epoch37,0.5714285714285714,True
vae_unc_00416,CRCYEWWSMRRRAWRWWW,HydrAMP_epoch37,0.6470588235294117,True
vae_unc_00417,IRLDKALWMRWWWWWWWWW,HydrAMP_epoch37,0.6470588235294117,True
vae_unc_00418,WEKLLNALWWWWWEAAKWWWWWLLL,HydrAMP_epoch37,0.5217391304347826,True
vae_unc_00419,GMTRSCCMMCRYRGLKKNWRRRWRR,HydrAMP_epoch37,0.5333333333333333,True
vae_unc_00420,GMYYVWWWRRRFRRRRRR,HydrAMP_epoch37,0.7333333333333334,True
vae_unc_00421,VKVCCYYRCCYYCY,HydrAMP_epoch37,0.5161290322580645,True
vae_unc_00422,VGWWKKWLITTNNWWLAKKMMMAAA,HydrAMP_epoch37,0.5217391304347826,True
vae_unc_00423,SRCCCCYYCCYCYYRR,HydrAMP_epoch37,0.5,True
vae_unc_00424,KKLKKWQRWWWWKLLLAKKWKAADM,HydrAMP_epoch37,0.5777777777777777,True
vae_unc_00425,RRQYYRYPPWRRRYPGFRRCG,HydrAMP_epoch37,0.5945945945945945,True
vae_unc_00426,KLQQRCRRFLKLL,HydrAMP_epoch37,0.72,True
vae_unc_00427,AQWRRRFWNRWRKQNEELTLTCCC,HydrAMP_epoch37,0.5,True
vae_unc_00428,FWVILSENLLNKWKKKKKKKKKWWW,HydrAMP_epoch37,0.5652173913043479,True
vae_unc_00429,FQGPFYYWWRCGYFCGRR,HydrAMP_epoch37,0.5333333333333333,True
vae_unc_00430,WRRRRRRRWR,HydrAMP_epoch37,0.9473684210526316,False
vae_unc_00431,ALRWLKKKWWKKWWFMEWWWLWWWW,HydrAMP_epoch37,0.6046511627906976,True
vae_unc_00432,TRGCIWRRRQKDMAAW,HydrAMP_epoch37,0.5333333333333333,True
vae_unc_00433,TWLNKLLLKKLLLDAAGVRRWK,HydrAMP_epoch37,0.631578947368421,True
vae_unc_00434,FRWRRRYCVLCGGWWWWWWRWWWR,HydrAMP_epoch37,0.625,True
vae_unc_00435,HRRRCCRRRFVFRPILKWWW,HydrAMP_epoch37,0.5882352941176471,True
vae_unc_00436,RRRRRRRFWW,HydrAMP_epoch37,0.8888888888888888,False
vae_unc_00437,TCRWWWWKEKKWKKKRRWWWWEWR,HydrAMP_epoch37,0.5833333333333333,True
vae_unc_00438,LVYWWNWWWWWIGMVYRRWWWWWW,HydrAMP_epoch37,0.5581395348837209,True
vae_unc_00439,SRRRRYYYRRRPKLSLAK,HydrAMP_epoch37,0.6046511627906976,True
vae_unc_00440,PRLKWWWNNVFHVRRYWWWWWWRRW,HydrAMP_epoch37,0.6122448979591837,True
vae_unc_00441,CRVRRRRRKKLRAMMAAMMWWWWRR,HydrAMP_epoch37,0.5652173913043479,True
vae_unc_00442,HAYRRPYWWWYYNW,HydrAMP_epoch37,0.64,True
vae_unc_00443,SSDKKQELKKKWWWWKKLLLLLWWW,HydrAMP_epoch37,0.5581395348837209,True
vae_unc_00444,YWWWQVFCMMAQYR,HydrAMP_epoch37,0.5,True
vae_unc_00445,AHCYYGYWWWWRRRRRRRRRRRRRW,HydrAMP_epoch37,0.6511627906976745,True
vae_unc_00446,RNDLNLLWNLFAALKKKLLKWKKKK,HydrAMP_epoch37,0.64,True
vae_unc_00447,FKLLLWKKKVMRSLRRCGRRAKWKM,HydrAMP_epoch37,0.5714285714285714,True
vae_unc_00448,TWDYRKWIEWWKWRRTYKKWWRRWW,HydrAMP_epoch37,0.6511627906976745,True
vae_unc_00449,YRRWKQWWWWWFWWWWWWWW,HydrAMP_epoch37,0.5909090909090908,True
vae_unc_00450,ATWWKTQRWW,HydrAMP_epoch37,0.6363636363636364,True
vae_unc_00451,VSWWNFKYWWWGMMMWWWWRRRW,HydrAMP_epoch37,0.5641025641025641,True
vae_unc_00452,TWKWKNLLLLALLAVR,HydrAMP_epoch37,0.6666666666666667,True
vae_unc_00453,RWWHRYWWRTVFRRWRWKKR,HydrAMP_epoch37,0.7058823529411764,True
vae_unc_00454,VCRCRICSICYVKWWWRWVYWRRYW,HydrAMP_epoch37,0.5333333333333333,True
vae_unc_00455,KFLFNLLRRYRRRRCAARR,HydrAMP_epoch37,0.6666666666666667,True
vae_unc_00456,TRFCVCIVCFRCCC,HydrAMP_epoch37,0.56,True
vae_unc_00457,MGLWWWWWWWWWWWWKKWWWWMMW,HydrAMP_epoch37,0.55,True
vae_unc_00458,FVGHGGVVNRRRKFIKLLLEARR,HydrAMP_epoch37,0.5128205128205128,True
vae_unc_00459,GALLPENKKWWWWWWLKWPAMFW,HydrAMP_epoch37,0.55,True
vae_unc_00460,VWLCALLWAEKKLKWWWWWWEWRWE,HydrAMP_epoch37,0.5581395348837209,True
vae_unc_00461,ILDLRWELLWKLAMMFEALKCMMM,HydrAMP_epoch37,0.5,True
vae_unc_00462,KIRVRYYRRVCKRRW,HydrAMP_epoch37,0.6896551724137931,True
vae_unc_00463,IWWRWLHGLWYPNLENKNDVG,HydrAMP_epoch37,0.5142857142857142,True
vae_unc_00464,FSAGVGVAAAWWWRRRRRRRRRRWW,HydrAMP_epoch37,0.5652173913043479,True
vae_unc_00465,QRCQLVVCKLVKMMAA,HydrAMP_epoch37,0.5806451612903225,True
vae_unc_00466,VDRAFVVRRRRKKALAKLWWWWRRR,HydrAMP_epoch37,0.5581395348837209,True
vae_unc_00467,VRLRRNRKVYFWLWWWRRRKAKKWW,HydrAMP_epoch37,0.5581395348837209,True
vae_unc_00468,VCFCFVCYCCCCCG,HydrAMP_epoch37,0.4516129032258065,True
vae_unc_00469,QRICVCRCYCYCCCRC,HydrAMP_epoch37,0.5185185185185186,True
vae_unc_00470,IPLTKGGWLSGLGKRAMMGAAKWWR,HydrAMP_epoch37,0.5238095238095238,True
vae_unc_00471,VTKWWWWKEWWWKWWWWAMFW,HydrAMP_epoch37,0.5945945945945945,True
vae_unc_00472,GHLWLLWWKKWWAWWWW,HydrAMP_epoch37,0.6285714285714286,True
vae_unc_00473,AHWHCIMGRWFRRYMV,HydrAMP_epoch37,0.5333333333333333,True
vae_unc_00474,RWLKLAAKWLAW,HydrAMP_epoch37,0.6923076923076923,True
vae_unc_00475,FMLRRYRYRRRARW,HydrAMP_epoch37,0.6666666666666667,True
vae_unc_00476,RRKYRRRYQIGAMMMAEWAM,HydrAMP_epoch37,0.48888888888888893,True
vae_unc_00477,VGTGKNKAKRRRRKRRRCCRTM,HydrAMP_epoch37,0.6153846153846154,True
vae_unc_00478,GWWWWRWRRRWAWR,HydrAMP_epoch37,0.75,True
vae_unc_00479,GKLWKEEKKKKKKWKKKKKKKKKLL,HydrAMP_epoch37,0.7727272727272727,True
vae_unc_00480,GKAYGMALWRRLWWLWWRMWWWW,HydrAMP_epoch37,0.6190476190476191,True
vae_unc_00481,FKKIRWWRDKAKILEAMMGA,HydrAMP_epoch37,0.6470588235294117,True
vae_unc_00482,KWILKLDWMRMMAWWDDDRWWWWR,HydrAMP_epoch37,0.55,True
vae_unc_00483,GQRRRRRYGAYYGWWWWWWWWRWWR,HydrAMP_epoch37,0.6122448979591837,True
vae_unc_00484,VASMAVRRWWWWAMMRWWWWWWWWW,HydrAMP_epoch37,0.5714285714285714,True
vae_unc_00485,MIWWFWNLEFRWNNLKKKLKR,HydrAMP_epoch37,0.5217391304347826,True
vae_unc_00486,FIVVRMRVMWWWWWAMAAKI,HydrAMP_epoch37,0.4705882352941176,True
vae_unc_00487,CWWWRRRRRPNNNNILNVF,HydrAMP_epoch37,0.5,True
vae_unc_00488,GRVRVHKWKNLKNIHWQNK,HydrAMP_epoch37,0.5882352941176471,True
vae_unc_00489,LRGRWWPKRRTLVVHGLVD,HydrAMP_epoch37,0.5641025641025641,True
vae_unc_00490,ARWWWWRYKLELGGGGGGGMMM,HydrAMP_epoch37,0.4782608695652174,True
vae_unc_00491,FWFRRRRWKRRPCYRRQFKKKWWWW,HydrAMP_epoch37,0.5581395348837209,True
vae_unc_00492,TMRKLNLWWWKWWLLLLLLLLLLLW,HydrAMP_epoch37,0.6511627906976745,True
vae_unc_00493,HRMNSWKLCKWRRELRRM,HydrAMP_epoch37,0.5555555555555556,True
vae_unc_00494,RWKWPRRVWWRWWRWWWWMMAD,HydrAMP_epoch37,0.7027027027027026,True
vae_unc_00495,VIWNLENKWWWLLELKLLKLLLLLL,HydrAMP_epoch37,0.6976744186046511,True
vae_unc_00496,FRHRRCRWQCCRRPRC,HydrAMP_epoch37,0.6,True
vae_unc_00497,LPKKLDMALWKWWKKKKKKRRRRRR,HydrAMP_epoch37,0.6122448979591837,True
vae_unc_00498,HFRLLKLTCCVGASCIPWWWWWWWW,HydrAMP_epoch37,0.4761904761904761,True
vae_unc_00499,VMCSWWRWWWWWRRRRRRRPWWWW,HydrAMP_epoch37,0.65,True
vae_unc_00500,CWDKNLELWWWKKKIQKWWN,HydrAMP_epoch37,0.5945945945945945,True
vae_unc_00501,KWLRRRQYWRWWWWNLWNWKWWWWW,HydrAMP_epoch37,0.5306122448979591,True
vae_unc_00502,KWWPSAVGMMWWWWWWRRWRRRRRR,HydrAMP_epoch37,0.6046511627906976,True
vae_unc_00503,LWEWKLLKLIQWWKG,HydrAMP_epoch37,0.625,True
vae_unc_00504,ICCVCCRRVACYYWRCW,HydrAMP_epoch37,0.5405405405405406,True
vae_unc_00505,RWWWKNNKWWKWWWILKAWWWWWRW,HydrAMP_epoch37,0.6046511627906976,True
vae_unc_00506,LCIKYWWNRCCSVFRYIWW,HydrAMP_epoch37,0.5405405405405406,True
vae_unc_00507,CMRMCCCRRRRRRRWWWRRRRRWRW,HydrAMP_epoch37,0.7441860465116279,True
vae_unc_00508,GWKWWWQQKKLLLLLLLLLLWWWWW,HydrAMP_epoch37,0.6046511627906976,True
vae_unc_00509,ARKWRRRCRCKLWWGMDRWWW,HydrAMP_epoch37,0.6486486486486487,True
vae_unc_00510,HWVPWWWMDWWRRRRRWWWRRRRRR,HydrAMP_epoch37,0.6511627906976745,True
vae_unc_00511,FFFQWYYYVFRRRNKM,HydrAMP_epoch37,0.5625,True
vae_unc_00512,AHMRCVRVWWRRWWRRR,HydrAMP_epoch37,0.6896551724137931,True
vae_unc_00513,FWDMHGALWKYRQWWWFMA,HydrAMP_epoch37,0.5,True
vae_unc_00514,IGWDWWEANRKKKRGRFLKRAAKKW,HydrAMP_epoch37,0.5333333333333333,True
vae_unc_00515,CWLWQRLIRYPRWLMAVQKKRKAAD,HydrAMP_epoch37,0.5,True
vae_unc_00516,IYKQRRIVRKWKFARKAD,HydrAMP_epoch37,0.6470588235294117,True
vae_unc_00517,VLLKKKKWWWWWWK,HydrAMP_epoch37,0.72,True
vae_unc_00518,VFGVCRYRCCYRFRVLH,HydrAMP_epoch37,0.5625,True
vae_unc_00519,QLYMMQWKWKRRRRWWWWWWWW,HydrAMP_epoch37,0.6086956521739131,True
vae_unc_00520,FWFRYYVAAGVLRW,HydrAMP_epoch37,0.5714285714285714,True
vae_unc_00521,QLNWLLKLAACRWKWWWRRRW,HydrAMP_epoch37,0.5714285714285714,True
vae_unc_00522,KGRQKKLIKKLLNTVQR,HydrAMP_epoch37,0.6285714285714286,True
vae_unc_00523,YRKWLATKCRWWWFFKKKKWKWAAC,HydrAMP_epoch37,0.5714285714285714,True
vae_unc_00524,DIGKPRRLAIRWR,HydrAMP_epoch37,0.6363636363636364,True
vae_unc_00525,SLWWWKWWWWWWWWEERRRRRRRRR,HydrAMP_epoch37,0.5306122448979591,True
vae_unc_00526,MRRRRIRRRWKFVDKWK,HydrAMP_epoch37,0.6896551724137931,True
vae_unc_00527,SDNKWWWWWWWWWKKKA,HydrAMP_epoch37,0.6666666666666667,True
vae_unc_00528,FCFHVGMMMMLYRWWWW,HydrAMP_epoch37,0.48275862068965514,True
vae_unc_00529,RWVGRMMMVHCMKM,HydrAMP_epoch37,0.5384615384615384,True
vae_unc_00530,EQWRWWQELRRWFVRRKAA,HydrAMP_epoch37,0.5641025641025641,True
vae_unc_00531,AARRRRRYRYRCCGRRRWR,HydrAMP_epoch37,0.6875,True
vae_unc_00532,AKWWWWKWWWWWKAMHRWWRWLA,HydrAMP_epoch37,0.5641025641025641,True
vae_unc_00533,MKKRRPRIWWWWWKLALW,HydrAMP_epoch37,0.6,True
vae_unc_00534,TMRKELLKPKKNKKKLGAAAGIIQM,HydrAMP_epoch37,0.5555555555555556,True
vae_unc_00535,RWVMVMMAWWWWWWWWWWW,HydrAMP_epoch37,0.5882352941176471,True
vae_unc_00536,FSMMMMMMMMMMWWWWWRWWWRR,HydrAMP_epoch37,0.5365853658536586,True
vae_unc_00537,MAWRVKMMWWW,HydrAMP_epoch37,0.7,True
vae_unc_00538,LRCEARRRRRRWWM,HydrAMP_epoch37,0.72,True
vae_unc_00539,YWKKLLKKKLLLLLELLLAAA,HydrAMP_epoch37,0.717948717948718,True
vae_unc_00540,LRFCKSFIWLLKKTWWWK,HydrAMP_epoch37,0.6,True
vae_unc_00541,VGWYRRLIRRVRFKWW,HydrAMP_epoch37,0.6428571428571428,True
vae_unc_00542,KRRRRKRVGRVARRWWWW,HydrAMP_epoch37,0.7333333333333334,True
vae_unc_00543,WRPCRNPKLFRRWKKNLNLAW,HydrAMP_epoch37,0.5789473684210527,True
vae_unc_00544,AAMMMMMMMMMYYYWWWWW,HydrAMP_epoch37,0.4324324324324324,True
vae_unc_00545,KWWLKRGVARWWPCGCCWDCW,HydrAMP_epoch37,0.5128205128205128,True
vae_unc_00546,IAWWNKWWFYRWWRWWRRRRWW,HydrAMP_epoch37,0.6842105263157895,True
vae_unc_00547,GKELNLLWQYKNKLLWKQKKM,HydrAMP_epoch37,0.6153846153846154,True
vae_unc_00548,TTELMLLWELWRRRRRWWWWWWRRW,HydrAMP_epoch37,0.6122448979591837,True
vae_unc_00549,ENWWKKWWCYRYGMCM,HydrAMP_epoch37,0.5185185185185186,True
vae_unc_00550,PFRNKKKKWWEWWRRWWRWWWWWWW,HydrAMP_epoch37,0.6122448979591837,True
vae_unc_00551,MYKWKKLWWWWWKKHLLLLWWWWWW,HydrAMP_epoch37,0.6046511627906976,True
vae_unc_00552,IRILKKLNIPRRWKPIIAMAGRRRA,HydrAMP_epoch37,0.5306122448979591,True
vae_unc_00553,PRRRKRLWLRWWWWWRMGWWRMMFF,HydrAMP_epoch37,0.6122448979591837,True
vae_unc_00554,KGWFKYYRRQLLAM,HydrAMP_epoch37,0.5833333333333333,True
vae_unc_00555,IMKTWWRIMAAWWWWWWWWW,HydrAMP_epoch37,0.6285714285714286,True
vae_unc_00556,CKRRRRRYFF,HydrAMP_epoch37,0.736842105263158,True
vae_unc_00557,VRYRCCRICYWMWWW,HydrAMP_epoch37,0.56,True
vae_unc_00558,FKKWWLLWLKLSAWWW,HydrAMP_epoch37,0.6206896551724138,True
vae_unc_00559,IDKWWWWKKWWWWFVGVFARKWWWW,HydrAMP_epoch37,0.5652173913043479,True
vae_unc_00560,MKCYKCRQMMNPRRYCAA,HydrAMP_epoch37,0.48484848484848486,True
vae_unc_00561,GAHLLVCYLLWWRVVLFYFLKKWWR,HydrAMP_epoch37,0.5333333333333333,True
vae_unc_00562,AAWKELWWKWWWWWWWWWWW,HydrAMP_epoch37,0.5853658536585367,True
vae_unc_00563,VNDNKWFGALLWKKKAMMMMMKKAA,HydrAMP_epoch37,0.5333333333333333,True
vae_unc_00564,GIRQRFQMVVRMLRFMK,HydrAMP_epoch37,0.5714285714285714,True
vae_unc_00565,MIWWWWWAKYYRRWWWRWWWWWWW,HydrAMP_epoch37,0.5833333333333333,True
vae_unc_00566,SKVCYFFYRRRRW,HydrAMP_epoch37,0.6363636363636364,True
vae_unc_00567,KFRKERWIMAKKALAKWWKWLWWWW,HydrAMP_epoch37,0.5581395348837209,True
vae_unc_00568,EMWRRYYRCVCYFHVGY,HydrAMP_epoch37,0.5454545454545454,True
vae_unc_00569,VWWWWWWWWWWAVRRRWWWWRRRWW,HydrAMP_epoch37,0.6122448979591837,True
vae_unc_00570,ITKMKMIWKWWWAAKAAWWLILLLL,HydrAMP_epoch37,0.5,True
vae_unc_00571,VYWRYRRKDKKLKIAAAAAIWWWKL,HydrAMP_epoch37,0.5714285714285714,True
vae_unc_00572,YEDKLWKWKWKWWWFRRKKKWWWWW,HydrAMP_epoch37,0.6521739130434783,True
vae_unc_00573,KGKKDKKRRFMAAWKAK,HydrAMP_epoch37,0.6060606060606061,True
vae_unc_00574,AWDQFFRWWRRRRRRRWRRRPWWWW,HydrAMP_epoch37,0.6511627906976745,True
vae_unc_00575,IVMCFVGMMCYRYHHC,HydrAMP_epoch37,0.5,True
vae_unc_00576,IIMQACCWWWKWWKWAWWWWMMWWW,HydrAMP_epoch37,0.5217391304347826,True
vae_unc_00577,QWKKKKKWAAMWWWWWWWWWWW,HydrAMP_epoch37,0.55,True
vae_unc_00578,MAKRRCYRRRKKLLLW,HydrAMP_epoch37,0.6,True
vae_unc_00579,IRRRYRRRRRFFRWWWIKD,HydrAMP_epoch37,0.6486486486486487,True
vae_unc_00580,DSFRRDWKWWRAIWK,HydrAMP_epoch37,0.6153846153846154,True
vae_unc_00581,FWAVVMRRCCYGMMKRWA,HydrAMP_epoch37,0.5161290322580645,True
vae_unc_00582,HNWKKWPKKLLEDIPKKWR,HydrAMP_epoch37,0.6060606060606061,True
vae_unc_00583,DFWKITTKNLLWWKILLSSVLLLLL,HydrAMP_epoch37,0.6046511627906976,True
vae_unc_00584,SVWYRFRRFFIKIKKKWKMA,HydrAMP_epoch37,0.5789473684210527,True
vae_unc_00585,QWGCYCRRIHYKGMWWEW,HydrAMP_epoch37,0.5238095238095238,True
vae_unc_00586,VLAELAGKWWWWWRRKKKLLKKWWW,HydrAMP_epoch37,0.5454545454545454,True
vae_unc_00587,YWLWWWKLWWEKWKKKWWWWWWWWW,HydrAMP_epoch37,0.6086956521739131,True
vae_unc_00588,FICCRCCGMCCYCGGGVVCCHCHHH,HydrAMP_epoch37,0.41860465116279066,True
vae_unc_00589,GYWKWWKWRRPWWWKKRRRRNAA,HydrAMP_epoch37,0.6153846153846154,True
vae_unc_00590,TAKKWWRWWRRWWEKWWWWWWWWEE,HydrAMP_epoch37,0.5714285714285714,True
vae_unc_00591,TLLLDPFYRKKKLATRTSMRRRWWW,HydrAMP_epoch37,0.5333333333333333,True
vae_unc_00592,GWKWKKNKHLKWWWWR,HydrAMP_epoch37,0.6666666666666667,True
vae_unc_00593,FWLNLLKEWWWEEEEWWWWWWWWWW,HydrAMP_epoch37,0.4782608695652174,True
vae_unc_00594,CWLWKKLALWQYYWWEKWKKWKKLA,HydrAMP_epoch37,0.6046511627906976,True
vae_unc_00595,RKALLDAMYRRFKWWWWWWKKDDAA,HydrAMP_epoch37,0.5116279069767442,True
vae_unc_00596,MLHKIREKWWWRRFHLAMIILLLLA,HydrAMP_epoch37,0.5333333333333333,True
vae_unc_00597,AVLNALEWWKDSFCSVYRWWKWEW,HydrAMP_epoch37,0.5,True
vae_unc_00598,TWVIALNKWWWKWWWR,HydrAMP_epoch37,0.6896551724137931,True
vae_unc_00599,QGHMRVGMMCCVLRRYPRWR,HydrAMP_epoch37,0.5,True
vae_unc_00600,QRRRRRRRRCGAGHVCCYGKCG,HydrAMP_epoch37,0.5641025641025641,True
vae_unc_00601,MAKWWDAMMWWRRRRWWWWWWWRWR,HydrAMP_epoch37,0.6122448979591837,True
vae_unc_00602,MRRYCYKLAFGVCYLWRWW,HydrAMP_epoch37,0.5128205128205128,True
vae_unc_00603,FWVFQVVKKRRQKLSALLY,HydrAMP_epoch37,0.5555555555555556,True
vae_unc_00604,TMKYHWKKRWWKLWKKLTTTCVALK,HydrAMP_epoch37,0.5490196078431373,True
vae_unc_00605,HKSPTDLTMMIWWWPGVKWWWRMW,HydrAMP_epoch37,0.5238095238095238,True
vae_unc_00606,FYRRGGVWRRRFRRV,HydrAMP_epoch37,0.6666666666666667,True
vae_unc_00607,WRHYRRRFRPQILKWWWWWWWW,HydrAMP_epoch37,0.5945945945945945,True
vae_unc_00608,IRWIFIHCVVQWMM,HydrAMP_epoch37,0.5384615384615384,True
vae_unc_00609,VFRKCRGYCNKWWAAMMGGYKAALK,HydrAMP_epoch37,0.5106382978723405,True
vae_unc_00610,CWKKWWWWWWKLARWW,HydrAMP_epoch37,0.7058823529411764,True
vae_unc_00611,GMRLKNLLENKKKKNLLIRRRRWWW,HydrAMP_epoch37,0.5581395348837209,True
vae_unc_00612,QWAGGVLKLLRRYRHKWWWWWWWWW,HydrAMP_epoch37,0.5909090909090908,True
vae_unc_00613,VLSLLRRRWWWWWRRRWWEWWW,HydrAMP_epoch37,0.631578947368421,True
vae_unc_00614,RKKYYYSGHHHWWWKWWRRR,HydrAMP_epoch37,0.5263157894736843,True
vae_unc_00615,YIWWWWWWWWWWWKAWRRRRRRRWK,HydrAMP_epoch37,0.5333333333333333,True
vae_unc_00616,VIWWWRHLLWKWWKVKKIKRRRRRR,HydrAMP_epoch37,0.5714285714285714,True
vae_unc_00617,MMAKWWLEDEWWWRRRRRRWRRRWW,HydrAMP_epoch37,0.6046511627906976,True
vae_unc_00618,DNWWKKWKRRRRPPIELLK,HydrAMP_epoch37,0.5882352941176471,True
vae_unc_00619,LKWYPAWKVRMMMQKFKK,HydrAMP_epoch37,0.5454545454545454,True
vae_unc_00620,FRFWKFGRRWWWWW,HydrAMP_epoch37,0.6666666666666667,True
vae_unc_00621,YWDPQWRRYRFWWW,HydrAMP_epoch37,0.64,True
vae_unc_00622,KLRKFYRRRQM,HydrAMP_epoch37,0.6363636363636364,True
vae_unc_00623,SWWRRRFRYCMMAAAM,HydrAMP_epoch37,0.5185185185185186,True
vae_unc_00624,GRNWWWWKLKLGRKRRWEW,HydrAMP_epoch37,0.625,True
vae_unc_00625,HTAAAAARRRWWWEWWWWWWWWW,HydrAMP_epoch37,0.5531914893617021,True
vae_unc_00626,VKWRRWKLELNWWWWKKWKKWR,HydrAMP_epoch37,0.6842105263157895,True
vae_unc_00627,FKEKLKNQWKAALSM,HydrAMP_epoch37,0.6428571428571428,True
vae_unc_00628,YWCRRRNSMCCKWW,HydrAMP_epoch37,0.5833333333333333,True
vae_unc_00629,KLPVQEIMMVYLWWWWRWWWWRR,HydrAMP_epoch37,0.5714285714285714,True
vae_unc_00630,VAEGMLLKWRYWWFALWWRWRW,HydrAMP_epoch37,0.5405405405405406,True
vae_unc_00631,QKGSWSYVRKKLIGGM,HydrAMP_epoch37,0.5517241379310345,True
vae_unc_00632,IRRTFRRKKWWLLLLWWW,HydrAMP_epoch37,0.6666666666666667,True
vae_unc_00633,VNKWKKWWWRRRWRWWWWWWERWWW,HydrAMP_epoch37,0.6122448979591837,True
vae_unc_00634,DSWQIKRRRQMARRMRWWWWWRRWW,HydrAMP_epoch37,0.6122448979591837,True
vae_unc_00635,PKRVRYAVRRIMMAAMVRMM,HydrAMP_epoch37,0.5263157894736843,True
vae_unc_00636,DRRRYRRQKLLWWRKKWWWWWWWWW,HydrAMP_epoch37,0.5714285714285714,True
vae_unc_00637,IKWWPQDDKKLPRKWWWWW,HydrAMP_epoch37,0.5945945945945945,True
vae_unc_00638,LQNRYCRRRPKRQRWWWKKLLKKKW,HydrAMP_epoch37,0.5531914893617021,True
vae_unc_00639,SLANEKWWPLKLALKLKWYYRWWAW,HydrAMP_epoch37,0.5306122448979591,True
vae_unc_00640,TSPTRIVKWWWWWWWWKEEWWWWWW,HydrAMP_epoch37,0.5,True
vae_unc_00641,MLKVYADNWRQRRRRRRRRRRWWWW,HydrAMP_epoch37,0.6511627906976745,True
vae_unc_00642,VGMGGFGWWKLWLLKWWW,HydrAMP_epoch37,0.5714285714285714,True
vae_unc_00643,QWARWIWKLWW,HydrAMP_epoch37,0.736842105263158,True
vae_unc_00644,CRWYRWNFRWRWCMKKA,HydrAMP_epoch37,0.6666666666666667,True
vae_unc_00645,VRRRQFWVVGCHWKV,HydrAMP_epoch37,0.6,True
vae_unc_00646,GLWWWWWEWWWWWRRRRWWWWWWWW,HydrAMP_epoch37,0.5714285714285714,True
vae_unc_00647,IPNHTKRWLLTRKARRWWWRWWWW,HydrAMP_epoch37,0.5714285714285714,True
vae_unc_00648,HRKWWWKLLKKKKLLLSLLLAKW,HydrAMP_epoch37,0.7,True
vae_unc_00649,ILAMFCHIFPWWKNLWWWWWKKELW,HydrAMP_epoch37,0.6046511627906976,True
vae_unc_00650,MRCRFANIRKKKRIAA,HydrAMP_epoch37,0.5925925925925926,True
vae_unc_00651,SGWNDNLKWWKWWWPPWWWWWWWRR,HydrAMP_epoch37,0.5714285714285714,True
vae_unc_00652,SWMGAMSWWWRRVGWEERRWWE,HydrAMP_epoch37,0.55,True
vae_unc_00653,QKRWWGRWWRRWWRRWWWWWWWWW,HydrAMP_epoch37,0.7083333333333333,True
vae_unc_00654,FEAELKVAKWWWWWMMMMMMWWWWW,HydrAMP_epoch37,0.4651162790697675,True
vae_unc_00655,VIMMMMRQKYRRRRWWWRR,HydrAMP_epoch37,0.625,True
vae_unc_00656,YNKKLVGWLLLWWWWRKMMAMKILK,HydrAMP_epoch37,0.5217391304347826,True
vae_unc_00657,VRKRCRRRFCFPKKNLSWWWWWRRR,HydrAMP_epoch37,0.5581395348837209,True
vae_unc_00658,RLCMMMMCPKRWWWWWGWWRRRRRR,HydrAMP_epoch37,0.5714285714285714,True
vae_unc_00659,SFQVFRYRRRRRWWWKQWWWWWWKK,HydrAMP_epoch37,0.5714285714285714,True
vae_unc_00660,SWRWRYCCGYHVYCGGM,HydrAMP_epoch37,0.5333333333333333,True
vae_unc_00661,MTRRRCILWWWWWQRRWWWWWWWWW,HydrAMP_epoch37,0.6122448979591837,True
vae_unc_00662,FRRRCYCYFYIWWPFPDF,HydrAMP_epoch37,0.5161290322580645,True
vae_unc_00663,GSPWELKWKWKWWEGRWWWWWWWRR,HydrAMP_epoch37,0.6086956521739131,True
vae_unc_00664,HKGCYGCMKAAAMMAWK,HydrAMP_epoch37,0.5333333333333333,True
vae_unc_00665,VFKWKCVCWCVVYIWWPKPC,HydrAMP_epoch37,0.5405405405405406,True
vae_unc_00666,LRWEMMWWWMWWWWWWRWWWWW,HydrAMP_epoch37,0.5945945945945945,True
vae_unc_00667,ILMLWWKKPCPWWWFECWWWWPWW,HydrAMP_epoch37,0.55,True
vae_unc_00668,SAWLFKYRRWWWWRWRWWRWWWW,HydrAMP_epoch37,0.6829268292682926,True
vae_unc_00669,ARRRRRRRAWWWWWWWWWW,HydrAMP_epoch37,0.8484848484848484,False
vae_unc_00670,FRKNWWRLKWWNFIWPRWWWWP,HydrAMP_epoch37,0.6,True
vae_unc_00671,SCCCRYRRRRFKPVG,HydrAMP_epoch37,0.6153846153846154,True
vae_unc_00672,AKVRRRRRNLWRQRWKRK,HydrAMP_epoch37,0.6666666666666667,True
vae_unc_00673,FRFRRCTKYQCGGGVTLWKM,HydrAMP_epoch37,0.5238095238095238,True
vae_unc_00674,QWKKKEWARRWWWWWWWWW,HydrAMP_epoch37,0.6470588235294117,True
vae_unc_00675,CRWWWWKADKLLAADLLLLNNNLLL,HydrAMP_epoch37,0.5581395348837209,True
vae_unc_00676,RWKLLIELKWKKKKWWWRRWWWWWW,HydrAMP_epoch37,0.5714285714285714,True
vae_unc_00677,TNNSNGGLKWWWWWWWWWWERWW,HydrAMP_epoch37,0.5238095238095238,True
vae_unc_00678,IALLLKLFRRAK,HydrAMP_epoch37,0.6428571428571428,True
vae_unc_00679,VKWRFGHLFKWWKWWKKKKRR,HydrAMP_epoch37,0.6486486486486487,True
vae_unc_00680,FQFFRVRFRNKRVWWWWWW,HydrAMP_epoch37,0.625,True
vae_unc_00681,LRRRCCCCCYCVHLKQ,HydrAMP_epoch37,0.5,True
vae_unc_00682,GLWSDLWKGFRCCYFGM,HydrAMP_epoch37,0.6206896551724138,True
vae_unc_00683,ANQWWRKNWWKLLNLLKKENWW,HydrAMP_epoch37,0.5641025641025641,True
vae_unc_00684,GYRYYERMYYRRWWWRRWWW,HydrAMP_epoch37,0.6470588235294117,True
vae_unc_00685,SCVSDMLKKWWWRGCMWWWWWWWW,HydrAMP_epoch37,0.5116279069767442,True
vae_unc_00686,RRRRRRKKKWWWWWRRRRRRRRWWW,HydrAMP_epoch37,0.7906976744186046,True
vae_unc_00687,RFLAKLDLLLNNLFFCHLLWWWLLW,HydrAMP_epoch37,0.5581395348837209,True
vae_unc_00688,GWKEALLWWKLKKWWLWLWLLWWER,HydrAMP_epoch37,0.5777777777777777,True
vae_unc_00689,GKLIQKMRKWMAWWWWWWWWWDRRW,HydrAMP_epoch37,0.5454545454545454,True
vae_unc_00690,VGRNCRCRYCVFYCHCHVGCR,HydrAMP_epoch37,0.5405405405405406,True
vae_unc_00691,RRWLLLLKWWKLLLLLQRFWAA,HydrAMP_epoch37,0.6,True
vae_unc_00692,AMYARRKKKLLKWWWKNWWKLWLLL,HydrAMP_epoch37,0.6046511627906976,True
vae_unc_00693,MLEKLNLKWWEKKWKKWWWWWWWWW,HydrAMP_epoch37,0.5652173913043479,True
vae_unc_00694,VKWVFNFWKRPQLC,HydrAMP_epoch37,0.5833333333333333,True
vae_unc_00695,MVVRQKRRRRWKWWPKYYRFMLE,HydrAMP_epoch37,0.5217391304347826,True
vae_unc_00696,VFRGNWWWRRRQGFLDLAADLE,HydrAMP_epoch37,0.4897959183673469,True
vae_unc_00697,QWWKGLALKLMDWWKWWRKAK,HydrAMP_epoch37,0.631578947368421,True
vae_unc_00698,KYRWPRRFCG,HydrAMP_epoch37,0.631578947368421,True
vae_unc_00699,SVMVGMGGVVYRRRWWWWEWWWRRR,HydrAMP_epoch37,0.5306122448979591,True
vae_unc_00700,LRRRRRRWEWWRRWRRCERR,HydrAMP_epoch37,0.7894736842105263,True
vae_unc_00701,CDGLKRKKWWAVDLAMMMVGAAKAA,HydrAMP_epoch37,0.5416666666666667,True
vae_unc_00702,ILWWKWWWKLNLLNWRR,HydrAMP_epoch37,0.7333333333333334,True
vae_unc_00703,FWLYFYPRYRQWWMMW,HydrAMP_epoch37,0.5185185185185186,True
vae_unc_00704,GCGCRYCCYYCPNEVFGM,HydrAMP_epoch37,0.4736842105263158,True
vae_unc_00705,VLWWWRRRWKLLAGAW,HydrAMP_epoch37,0.6428571428571428,True
vae_unc_00706,RRAMLLKEKAKLLLLVRRWWWW,HydrAMP_epoch37,0.5945945945945945,True
vae_unc_00707,GFRRRRRSVRRRRM,HydrAMP_epoch37,0.8,True
vae_unc_00708,FENIIIKKKWWWWWWTFFIIWWRRK,HydrAMP_epoch37,0.5714285714285714,True
vae_unc_00709,SFWLWQKKLPRKPRYGGVLLCRRRR,HydrAMP_epoch37,0.5333333333333333,True
vae_unc_00710,FAKKKQRQLFRWWWAAAM,HydrAMP_epoch37,0.5625,True
vae_unc_00711,VKWLNKLWEWRWIYMM,HydrAMP_epoch37,0.5714285714285714,True
vae_unc_00712,REWWWWWWWWWRWWEWWWWWWWW,HydrAMP_epoch37,0.5641025641025641,True
vae_unc_00713,CFVQKWNNYRPWPPKKWWWKKKKLF,HydrAMP_epoch37,0.5714285714285714,True
vae_unc_00714,TKWWAFLDLKLWLAMFKWWWWWWWW,HydrAMP_epoch37,0.5384615384615384,True
vae_unc_00715,LLIKMCRVWARRCMRWWWWWWWWWW,HydrAMP_epoch37,0.5306122448979591,True
vae_unc_00716,ILWEMELWWWWWWWRRWWWWWWWWW,HydrAMP_epoch37,0.5306122448979591,True
vae_unc_00717,RLLALDGVMMAWWWWWWWWWRRRRR,HydrAMP_epoch37,0.5714285714285714,True
vae_unc_00718,RLKRWWYAKRC,HydrAMP_epoch37,0.7,True
vae_unc_00719,HCCCRRRCWWWRMWW,HydrAMP_epoch37,0.6666666666666667,True
vae_unc_00720,QRWWWYFGCGCNR,HydrAMP_epoch37,0.56,True
vae_unc_00721,VKLFRKAIEWRRWWKWWWWWWWWWW,HydrAMP_epoch37,0.5306122448979591,True
vae_unc_00722,HHRYRFRRRQYFPIISDDKKKCCC,HydrAMP_epoch37,0.4651162790697675,True
vae_unc_00723,GWMCYCCRRYRRPCR,HydrAMP_epoch37,0.625,True
vae_unc_00724,AAKRRKWRRRRVW,HydrAMP_epoch37,0.6956521739130435,True
vae_unc_00725,TKKWRWWEIVRAF,HydrAMP_epoch37,0.6363636363636364,True
vae_unc_00726,NPWWRWWLQFVVHIWNEAKA,HydrAMP_epoch37,0.5,True
vae_unc_00727,VCRCCVMMMMYMWWWWW,HydrAMP_epoch37,0.5,True
vae_unc_00728,MYRRRRRMRRWWWWWWWWWW,HydrAMP_epoch37,0.8235294117647058,False
vae_unc_00729,VCRCYCHFLCRYRYWR,HydrAMP_epoch37,0.5555555555555556,True
vae_unc_00730,RMVVGCYCMRRWWWWWWWW,HydrAMP_epoch37,0.625,True
vae_unc_00731,GFCRRRCGVGCCRRRWKR,HydrAMP_epoch37,0.625,True
vae_unc_00732,GVRRKLEEAWWNPWWWWRRRWWW,HydrAMP_epoch37,0.6666666666666667,True
vae_unc_00733,MNLLLNLLNWWKNLLLKWKK,HydrAMP_epoch37,0.6857142857142857,True
vae_unc_00734,SWGYLNNKKFLKKKKLLWWWWWWRR,HydrAMP_epoch37,0.5238095238095238,True
vae_unc_00735,CSENLIENLLLKWKKKKKWWWWWWW,HydrAMP_epoch37,0.5217391304347826,True
vae_unc_00736,FLGMIWWGMWWWWWWWRRRRRRR,HydrAMP_epoch37,0.5531914893617021,True
vae_unc_00737,NCFRYWRRYGMMRWWW,HydrAMP_epoch37,0.5925925925925926,True
vae_unc_00738,LVFGYVMMYWWWWWWWWWRRWRWWW,HydrAMP_epoch37,0.5909090909090908,True
vae_unc_00739,RIMMMALIGGCCRWWWWWWWRR,HydrAMP_epoch37,0.5945945945945945,True
vae_unc_00740,IYGVKKLWWKRLLRRMWWWWWFMRW,HydrAMP_epoch37,0.5581395348837209,True
vae_unc_00741,DHRVGVRRNKRRWWMWWWWWW,HydrAMP_epoch37,0.6857142857142857,True
vae_unc_00742,SLRRYRYVIYVVKWKWWWWWWWWW,HydrAMP_epoch37,0.5,True
vae_unc_00743,GVSRYQYMMRRYMWWWWWRRRWRRR,HydrAMP_epoch37,0.5714285714285714,True
vae_unc_00744,EDIKWWWWWWWWMRWWWWWWWWWWR,HydrAMP_epoch37,0.5306122448979591,True
vae_unc_00745,GRCLRRNMAWKMMMCMMLEWW,HydrAMP_epoch37,0.5,True
vae_unc_00746,SAPLNELWWWKKWKKWWWWWWWRRW,HydrAMP_epoch37,0.5652173913043479,True
vae_unc_00747,NDMMDVKKKWKWWWWWWWW,HydrAMP_epoch37,0.6060606060606061,True
vae_unc_00748,RWSLLKVRRRKKEAMAVIK,HydrAMP_epoch37,0.5882352941176471,True
vae_unc_00749,CRTYCQWRWWLRRCRRWWWRWWRRR,HydrAMP_epoch37,0.6938775510204082,True
vae_unc_00750,YWDKLKLLKWKKKLALAWWW,HydrAMP_epoch37,0.6470588235294117,True
vae_unc_00751,CEYWWKWWWRRRMWWWWWW,HydrAMP_epoch37,0.6470588235294117,True
vae_unc_00752,MMNWHLLWWWWWWWWRRRRRRRRRR,HydrAMP_epoch37,0.5882352941176471,True
vae_unc_00753,CWVCYRWRRYWWWW,HydrAMP_epoch37,0.6428571428571428,True
vae_unc_00754,NAAAGMGRWRAMAAALKWWRR,HydrAMP_epoch37,0.5555555555555556,True
vae_unc_00755,ILWWKTGILLDLLKWWWWWLLWWWW,HydrAMP_epoch37,0.5116279069767442,True
vae_unc_00756,FQNWKKLKLAAMMMLWWWWWWWWWW,HydrAMP_epoch37,0.5116279069767442,True
vae_unc_00757,GNEWWWEKWWWWWKWWWWWWWRRRW,HydrAMP_epoch37,0.5306122448979591,True
vae_unc_00758,VDKMAWWWWRRWWWWRWWWWWWW,HydrAMP_epoch37,0.5957446808510638,True
vae_unc_00759,SMGGCMMRRWWWWWRWRRRRRRWWW,HydrAMP_epoch37,0.5714285714285714,True
vae_unc_00760,MSSLKWKDDLKWPPPRRRRWWMFWW,HydrAMP_epoch37,0.48888888888888893,True
vae_unc_00761,GWKWRRWWWWWWWWKKKWWWWWWWW,HydrAMP_epoch37,0.5652173913043479,True
vae_unc_00762,EAKYRWKAMAKWWWWIVLKWWWWRR,HydrAMP_epoch37,0.5714285714285714,True
vae_unc_00763,GDWNLLLNNLLPYRWKPPWEWWWRR,HydrAMP_epoch37,0.5116279069767442,True
vae_unc_00764,IMAAKRRRNRRRWWRRRWWWW,HydrAMP_epoch37,0.6857142857142857,True
vae_unc_00765,IWLPFVHFWNKWWWWWWWWWRRRR,HydrAMP_epoch37,0.65,True
vae_unc_00766,KRWYWWWKWWRSYWR,HydrAMP_epoch37,0.72,True
vae_unc_00767,MMWSNTRRYCVMWWWWWWWWWW,HydrAMP_epoch37,0.5945945945945945,True
vae_unc_00768,WRCFRFTTIRRWWWWWRRRWWWWW,HydrAMP_epoch37,0.6190476190476191,True
vae_unc_00769,IYFRGMRRRRRRRMWWWWWWW,HydrAMP_epoch37,0.8,True
vae_unc_00770,ACKNNKKWKWKIPPPPPKKADKKKF,HydrAMP_epoch37,0.5581395348837209,True
vae_unc_00771,VLKEKKLKWWKRRLAKWW,HydrAMP_epoch37,0.625,True
vae_unc_00772,MFKRRYSWWWWWWWWWWWWW,HydrAMP_epoch37,0.5909090909090908,True
vae_unc_00773,VDLNTWRRMVFWWWLLAAA,HydrAMP_epoch37,0.5,True
vae_unc_00774,PKQSSWKWWRRRPWWWWWWW,HydrAMP_epoch37,0.6285714285714286,True
vae_unc_00775,LNKWWWWWWWWKKWWWRRKRRRRRW,HydrAMP_epoch37,0.5581395348837209,True
vae_unc_00776,GDPEALKLWWKSRCGRWWWRRWWW,HydrAMP_epoch37,0.6190476190476191,True
vae_unc_00777,HWKPFRVCCIMAPPRRA,HydrAMP_epoch37,0.5517241379310345,True
vae_unc_00778,FFMCMMRYCVCMMMWWWWWW,HydrAMP_epoch37,0.4117647058823529,True
vae_unc_00779,QWRAMFLFPRRW,HydrAMP_epoch37,0.6086956521739131,True
vae_unc_00780,GIWKKMRRWKRKLRRCRRRLAWR,HydrAMP_epoch37,0.5853658536585367,True
vae_unc_00781,TLHQWWWWWWWRKMAWWWWWRWWWR,HydrAMP_epoch37,0.5714285714285714,True
vae_unc_00782,FCYRRYRWWWWWWWWWW,HydrAMP_epoch37,0.6896551724137931,True
vae_unc_00783,ISMAAAKNAMRWWRRWWRRRRR,HydrAMP_epoch37,0.6486486486486487,True
vae_unc_00784,CWGDLNKNSFFRRYRRRYPPQQQQQ,HydrAMP_epoch37,0.48888888888888893,True
vae_unc_00785,ANWWWWWKLLKRLKWW,HydrAMP_epoch37,0.625,True
vae_unc_00786,SFRCRYRYRYRFRKLEFY,HydrAMP_epoch37,0.625,True
vae_unc_00787,MKDLLLLKWWEWWWKWLAALLLWWM,HydrAMP_epoch37,0.56,True
vae_unc_00788,DYSKMMWWWRRRWWWWWWRWWWW,HydrAMP_epoch37,0.6153846153846154,True
vae_unc_00789,RRCCRYYCCRKVGGWWWWWWRWWWW,HydrAMP_epoch37,0.5714285714285714,True
vae_unc_00790,MGKCFCCGRW,HydrAMP_epoch37,0.631578947368421,True
vae_unc_00791,PGWPWKLMERRRCRWWWWR,HydrAMP_epoch37,0.6060606060606061,True
vae_unc_00792,IFRCVVCRWPCGGNW,HydrAMP_epoch37,0.5142857142857142,True
vae_unc_00793,QDLAAKRMKAWRRKKRWWWWWWFF,HydrAMP_epoch37,0.5714285714285714,True
vae_unc_00794,HENFRMVAKWRWWWKIKRMA,HydrAMP_epoch37,0.5714285714285714,True
vae_unc_00795,DRLRWWRRRWWWWWWWRWW,HydrAMP_epoch37,0.75,True
vae_unc_00796,LLNNKLWKPRVLLNNRRWWWRRRRW,HydrAMP_epoch37,0.5714285714285714,True
vae_unc_00797,IKELEWKLWWWLWAAAAAAMMMMAA,HydrAMP_epoch37,0.5116279069767442,True
vae_unc_00798,SAKEWKWAPLRAWWMAWWWWWW,HydrAMP_epoch37,0.5405405405405406,True
vae_unc_00799,GNLKLWWWWWWWWWWWWWWEWWWWW,HydrAMP_epoch37,0.4545454545454546,True
vae_unc_00800,FKKKKWLWRRW,HydrAMP_epoch37,0.736842105263158,True
vae_unc_00801,IWAFRAIFLMGMGRKW,HydrAMP_epoch37,0.5517241379310345,True
vae_unc_00802,AKWWWYNKNFIKWWRRRRWWWKKWW,HydrAMP_epoch37,0.6046511627906976,True
vae_unc_00803,VRWWWWWKEELLKWWWWWWWWWWWW,HydrAMP_epoch37,0.5217391304347826,True
vae_unc_00804,MLWWWRRWKWW,HydrAMP_epoch37,0.8,True
vae_unc_00805,YKRLKWKIEELKKKKWWWWW,HydrAMP_epoch37,0.5882352941176471,True
vae_unc_00806,MRKWNWWWWWWWWWRRRRRRWWWWW,HydrAMP_epoch37,0.5714285714285714,True
vae_unc_00807,CAFFRRRWRRRRRWWLA,HydrAMP_epoch37,0.6875,True
vae_unc_00808,SKRRRRRRWWWWWWRWWWW,HydrAMP_epoch37,0.8125,False
vae_unc_00809,DGVGCRRFWKVR,HydrAMP_epoch37,0.6086956521739131,True
vae_unc_00810,VRRRRWLKFYYCCGGGILPFCM,HydrAMP_epoch37,0.5,True
vae_unc_00811,ICCYRYVVCRRYRRRRWWWWWRFMM,HydrAMP_epoch37,0.5306122448979591,True
vae_unc_00812,IPQKWWWWKWWKLDSAAK,HydrAMP_epoch37,0.6666666666666667,True
vae_unc_00813,IQVHSHIHRCCGGAKKAWKWWRRRR,HydrAMP_epoch37,0.5833333333333333,True
vae_unc_00814,WERYRNRYFRRFCVLRWWWWWWW,HydrAMP_epoch37,0.5641025641025641,True
vae_unc_00815,MVLRRLKKWRPRRRRRWKKKKKKKK,HydrAMP_epoch37,0.6153846153846154,True
vae_unc_00816,RWLKWKKWWWWWWWRRRRRRWWWWW,HydrAMP_epoch37,0.5714285714285714,True
vae_unc_00817,VMFWYRRRRYFTFPLAW,HydrAMP_epoch37,0.5625,True
vae_unc_00818,IWLKWQLKKKKKKLWWWWWWWWEEW,HydrAMP_epoch37,0.5652173913043479,True
vae_unc_00819,VVRRRRWWKWKMAWWWRKWWWWRRR,HydrAMP_epoch37,0.653061224489796,True
vae_unc_00820,LGRPLNKWKLQKWRK,HydrAMP_epoch37,0.64,True
vae_unc_00821,PCRCRCYRRRVR,HydrAMP_epoch37,0.6666666666666667,True
vae_unc_00822,SKLWRKPQRRALRW,HydrAMP_epoch37,0.5925925925925926,True
vae_unc_00823,GDDMVMRWWWRRRWWRRRWWWWW,HydrAMP_epoch37,0.6666666666666667,True
vae_unc_00824,KELDLLWWWWAALLEWWWWWWWWWW,HydrAMP_epoch37,0.4545454545454546,True
vae_unc_00825,FFRNKRQRRRRWWWWKKKKKKWWWW,HydrAMP_epoch37,0.5714285714285714,True
vae_unc_00826,ILWWKKLLKWWWKKLLLKRWWWRRR,HydrAMP_epoch37,0.6046511627906976,True
vae_unc_00827,AWKRRRRRRWWWWKLLLLKAAA,HydrAMP_epoch37,0.5909090909090908,True
vae_unc_00828,AAWGVAVMAWWWWWWWWWWWWWW,HydrAMP_epoch37,0.4761904761904761,True
vae_unc_00829,TRRWWWWWWWWWWWWRRRWWWWWWW,HydrAMP_epoch37,0.6122448979591837,True
vae_unc_00830,PRRVGIWQKHCMMMYW,HydrAMP_epoch37,0.48484848484848486,True
vae_unc_00831,FWQNNLEKLWKLKWWWRKWWW,HydrAMP_epoch37,0.6153846153846154,True
vae_unc_00832,FRDKALLWKLLKLIRRMA,HydrAMP_epoch37,0.625,True
vae_unc_00833,HLMMDDLLLLWWRRRWWWWWWWWWW,HydrAMP_epoch37,0.5306122448979591,True
vae_unc_00834,PRMVVVVHCYRCCMWWRRWW,HydrAMP_epoch37,0.5142857142857142,True
vae_unc_00835,VKLKNQWKKKWKEKLKWWWWW,HydrAMP_epoch37,0.631578947368421,True
vae_unc_00836,RRRRGIWRWR,HydrAMP_epoch37,0.8,True
vae_unc_00837,GGYVRLRWWSR,HydrAMP_epoch37,0.6363636363636364,True
vae_unc_00838,FSKKSYRREWWWWWWWWWWWWWWW,HydrAMP_epoch37,0.5416666666666667,True
vae_unc_00839,SWASRFGYRRFRWWWWPWWPWW,HydrAMP_epoch37,0.5652173913043479,True
vae_unc_00840,FRFNKRKEDKNWKSRVAKWWWWRGY,HydrAMP_epoch37,0.5238095238095238,True
vae_unc_00841,HKLLFRGRAWWWWWWWWW,HydrAMP_epoch37,0.6060606060606061,True
vae_unc_00842,GAAAAMLKKELKWWWWWLWWWWWWW,HydrAMP_epoch37,0.4651162790697675,True
vae_unc_00843,FDMKNLYARRWWWWWWWWWWRR,HydrAMP_epoch37,0.6086956521739131,True
vae_unc_00844,PWLKEAEWWWWWWWWWWWWWWWWWW,HydrAMP_epoch37,0.4782608695652174,True
vae_unc_00845,CHRPEVTWWWWWWWWWEEKWWWWWW,HydrAMP_epoch37,0.5384615384615384,True
vae_unc_00846,ARYRRWKKLDLLLAFFLKWLLWWWW,HydrAMP_epoch37,0.5238095238095238,True
vae_unc_00847,AKLKNWWKLNWPVYD,HydrAMP_epoch37,0.56,True
vae_unc_00848,HPDRYCRCRYYGVCWWWWWWWWWW,HydrAMP_epoch37,0.5116279069767442,True
vae_unc_00849,VEALLLLLMKWRLRWWWWWWWWWWW,HydrAMP_epoch37,0.5306122448979591,True
vae_unc_00850,FKRRWWWWWWWWWWELKWEWWWWWW,HydrAMP_epoch37,0.5306122448979591,True
vae_unc_00851,IARLEWKMMDWWWKWWKRKRR,HydrAMP_epoch37,0.6666666666666667,True
vae_unc_00852,GSCVCFRMMMAWWWWWWWWWWWWWW,HydrAMP_epoch37,0.5,True
vae_unc_00853,GWKWWWEWWRRWWWWRWWWWWWWWW,HydrAMP_epoch37,0.5714285714285714,True
vae_unc_00854,HWLWWWWWWWWRRWWWWWWW,HydrAMP_epoch37,0.6285714285714286,True
vae_unc_00855,HCRVWDWKWKWWWWWWWKAA,HydrAMP_epoch37,0.6666666666666667,True
vae_unc_00856,GVWLGWRFMMMMVRRRWWWW,HydrAMP_epoch37,0.5641025641025641,True
vae_unc_00857,GLKVRWYVRVKGMCYVRGMAAD,HydrAMP_epoch37,0.5365853658536586,True
vae_unc_00858,IWDNLKWLLKRWWWWWWWW,HydrAMP_epoch37,0.6,True
vae_unc_00859,YWASKWKAKWWR,HydrAMP_epoch37,0.6956521739130435,True
vae_unc_00860,YWWWWWEWWWWWWWWWWRRWWWWWW,HydrAMP_epoch37,0.5306122448979591,True
vae_unc_00861,TVIKKQILLVVHKWWWWGPARWW,HydrAMP_epoch37,0.5,True
vae_unc_00862,VYQKVWKKFCCWWWWWWWWWWW,HydrAMP_epoch37,0.55,True
vae_unc_00863,MYYFQWRRCYRRYCYPPPLKNKKKK,HydrAMP_epoch37,0.5,True
vae_unc_00864,HVMMMVMMMAWWWWWWWWWWWWW,HydrAMP_epoch37,0.46808510638297873,True
vae_unc_00865,RWIAVLNAKSLRYRRRRWW,HydrAMP_epoch37,0.6285714285714286,True
vae_unc_00866,RCIGRRYRRRMMW,HydrAMP_epoch37,0.6666666666666667,True
vae_unc_00867,QKVIWGLKLWNVCRRWKKKK,HydrAMP_epoch37,0.6111111111111112,True
vae_unc_00868,SWEWNRTKWWWWKLLLLLLRRRRMM,HydrAMP_epoch37,0.5238095238095238,True
vae_unc_00869,MDKKVWAWRRRRWWWWWWWWRRRRW,HydrAMP_epoch37,0.653061224489796,True
vae_unc_00870,MAFRSLWWRWKAAKAMA,HydrAMP_epoch37,0.6470588235294117,True
vae_unc_00871,FRMCVCRWWRRWRWWWWWWWWW,HydrAMP_epoch37,0.6956521739130435,True
vae_unc_00872,VDIVVDLWWWILNRFQKLLWK,HydrAMP_epoch37,0.5405405405405406,True
vae_unc_00873,LLKVILNPWYCHNKWWKWWWA,HydrAMP_epoch37,0.5789473684210527,True
vae_unc_00874,MYRRCHHMMMCCMMMMWWWWWWWWW,HydrAMP_epoch37,0.4651162790697675,True
vae_unc_00875,QWWWKKKKWWWWWRWWRRRWWWWWW,HydrAMP_epoch37,0.5909090909090908,True
vae_unc_00876,FWCPQRKKRRW,HydrAMP_epoch37,0.6666666666666667,True
vae_unc_00877,MCWWNFCTTSCHTSSLCGWWW,HydrAMP_epoch37,0.4615384615384615,True
vae_unc_00878,MQWFRRFMAKWWW,HydrAMP_epoch37,0.6363636363636364,True
vae_unc_00879,VWKKKKKKWNEDLKWKKKKWKWWLA,HydrAMP_epoch37,0.6521739130434783,True
vae_unc_00880,TLFTVLEWWWRRWLDADAAAMMMMM,HydrAMP_epoch37,0.48888888888888893,True
vae_unc_00881,PHCGVVGCCRRYCKCC,HydrAMP_epoch37,0.5454545454545454,True
vae_unc_00882,ADMMAACRKQLWWWLLLLYAK,HydrAMP_epoch37,0.5405405405405406,True
vae_unc_00883,VLWKELLWLLWWWWWRWWWWWWW,HydrAMP_epoch37,0.5238095238095238,True
vae_unc_00884,IDWKWKKLMIPRKQCYGVYVMLLLK,HydrAMP_epoch37,0.5283018867924528,True
vae_unc_00885,FWWSVMMMMMVCR,HydrAMP_epoch37,0.5454545454545454,True
vae_unc_00886,ILWWHKISWFPHW,HydrAMP_epoch37,0.64,True
vae_unc_00887,EEWKEMSWWWWWWWWWWWWWWWWWW,HydrAMP_epoch37,0.4782608695652174,True
vae_unc_00888,IKLLADDLGHFRWWWRRQKWWWKKK,HydrAMP_epoch37,0.5,True
vae_unc_00889,FFEKKKIKWIALWWKKLKKKKKKKL,HydrAMP_epoch37,0.6511627906976745,True
vae_unc_00890,CWWRKKKKPLWRYDA,HydrAMP_epoch37,0.6153846153846154,True
vae_unc_00891,GYRRRWWWWWWWWWWW,HydrAMP_epoch37,0.7407407407407408,True
vae_unc_00892,SRDRNWNNWWWWWFVWRRRRRRRWR,HydrAMP_epoch37,0.6046511627906976,True
vae_unc_00893,AMVMMCCMMMCYRWWWWWW,HydrAMP_epoch37,0.5,True
vae_unc_00894,VCYVYVGKKRFFFHHVSVINNWWWK,HydrAMP_epoch37,0.4545454545454546,True
vae_unc_00895,MLQWLWDWWWKKWWWWWWWWWWWWW,HydrAMP_epoch37,0.5217391304347826,True
vae_unc_00896,VMYRCRRQRQRFFRYRWWWRWWR,HydrAMP_epoch37,0.5957446808510638,True
vae_unc_00897,FWQHLAKLAADMSRWWWWWWWW,HydrAMP_epoch37,0.5405405405405406,True
vae_unc_00898,AQRWWKKKKFTIKPFPIKKKKKKKK,HydrAMP_epoch37,0.6222222222222222,True
vae_unc_00899,SFWQWWWKEKWWWWWWWWWWWWWE,HydrAMP_epoch37,0.5238095238095238,True
vae_unc_00900,AALLSDDLWWWWKWWWWWWWWWWWW,HydrAMP_epoch37,0.4782608695652174,True
vae_unc_00901,HLPNKLWWWWWWWWWWWWWWWWWRR,HydrAMP_epoch37,0.5306122448979591,True
vae_unc_00902,FEKKWKKWWWWWWWWWWWWWWWWW,HydrAMP_epoch37,0.5238095238095238,True
vae_unc_00903,ARYYYYRYYCGMMWWWWWW,HydrAMP_epoch37,0.5,True
vae_unc_00904,MKKQCQKLFFIWC,HydrAMP_epoch37,0.6363636363636364,True
vae_unc_00905,GVRGRMYDRRRKWWWWWWRRRWWRR,HydrAMP_epoch37,0.6938775510204082,True
vae_unc_00906,VAMMKGVIFVALKIVGWWWWRRR,HydrAMP_epoch37,0.55,True
vae_unc_00907,FWCQWWWCGAGAVSM,HydrAMP_epoch37,0.5185185185185186,True
vae_unc_00908,FALMLLAAKWWWWWWWWLLLWWW,HydrAMP_epoch37,0.5128205128205128,True
vae_unc_00909,LYYRYYRYQYRRQFFRRRRRQQKKD,HydrAMP_epoch37,0.5454545454545454,True
vae_unc_00910,EKLALRAWRWWWWWWWWWRR,HydrAMP_epoch37,0.6363636363636364,True
vae_unc_00911,TEGHMPAWWWWKLLWLWWWWWWWWW,HydrAMP_epoch37,0.5,True
vae_unc_00912,LKIKLIVIKCFLL,HydrAMP_epoch37,0.6956521739130435,True
vae_unc_00913,FRHPGAWWRMMMWWWWWW,HydrAMP_epoch37,0.625,True
vae_unc_00914,AFMVRIRRRFGMRR,HydrAMP_epoch37,0.6666666666666667,True
vae_unc_00915,HPKYYFRRWWWKKWWWWWWWWWWWW,HydrAMP_epoch37,0.5454545454545454,True
vae_unc_00916,VAACVMCMWWWWWWWWWWWWWWWW,HydrAMP_epoch37,0.45833333333333337,True
vae_unc_00917,WFMSQKLWWWKLLKQFRDC,HydrAMP_epoch37,0.5714285714285714,True
vae_unc_00918,MLKWWKIIFRWWWWKKNLLLNNKKW,HydrAMP_epoch37,0.5581395348837209,True
vae_unc_00919,VMLLGKRWRRVMAILW,HydrAMP_epoch37,0.5945945945945945,True
vae_unc_00920,SLNLPLCYPYMMWWWWWW,HydrAMP_epoch37,0.5161290322580645,True
vae_unc_00921,CEWWWWWRDLIKAIRVMDAAAAALK,HydrAMP_epoch37,0.5333333333333333,True
vae_unc_00922,NRCQRWRFVPRGMWWWW,HydrAMP_epoch37,0.6,True
vae_unc_00923,SKLLDLKKWWWWWWWWWWRRWWWWW,HydrAMP_epoch37,0.5306122448979591,True
vae_unc_00924,SLMGVKKLIKWWKKWKKKWWWWMMM,HydrAMP_epoch37,0.6046511627906976,True
vae_unc_00925,RWWKKWWWWWWWWWWWWWWWWWWWW,HydrAMP_epoch37,0.5116279069767442,True
vae_unc_00926,RRKCTDPTYWWRRWPCVY,HydrAMP_epoch37,0.5454545454545454,True
vae_unc_00927,AINRYLYRWLW,HydrAMP_epoch37,0.7,True
vae_unc_00928,RWKWNKKWKKWWKLGGIKKA,HydrAMP_epoch37,0.6486486486486487,True
vae_unc_00929,FELLLWWWWWWWWWWWWWWWWWWWW,HydrAMP_epoch37,0.4489795918367348,True
vae_unc_00930,VKHPEKKPIHRRWWWWWWWWWWWRR,HydrAMP_epoch37,0.6122448979591837,True
vae_unc_00931,GMFCFWEMAKLKLLLWWWWWWWR,HydrAMP_epoch37,0.4878048780487805,True
vae_unc_00932,ALWKHYLPPPFVSIPQIKWWWKKKK,HydrAMP_epoch37,0.5454545454545454,True
vae_unc_00933,VRAAMCGMALVRWWWWWWWRRRRWR,HydrAMP_epoch37,0.5714285714285714,True
vae_unc_00934,VGVVYLCTTVVCWWWRWRWWWR,HydrAMP_epoch37,0.5945945945945945,True
vae_unc_00935,VWLWEEDWWWWWWWWWWWWWWRRWW,HydrAMP_epoch37,0.5306122448979591,True
vae_unc_00936,IKYQVRKADWRRVRAKWWWRRRWWR,HydrAMP_epoch37,0.6046511627906976,True
vae_unc_00937,IWWWWWWWWWWWWWWWWWWWWWWWW,HydrAMP_epoch37,0.4489795918367348,True
vae_unc_00938,AAILRWWWWWWWWWWWRRRRREWWW,HydrAMP_epoch37,0.5714285714285714,True
vae_unc_00939,TGLSRKLKWKLKPNNTKGM,HydrAMP_epoch37,0.5882352941176471,True
vae_unc_00940,LWPFKENNLKKWWWWWWWWWWWWW,HydrAMP_epoch37,0.5238095238095238,True
vae_unc_00941,MDLWWWEWWWWWWWWWWWWWWWWWW,HydrAMP_epoch37,0.4489795918367348,True
vae_unc_00942,IKCRWEWWWWWWWWWWWWWWWWWW,HydrAMP_epoch37,0.5,True
vae_unc_00943,MMKIWWKMAKKWWEWWWWWWWWWWW,HydrAMP_epoch37,0.5116279069767442,True
vae_unc_00944,TKWWKNNKKWWWWWWWWWWWRRWW,HydrAMP_epoch37,0.6,True
vae_unc_00945,CSRYCRRR,HydrAMP_epoch37,0.7,True
vae_unc_00946,CCRRPKLKSRRRRF,HydrAMP_epoch37,0.6666666666666667,True
vae_unc_00947,GHRPKFSLWWWWWWWWWWWWRWW,HydrAMP_epoch37,0.5641025641025641,True
vae_unc_00948,TMRMLPYMYFWWWKWCM,HydrAMP_epoch37,0.5,True
vae_unc_00949,HKRHITWRRFGAKW,HydrAMP_epoch37,0.64,True
vae_unc_00950,AGVVHMMMAYYYWWVIKIGIKLLLD,HydrAMP_epoch37,0.48,True
vae_unc_00951,AVRCVRRFKQRWKRWWWWW,HydrAMP_epoch37,0.625,True
vae_unc_00952,NPKWKLKLLLKL,HydrAMP_epoch37,0.8,True
vae_unc_00953,GCYRRYRRRYR,HydrAMP_epoch37,0.7,True
vae_unc_00954,RRIRCVCSHCHHM,HydrAMP_epoch37,0.5833333333333333,True
vae_unc_00955,GDVWEWWWWWWWWWWWWWWWWWWWW,HydrAMP_epoch37,0.4545454545454546,True
vae_unc_00956,AAWWKWWEWWWWWWWWWWWWWWWWW,HydrAMP_epoch37,0.4782608695652174,True
vae_unc_00957,GWNLVWPWLPINNL,HydrAMP_epoch37,0.6153846153846154,True
vae_unc_00958,YRKWWWWWWWWWWWWWWWWWWRRWW,HydrAMP_epoch37,0.5714285714285714,True
vae_unc_00959,EDMEEWKKIQRWNWWRKLKEWR,HydrAMP_epoch37,0.55,True
vae_unc_00960,GWAKGALWWRRWKWRR,HydrAMP_epoch37,0.6451612903225806,True
vae_unc_00961,EWWWWKEKWWWWWWWWWWWWWWWWW,HydrAMP_epoch37,0.5116279069767442,True
vae_unc_00962,KSGVVGGGTKWWWWWWWWWWWWR,HydrAMP_epoch37,0.5238095238095238,True
vae_unc_00963,VCRCCCRRGV,HydrAMP_epoch37,0.736842105263158,True
vae_unc_00964,MKVCRVRMCMRRWWWWWWWWWRW,HydrAMP_epoch37,0.5957446808510638,True
vae_unc_00965,CPLWWWWKWWWWWWWWWWWWWWWWW,HydrAMP_epoch37,0.4782608695652174,True
vae_unc_00966,FRIYIHVRCCVHTPTDM,HydrAMP_epoch37,0.5405405405405406,True
vae_unc_00967,TLWLNNALLAGLWWWWWWWWKWWWW,HydrAMP_epoch37,0.4782608695652174,True
vae_unc_00968,AHWFMMVMCRRWWWWWWWWWWW,HydrAMP_epoch37,0.5945945945945945,True
vae_unc_00969,VVMMMMVGMALKRFFLWW,HydrAMP_epoch37,0.4878048780487805,True
vae_unc_00970,FKKKDEWWKWWWWWWWWWWRWWWWW,HydrAMP_epoch37,0.5116279069767442,True
vae_unc_00971,AFCVYVFRRKK,HydrAMP_epoch37,0.6666666666666667,True
vae_unc_00972,VQLKKKWWWWWWWWWWWLLLLWWRR,HydrAMP_epoch37,0.5306122448979591,True
vae_unc_00973,EMKIWNWWWNRFGPRRKRRDN,HydrAMP_epoch37,0.5142857142857142,True
vae_unc_00974,SMCMSGVGWWWWWWWWRRRWWWRW,HydrAMP_epoch37,0.5714285714285714,True
vae_unc_00975,SIKKLKWWWWWWKWWWWWWWWWWWW,HydrAMP_epoch37,0.5116279069767442,True
vae_unc_00976,HLKWWWKELWWWWWLLLLLRRRRWW,HydrAMP_epoch37,0.5714285714285714,True
vae_unc_00977,VTWWNLIWWWKWWWWWWWWWWWWWW,HydrAMP_epoch37,0.5,True
vae_unc_00978,GFRVVVYYMMWWWWWW,HydrAMP_epoch37,0.5925925925925926,True
vae_unc_00979,GVWWKPFWKKRWKKWWWWWWWRRWW,HydrAMP_epoch37,0.6190476190476191,True
vae_unc_00980,TRRVRSKRWYCMGFNFKR,HydrAMP_epoch37,0.5333333333333333,True
vae_unc_00981,ARKREWRWRRRRRWKWRRWWWW,HydrAMP_epoch37,0.7027027027027026,True
vae_unc_00982,TIVYCVVCYMMMMWWWWRWWW,HydrAMP_epoch37,0.5555555555555556,True
vae_unc_00983,GRWWLKKKWWWWWWWWWWWWWWWWW,HydrAMP_epoch37,0.5116279069767442,True
vae_unc_00984,FKMNLRRRYGGLLAKWA,HydrAMP_epoch37,0.5625,True
vae_unc_00985,SVRVYRRRKLWRWW,HydrAMP_epoch37,0.6666666666666667,True
vae_unc_00986,GKAAAMADLWWWWWWALLWWWWWWW,HydrAMP_epoch37,0.4545454545454546,True
vae_unc_00987,SFGVCCMMMMMRRWWWRWWWWR,HydrAMP_epoch37,0.55,True
vae_unc_00988,AAWLLKLLAACQWWWWWWWWWRWWW,HydrAMP_epoch37,0.4897959183673469,True
vae_unc_00989,HEKWWQKLKSSIKML,HydrAMP_epoch37,0.5925925925925926,True
vae_unc_00990,WLSLLDKWWWWW,HydrAMP_epoch37,0.6153846153846154,True
vae_unc_00991,RKDLWLLLLWWWWWWWWWWWWWWWW,HydrAMP_epoch37,0.4897959183673469,True
vae_unc_00992,KICWKVYCKLLLWWWWWWWWWWW,HydrAMP_epoch37,0.5365853658536586,True
vae_unc_00993,VVFWKRWKLLKKKKKWKRR,HydrAMP_epoch37,0.6470588235294117,True
vae_unc_00994,MEWWWWWKLKKWW,HydrAMP_epoch37,0.6666666666666667,True
vae_unc_00995,VLEFCCRRRRGWWWWWW,HydrAMP_epoch37,0.6896551724137931,True
vae_unc_00996,VDWKENLKWKLDDELKWWWKKLLLL,HydrAMP_epoch37,0.6511627906976745,True
vae_unc_00997,SWKWWKLKKKLKKLLLLILWWWWWW,HydrAMP_epoch37,0.6046511627906976,True
vae_ana_00998,NLVSGLIEARKYLLRLIRKIKCFKV,HydrAMP_epoch37,0.8,True
vae_ana_00999,NLVSGLIEARKYLLRLIRKIKCYKV,HydrAMP_epoch37,0.8,True
vae_ana_01000,NLVSGLIEARKYLLRLIRKIKKYKV,HydrAMP_epoch37,0.76,True
vae_ana_01001,NLVSGLIEARKYLLRLIRKLKCFKV,HydrAMP_epoch37,0.84,False
vae_ana_01002,NLVSGLIEARKYLLRLIRKLKCYKV,HydrAMP_epoch37,0.84,False
vae_ana_01003,NLVSGLIEARKYLTQLIRKIKCYKV,HydrAMP_epoch37,0.84,False
vae_ana_01004,NLVSGLIEARKYLTRLIRKIKCFKV,HydrAMP_epoch37,0.8,True
vae_ana_01005,NLVSGLIEARKYLTRLIRKIKCYKV,HydrAMP_epoch37,0.8,True
vae_ana_01006,NLVSGLIEARKYLTRLIRKLKCYKV,HydrAMP_epoch37,0.84,False
vae_ana_01007,NLVTGLIEARKYLLRLIRKIKCYKV,HydrAMP_epoch37,0.76,True
vae_ana_01008,RFRPPIRRKPIRPPFRPPFRPPVR,HydrAMP_epoch37,0.9583333333333335,False
vae_ana_01009,RFRPPIRRKPIRPPYRPPPRPPVR,HydrAMP_epoch37,0.875,False
vae_ana_01010,RFRPPIRRPPIRPPFRPPPRPPVR,HydrAMP_epoch37,0.9583333333333335,False
vae_ana_01011,RFRPPIRRPPIRPPYRPPFRPPVR,HydrAMP_epoch37,0.9583333333333335,False
vae_ana_01012,RFRPPIRRPPIRPPYRPPPRPPVR,HydrAMP_epoch37,0.9166666666666665,False
vae_ana_01013,AKRFFGFKRKFF,HydrAMP_epoch37,0.9166666666666665,False
vae_ana_01014,KWKLFKKISKVLKVL,HydrAMP_epoch37,0.9333333333333332,False
vae_ana_01015,GKGRWLERIGKAGGHIIGGALDHL,HydrAMP_epoch37,0.9583333333333335,False
vae_ana_01016,GKGRWLERIGKAGGHIIGGALDHLL,HydrAMP_epoch37,0.9387755102040817,False
vae_ana_01017,GKGRWLERIGKAGGHIIGGALDLLL,HydrAMP_epoch37,0.8979591836734694,False
vae_ana_01018,GKGRWLERIGKAGGHIIGGALDTLL,HydrAMP_epoch37,0.8979591836734694,False
vae_ana_01019,KIGAKIKPGAKIKIGAKI,HydrAMP_epoch37,0.9714285714285714,False
vae_ana_01020,KWFWWPWRR,HydrAMP_epoch37,0.8888888888888888,False
vae_ana_01022,RRWCFRVCRKGFCRYKCR,HydrAMP_epoch37,0.6666666666666667,True
vae_ana_01023,RRWCFRVCRKGYCRYKCR,HydrAMP_epoch37,0.6666666666666667,True
vae_ana_01024,RRWCFRVCYKGYCRYKCR,HydrAMP_epoch37,0.6666666666666667,True
vae_ana_01025,KKAAAHAAAAAHAAWAALAAAKKKK,HydrAMP_epoch37,0.96,False
vae_ana_01026,KKAAAHAAAAAVAAWAALAAAKKKK,HydrAMP_epoch37,0.9361702127659575,False
vae_ana_01027,KKAAAVAAAAAHAAWAAIAAAKKKK,HydrAMP_epoch37,0.9361702127659575,False
vae_ana_01028,KKAAAVAAAAAHAAWAALAAAKKKK,HydrAMP_epoch37,0.9361702127659575,False
vae_ana_01029,KKAAAVAAAAAVAAWAALAAAKKKK,HydrAMP_epoch37,0.96,False
vae_ana_01030,AIHKLAHKLLKKLLRAVKKLAL,HydrAMP_epoch37,0.9545454545454546,False
vae_ana_01031,AIVKLAHKLLKKLLRAVKKLAN,HydrAMP_epoch37,0.9545454545454546,False
vae_ana_01032,KWKSFIKKLLSKFLHSAAKF,HydrAMP_epoch37,0.95,False
vae_ana_01033,KWKSFIKKLLSKFLHSADKF,HydrAMP_epoch37,0.95,False
vae_ana_01034,KWKSFIKKLTSKFLHEAAKF,HydrAMP_epoch37,0.9,False
vae_ana_01035,KWKSFIKKLTSKFLHSAAKF,HydrAMP_epoch37,0.95,False
vae_ana_01036,GCRRWKKFRWRFRGWFKFWCG,HydrAMP_epoch37,0.8571428571428572,False
vae_ana_01037,GCRRWKKFRWRYRGWFKFWCG,HydrAMP_epoch37,0.9047619047619048,False
vae_ana_01038,GCRRWKKFRWRYRGWYKFRCG,HydrAMP_epoch37,0.8571428571428572,False
vae_ana_01039,GCRRWKKFRWRYRGWYKFWCG,HydrAMP_epoch37,0.9047619047619048,False
vae_ana_01040,RILSILRHQNLLKEIWGLALKAAN,HydrAMP_epoch37,0.7906976744186046,True
vae_ana_01041,RILSILRHQNLLKEIWGLALKGAK,HydrAMP_epoch37,0.8333333333333335,False
vae_ana_01042,RILSILRHQNLLKELWGLALKGAK,HydrAMP_epoch37,0.875,False
vae_ana_01043,RILSILRHRNLLKEIWGLALKGAK,HydrAMP_epoch37,0.7916666666666665,True
vae_ana_01044,IFWRRRIRIRR,HydrAMP_epoch37,0.9523809523809522,False
vae_ana_01045,RWRRWWRHFHHCFH,HydrAMP_epoch37,0.9285714285714286,False
vae_ana_01046,VKQLLKIFKRF,HydrAMP_epoch37,0.9090909090909091,False
vae_ana_01047,ILPWKKPKWPWRR,HydrAMP_epoch37,0.923076923076923,False
vae_ana_01048,SWASGAKKLKEYMEKLKQRA,HydrAMP_epoch37,0.95,False
vae_ana_01049,SWATMAKKLKEYMEKLKQRA,HydrAMP_epoch37,0.95,False
vae_ana_01050,KWAKKWKWFAKAAWKWFKK,HydrAMP_epoch37,0.9473684210526316,False
vae_ana_01051,KWAKKWKWFAKAAWKWKKK,HydrAMP_epoch37,0.9473684210526316,False
vae_ana_01052,RAGLQFPVGRLLRRLLRRLIR,HydrAMP_epoch37,0.9523809523809522,False
vae_ana_01053,RAGLQFPVGRLLRRLLRRLNR,HydrAMP_epoch37,0.9523809523809522,False
vae_ana_01054,KRWRIRVRVPRK,HydrAMP_epoch37,0.9166666666666665,False
vae_ana_01055,IKQLLHFFWRF,HydrAMP_epoch37,0.9090909090909091,False
vae_ana_01056,LKRFLKWFKRFGGGRKRWRWF,HydrAMP_epoch37,0.9523809523809522,False
vae_ana_01057,LKRFLKWFKRFGGGRWRRRWF,HydrAMP_epoch37,0.9523809523809522,False
vae_ana_01058,KISKKIMRIFLRRIVKDFLTGKK,HydrAMP_epoch37,0.8695652173913043,False
vae_ana_01059,KISKKIMRTFLRRISKAFLTGKK,HydrAMP_epoch37,0.9130434782608696,False
vae_ana_01060,KISKKIMRTFLRRITKAFLTGKK,HydrAMP_epoch37,0.9047619047619048,False
vae_ana_01061,GNKRPVYIPQPRPPHPL,HydrAMP_epoch37,0.9411764705882352,False
vae_ana_01062,VAKKLAKLAKKLAKLALAN,HydrAMP_epoch37,0.9473684210526316,False
vae_ana_01063,NLVSGLIEARKYLLQLIRKIKCFKV,HydrAMP_epoch37,0.84,False
vae_ana_01064,NLVSGLIEARKYLLQLIRKLKKCKV,HydrAMP_epoch37,0.88,False
vae_ana_01065,NLVSGLIEARKYLLREIRKIKCYKV,HydrAMP_epoch37,0.8,True
vae_ana_01066,NLVSGLIEARKYLLRLIRKIKCFKV,HydrAMP_epoch37,0.8,True
vae_ana_01067,NLVSGLIEARKYLLRLIRKIKYYKV,HydrAMP_epoch37,0.76,True
vae_ana_01068,NLVSGLIEARKYLLRLIRKLKCYKV,HydrAMP_epoch37,0.84,False
vae_ana_01069,NLVSGLIEARKYLLRLIRKLKKYKV,HydrAMP_epoch37,0.8,True
vae_ana_01070,NLVSGLIEARKYLLRLLRKIKCYKV,HydrAMP_epoch37,0.8,True
vae_ana_01071,NLVSGLIEARKYLTQLIRKIKCFKV,HydrAMP_epoch37,0.84,False
vae_ana_01072,NLVSGLIEARKYLTRLIRKIKCFKV,HydrAMP_epoch37,0.8,True
vae_ana_01073,NLVSGLIEARKYLTRLIRKIKCYKV,HydrAMP_epoch37,0.8,True
vae_ana_01074,NLVSGLIEARKYLTRLIRKLKCYKV,HydrAMP_epoch37,0.84,False
vae_ana_01075,NLVTGLIEARKYLLQLIRKIKKYKV,HydrAMP_epoch37,0.76,True
vae_ana_01076,NLVTGLIEARKYLLQLIRKLKKYKV,HydrAMP_epoch37,0.8,True
vae_ana_01077,NLVTGLIEARKYLTRLIRKIKCYKV,HydrAMP_epoch37,0.76,True
vae_ana_01078,KIWVFRWR,HydrAMP_epoch37,0.875,False
vae_ana_01079,RLLRQLLRRLLRLQKKGI,HydrAMP_epoch37,0.9444444444444444,False
vae_ana_01080,RLLRRLLRRLLRLQKKVI,HydrAMP_epoch37,0.9444444444444444,False
vae_ana_01081,RLLRRLLRRLLRLRKKGI,HydrAMP_epoch37,0.9444444444444444,False
vae_ana_01082,RLLRRLLRRLLRLWKKGI,HydrAMP_epoch37,0.9444444444444444,False
vae_ana_01083,RFRPPIRRKPIRPPFRPPFRPFVR,HydrAMP_epoch37,0.9166666666666665,False
vae_ana_01084,RFRPPIRRKPIRPPFRPPFRPPVR,HydrAMP_epoch37,0.9583333333333335,False
vae_ana_01085,RFRPPIRRKPIRPPFRPPPRPPVR,HydrAMP_epoch37,0.9166666666666665,False
vae_ana_01086,RFRPPIRRKPIRPPYRPPFRPPVR,HydrAMP_epoch37,0.9166666666666665,False
vae_ana_01087,RFRPPIRRKPIRPPYRPPPRPPVR,HydrAMP_epoch37,0.875,False
vae_ana_01088,RFRPPIRRPPIRPPFRPPPRPFVR,HydrAMP_epoch37,0.9166666666666665,False
vae_ana_01089,RFRPPIRRPPIRPPFRPPPRPPVR,HydrAMP_epoch37,0.9583333333333335,False
vae_ana_01090,RFRPPIRRPPIRPPYRPPFRPPVR,HydrAMP_epoch37,0.9583333333333335,False
vae_ana_01091,RFRPPIRRPPIRPPYRPPPRPPVR,HydrAMP_epoch37,0.9166666666666665,False
vae_ana_01092,RFRPPIRRQPIRPPFRPPFRPPVR,HydrAMP_epoch37,0.9583333333333335,False
vae_ana_01093,RFRQPIRRPPIRPPFRPPFRPPVR,HydrAMP_epoch37,0.9583333333333335,False
vae_ana_01094,AKRFFGFKRKFF,HydrAMP_epoch37,0.9166666666666665,False
vae_ana_01095,AKRFFGYKRKFC,HydrAMP_epoch37,0.9166666666666665,False
vae_ana_01096,AKRFFGYKRKFY,HydrAMP_epoch37,0.9166666666666665,False
vae_ana_01097,AKRYFGYKRKFF,HydrAMP_epoch37,0.9166666666666665,False
vae_ana_01098,AKRYFGYKRKYF,HydrAMP_epoch37,0.8571428571428572,False
vae_ana_01099,KWKLFKKFGKVLKVL,HydrAMP_epoch37,0.9333333333333332,False
vae_ana_01100,KWKLFKKIGKVLKVN,HydrAMP_epoch37,0.9333333333333332,False
vae_ana_01101,KWKLFKKIGKVLPVL,HydrAMP_epoch37,0.9333333333333332,False
vae_ana_01102,KWKLFKKIGKVLQVL,HydrAMP_epoch37,0.9333333333333332,False
vae_ana_01103,KWKLFKKISKVLKVL,HydrAMP_epoch37,0.9333333333333332,False
vae_ana_01104,KWKLFKKIVKVLKVL,HydrAMP_epoch37,0.9333333333333332,False
vae_ana_01105,AALKGCWTKSFPPKPCFGKR,HydrAMP_epoch37,0.95,False
vae_ana_01106,AALKGCWTKSIPPKPCFGWR,HydrAMP_epoch37,0.95,False
vae_ana_01107,AALKGCWTKSIPPKPCYGKR,HydrAMP_epoch37,0.95,False
vae_ana_01108,AATKGCWTKSFPPKPCFGKR,HydrAMP_epoch37,0.9,False
vae_ana_01109,KRWWKWFRW,HydrAMP_epoch37,0.8888888888888888,False
vae_ana_01110,KRWWKWHRW,HydrAMP_epoch37,0.8888888888888888,False
vae_ana_01111,KRWWKWLRW,HydrAMP_epoch37,0.8888888888888888,False
vae_ana_01112,NRWWKWIRW,HydrAMP_epoch37,0.8888888888888888,False
vae_ana_01113,RRRWWRWRR,HydrAMP_epoch37,0.9411764705882352,False
vae_ana_01114,RWRWWRWRRF,HydrAMP_epoch37,0.9473684210526316,False
vae_ana_01115,RWRWWRWRRW,HydrAMP_epoch37,0.9473684210526316,False
vae_ana_01116,RWRWWWWRR,HydrAMP_epoch37,0.9,False
vae_ana_01117,RWRWWYWRR,HydrAMP_epoch37,0.8888888888888888,False
vae_ana_01118,KLKKLLKKLKKLLW,HydrAMP_epoch37,0.9285714285714286,False
vae_ana_01119,KLKWLNKKLKKLLK,HydrAMP_epoch37,0.8571428571428572,False
vae_ana_01120,KNKKLLKKLKKLLK,HydrAMP_epoch37,0.9285714285714286,False
vae_ana_01121,GKGRWLERIGKAGGFIIGGALDHL,HydrAMP_epoch37,0.9583333333333335,False
vae_ana_01122,GKGRWLERIGKAGGHIIGGALDEIL,HydrAMP_epoch37,0.8979591836734694,False
vae_ana_01123,GKGRWLERIGKAGGHIIGGALDHL,HydrAMP_epoch37,0.9583333333333335,False
vae_ana_01124,GKGRWLERIGKAGGHIIGGALDHLL,HydrAMP_epoch37,0.9387755102040817,False
vae_ana_01125,GKGRWLERIGKAGGHIIGGALDLIL,HydrAMP_epoch37,0.8979591836734694,False
vae_ana_01126,GKGRWLERIGKAGGHIIGGALDLLL,HydrAMP_epoch37,0.8979591836734694,False
vae_ana_01127,GKGRWLERIGKAGGHIIGSALDEIL,HydrAMP_epoch37,0.8571428571428572,False
vae_ana_01128,GKGRWLERLGKAGGHIIGDALDHL,HydrAMP_epoch37,0.875,False
vae_ana_01129,GKGRWLERLGKAGGHIIGGALDTLL,HydrAMP_epoch37,0.8571428571428572,False
vae_ana_01130,KIGAKIKFGAKHKIGAK,HydrAMP_epoch37,0.8823529411764706,False
vae_ana_01131,KIGAKIKIGAKHKIGAKI,HydrAMP_epoch37,0.9714285714285714,False
vae_ana_01132,KIGAKIKIGAKIKHGAKI,HydrAMP_epoch37,0.9714285714285714,False
vae_ana_01133,KIGAKIKIGAKIKIGAK,HydrAMP_epoch37,0.9714285714285714,False
vae_ana_01134,KIGAKIKPGAKIKHGAKI,HydrAMP_epoch37,0.9142857142857143,False
vae_ana_01135,KIGAKIKPGAKIKIGAKI,HydrAMP_epoch37,0.9714285714285714,False
vae_ana_01136,GNNRPVYIPQPRPPCPRF,HydrAMP_epoch37,0.9444444444444444,False
vae_ana_01137,GNNRPVYIPQPRPPHQRF,HydrAMP_epoch37,0.9444444444444444,False
vae_ana_01138,GNNRQVYIPQPRPPHPRF,HydrAMP_epoch37,0.9444444444444444,False
vae_ana_01139,KRWWKWWQR,HydrAMP_epoch37,0.8888888888888888,False
vae_ana_01141,KWFWWFWRR,HydrAMP_epoch37,0.7777777777777779,True
vae_ana_01142,KWFWWPWRR,HydrAMP_epoch37,0.8888888888888888,False
vae_ana_01143,KWIWWPWRR,HydrAMP_epoch37,0.8888888888888888,False
vae_ana_01144,KWPWWFWRR,HydrAMP_epoch37,0.8888888888888888,False
vae_ana_01146,KWYWWPWRR,HydrAMP_epoch37,0.8888888888888888,False
vae_ana_01147,NWIWWIWRR,HydrAMP_epoch37,0.8235294117647058,False
vae_ana_01148,RRWCFRVCRKGFCRYKCR,HydrAMP_epoch37,0.6666666666666667,True
vae_ana_01149,RRWCFRVCRKGFCRYYCR,HydrAMP_epoch37,0.6285714285714286,True
vae_ana_01150,RRWCFRVCRKGYCRYKCR,HydrAMP_epoch37,0.6666666666666667,True
vae_ana_01151,RRWCFRVCRKGYCRYQCR,HydrAMP_epoch37,0.6285714285714286,True
vae_ana_01152,RRWCFRVCRWGFCRYKCR,HydrAMP_epoch37,0.6666666666666667,True
vae_ana_01153,RRWCFRVCRWGYCRYKCR,HydrAMP_epoch37,0.6666666666666667,True
vae_ana_01154,RRWCFRVCYKGYCRYYCR,HydrAMP_epoch37,0.6285714285714286,True
vae_ana_01155,RRWCFRVCYKSFCRYKCR,HydrAMP_epoch37,0.6111111111111112,True
vae_ana_01156,RRWCIRVCRKGFCRYKCR,HydrAMP_epoch37,0.6285714285714286,True
vae_ana_01157,GLFDVIKKVASVIKQL,HydrAMP_epoch37,0.9375,False
vae_ana_01158,GLFDVIKKVASVIKQN,HydrAMP_epoch37,0.896551724137931,False
vae_ana_01159,KKAAAHAAAAAFAAWAAIAAAKKKK,HydrAMP_epoch37,0.9361702127659575,False
vae_ana_01160,KKAAAHAAAAAHAAWAAIAAAKKKK,HydrAMP_epoch37,0.96,False
vae_ana_01161,KKAAAHAAAAAHAAWAALAAAKKKK,HydrAMP_epoch37,0.96,False
vae_ana_01162,KKAAAHAAAAAVAAWAALAAAKKKK,HydrAMP_epoch37,0.9361702127659575,False
vae_ana_01163,KKAAAHAAAAAVAAWAAVAAAKKKK,HydrAMP_epoch37,0.96,False
vae_ana_01164,KKAAAVAAAAAHAAWAALAAAKKKK,HydrAMP_epoch37,0.9361702127659575,False
vae_ana_01165,KKAAAVAAAAAVAAWAALAAAKKKK,HydrAMP_epoch37,0.96,False
vae_ana_01167,KKAGAVAAAAAHAAWAALAAAKKKK,HydrAMP_epoch37,0.8936170212765957,False
vae_ana_01168,KKASAVAAAAAVAAWAALAAAKKKK,HydrAMP_epoch37,0.92,False
vae_ana_01169,AIHKLAHKLLKKLLRAVKKLAK,HydrAMP_epoch37,0.9545454545454546,False
vae_ana_01170,AIHKLAHKLLKKLLRAVKKLAL,HydrAMP_epoch37,0.9545454545454546,False
vae_ana_01171,AIHKLAHKLLKKLLRAVKKLAS,HydrAMP_epoch37,0.9545454545454546,False
vae_ana_01172,AIVKLAHKLLKKLIRAVKKLAN,HydrAMP_epoch37,0.9090909090909091,False
vae_ana_01173,AIVKLAHKLLKKLLRAVKKLAN,HydrAMP_epoch37,0.9545454545454546,False
vae_ana_01174,KWKSFIKKLLSKFLCEADKF,HydrAMP_epoch37,0.85,False
vae_ana_01175,KWKSFIKKLLSKFLHEAAKF,HydrAMP_epoch37,0.9,False
vae_ana_01176,KWKSFIKKLLSKFLHSAAKF,HydrAMP_epoch37,0.95,False
vae_ana_01177,KWKSFIKKLLSKFLHSAAKY,HydrAMP_epoch37,0.9,False
vae_ana_01178,KWKSFIKKLLSKFLHSADKF,HydrAMP_epoch37,0.95,False
vae_ana_01179,KWKSFIKKLLSKFLHTAAKF,HydrAMP_epoch37,0.9,False
vae_ana_01180,KWKSFIKKLTSKFLCSAAKF,HydrAMP_epoch37,0.9,False
vae_ana_01181,KWKSFIKKLTSKFLHEAAKF,HydrAMP_epoch37,0.9,False
vae_ana_01182,KWKSFIKKLTSKFLHSAAKF,HydrAMP_epoch37,0.95,False
vae_ana_01183,KWKTFIKKLLSKFLHEAAKF,HydrAMP_epoch37,0.85,False
vae_ana_01184,KWKTFIKKLLSKFLHSAAKF,HydrAMP_epoch37,0.9,False
vae_ana_01185,KWKTFIKKLLSKFLHTAAKF,HydrAMP_epoch37,0.85,False
vae_ana_01186,IIKWKWPWWPWRR,HydrAMP_epoch37,0.923076923076923,False
vae_ana_01188,LLLFLLKKRWKRKY,HydrAMP_epoch37,0.9285714285714286,False
vae_ana_01189,LLLYLLKKRKKRKY,HydrAMP_epoch37,0.9285714285714286,False
vae_ana_01190,RRCFIVVIRVCR,HydrAMP_epoch37,0.9166666666666665,False
vae_ana_01191,RRCQIVVIRVCR,HydrAMP_epoch37,0.9166666666666665,False
vae_ana_01192,RRCQLVVIRVCR,HydrAMP_epoch37,0.8333333333333335,False
vae_ana_01193,GCRRWKKCRWRFRGWYKFWCG,HydrAMP_epoch37,0.8095238095238095,False
vae_ana_01194,GCRRWKKFRWRFRGWFKFWCG,HydrAMP_epoch37,0.8571428571428572,False
vae_ana_01195,GCRRWKKFRWRFRGWYKFRCG,HydrAMP_epoch37,0.8095238095238095,False
vae_ana_01196,GCRRWKKFRWRFRGWYKFWCG,HydrAMP_epoch37,0.8571428571428572,False
vae_ana_01197,GCRRWKKFRWRYRGKFKFWCG,HydrAMP_epoch37,0.9523809523809522,False
vae_ana_01198,GCRRWKKFRWRYRGKYKFWCG,HydrAMP_epoch37,0.9047619047619048,False
vae_ana_01199,GCRRWKKFRWRYRGWFKFRCG,HydrAMP_epoch37,0.8571428571428572,False
vae_ana_01200,GCRRWKKFRWRYRGWFKFWCG,HydrAMP_epoch37,0.9047619047619048,False
vae_ana_01201,GCRRWKKFRWRYRGWYKFRCG,HydrAMP_epoch37,0.8571428571428572,False
vae_ana_01202,GCRRWKKFRWRYRGWYKFWCG,HydrAMP_epoch37,0.9047619047619048,False
vae_ana_01203,RILSILRHQNLLKEIWGLALKAAN,HydrAMP_epoch37,0.7906976744186046,True
vae_ana_01204,RILSILRHQNLLKEIWGLALKGAK,HydrAMP_epoch37,0.8333333333333335,False
vae_ana_01205,RILSILRHRKLLKELKGVALKAASK,HydrAMP_epoch37,0.6938775510204082,True
vae_ana_01206,RILSILRHRNLLKEIKGLAKKAASK,HydrAMP_epoch37,0.6938775510204082,True
vae_ana_01207,RILSILRHRNLLKEIWALALKGAN,HydrAMP_epoch37,0.75,True
vae_ana_01208,RILSILRHRNLLKEIWGLALKAAK,HydrAMP_epoch37,0.75,True
vae_ana_01209,RILSILRHRNLLKEIWGLALKGAK,HydrAMP_epoch37,0.7916666666666665,True
vae_ana_01210,RILSILRHRNLLKELKGLAKKAAN,HydrAMP_epoch37,0.7441860465116279,True
vae_ana_01211,RILSILRHRNLLKELWGLALKGAN,HydrAMP_epoch37,0.7916666666666665,True
vae_ana_01212,RILSILRHRNLLKENWGLALKAAK,HydrAMP_epoch37,0.75,True
vae_ana_01213,RILSILRVQNLLKEIWGLALKAAL,HydrAMP_epoch37,0.7727272727272727,True
vae_ana_01214,FFWRRRIRIRR,HydrAMP_epoch37,0.9523809523809522,False
vae_ana_01215,IYWRRRIRIRR,HydrAMP_epoch37,0.8571428571428572,False
vae_ana_01216,RWRRWWRHFHHCFF,HydrAMP_epoch37,0.9285714285714286,False
vae_ana_01217,RWRRWWRHFHHCFH,HydrAMP_epoch37,0.9285714285714286,False
vae_ana_01218,RWRRWWRHFHHCYH,HydrAMP_epoch37,0.8571428571428572,False
vae_ana_01219,RWRRWWRHFHHFCH,HydrAMP_epoch37,0.9285714285714286,False
vae_ana_01220,RWRRWWRHFHHFFHI,HydrAMP_epoch37,0.9655172413793103,False
vae_ana_01221,RWRRWWRHFHHFFV,HydrAMP_epoch37,0.9285714285714286,False
vae_ana_01222,RWRRWWRHFHIFFH,HydrAMP_epoch37,0.9285714285714286,False
vae_ana_01223,RWRRWWRVFHHCFH,HydrAMP_epoch37,0.8571428571428572,False
vae_ana_01224,RWRRWWRVFHHFFH,HydrAMP_epoch37,0.9285714285714286,False
vae_ana_01225,RWRRWWRVYHHFFH,HydrAMP_epoch37,0.8571428571428572,False
vae_ana_01226,VKKLLKIFKRF,HydrAMP_epoch37,0.8181818181818181,False
vae_ana_01227,VKQLLKIFKRF,HydrAMP_epoch37,0.9090909090909091,False
vae_ana_01228,FAEKALKKLKKALKKAL,HydrAMP_epoch37,0.9411764705882352,False
vae_ana_01229,FALKALKKLKKAIKKAL,HydrAMP_epoch37,0.9411764705882352,False
vae_ana_01230,FALKALKKLKKALKKDLL,HydrAMP_epoch37,0.9142857142857143,False
vae_ana_01231,FALKALKKLKKATKKAL,HydrAMP_epoch37,0.9411764705882352,False
vae_ana_01232,FATKALKKLKKALKKAL,HydrAMP_epoch37,0.9411764705882352,False
vae_ana_01233,FDLKALKKLKKALKKAL,HydrAMP_epoch37,0.9411764705882352,False
vae_ana_01234,ILFWKKPKWPWRR,HydrAMP_epoch37,0.8461538461538461,False
vae_ana_01235,ILPWKKPKKFWRR,HydrAMP_epoch37,0.923076923076923,False
vae_ana_01236,PLPWKKPKKPWRR,HydrAMP_epoch37,0.923076923076923,False
vae_ana_01237,KKNWKKAAFAAWAAFAA,HydrAMP_epoch37,0.8823529411764706,False
vae_ana_01238,AWASMAKKLKEYMLKLKQRA,HydrAMP_epoch37,0.9,False
vae_ana_01239,AWATMAKKLKEYMEKLKQRA,HydrAMP_epoch37,0.9,False
vae_ana_01240,SWAEMAKKLKEYMEKLKQRA,HydrAMP_epoch37,0.95,False
vae_ana_01241,SWASGAKKLKEYMEKLKQRA,HydrAMP_epoch37,0.95,False
vae_ana_01242,SWASMAKKLKEFMEKLKQRA,HydrAMP_epoch37,0.95,False
vae_ana_01243,SWASMAKKLKEFMEKLKRRA,HydrAMP_epoch37,0.9,False
vae_ana_01244,SWASMAKKLKEYMLKLKQRA,HydrAMP_epoch37,0.95,False
vae_ana_01245,SWATMAKKLKEFMLKLKQRA,HydrAMP_epoch37,0.85,False
vae_ana_01246,SWATMAKKLKEYMEKLKQRA,HydrAMP_epoch37,0.95,False
vae_ana_01247,KLFKRWKFLFR,HydrAMP_epoch37,0.9090909090909091,False
vae_ana_01248,KLFKRWKHLYR,HydrAMP_epoch37,0.9090909090909091,False
vae_ana_01249,KLFKRWKHNFR,HydrAMP_epoch37,0.9090909090909091,False
vae_ana_01250,KLFKRWQHLFR,HydrAMP_epoch37,0.9090909090909091,False
vae_ana_01251,KLFKRWWHLFR,HydrAMP_epoch37,0.9090909090909091,False
vae_ana_01252,KLFWRWKHLFR,HydrAMP_epoch37,0.9090909090909091,False
vae_ana_01253,KLFWRWKVLFR,HydrAMP_epoch37,0.8181818181818181,False
vae_ana_01254,KLPKRWKHLFR,HydrAMP_epoch37,0.9090909090909091,False
vae_ana_01255,KLYKRWKHLYR,HydrAMP_epoch37,0.8181818181818181,False
vae_ana_01256,KLYKRWWFLFR,HydrAMP_epoch37,0.7272727272727273,True
vae_ana_01257,KWAKKKKWFAKAAWKWFKK,HydrAMP_epoch37,0.8947368421052632,False
vae_ana_01258,KWAKKWKWFAKAAKKWKKK,HydrAMP_epoch37,0.8947368421052632,False
vae_ana_01259,KWAKKWKWFAKAAKKWYKK,HydrAMP_epoch37,0.9473684210526316,False
vae_ana_01260,KWAKKWKWFAKAAWKRFKK,HydrAMP_epoch37,0.8947368421052632,False
vae_ana_01261,KWAKKWKWFAKAAWKWFKK,HydrAMP_epoch37,0.9473684210526316,False
vae_ana_01262,KWAKKWKWFAKAAWKWKKK,HydrAMP_epoch37,0.9473684210526316,False
vae_ana_01263,KWAKKWKWYAKAAWKRKKK,HydrAMP_epoch37,0.8421052631578947,False
vae_ana_01264,KWMKKWKWFAKAAWKWKKK,HydrAMP_epoch37,0.8947368421052632,False
vae_ana_01265,KWMKKWKWFAKAAWKWYKK,HydrAMP_epoch37,0.9473684210526316,False
vae_ana_01266,RAGLQFKVGRLLRRLLRRLLR,HydrAMP_epoch37,0.9523809523809522,False
vae_ana_01267,RAGLQFKVGRLLRRLLRRLNR,HydrAMP_epoch37,0.9047619047619048,False
vae_ana_01268,RAGLQFPVGRLLRRLLRRLIR,HydrAMP_epoch37,0.9523809523809522,False
vae_ana_01269,RAGLQFPVGRLLRRLLRRLNR,HydrAMP_epoch37,0.9523809523809522,False
vae_ana_01270,KRWRIRVRVPRK,HydrAMP_epoch37,0.9166666666666665,False
vae_ana_01271,KWKKFKKFSAVLKVL,HydrAMP_epoch37,0.8666666666666667,False
vae_ana_01272,KWKKFKKFSAVLKVN,HydrAMP_epoch37,0.8,True
vae_ana_01273,KWKKFKKFSGVLKVL,HydrAMP_epoch37,0.8666666666666667,False
vae_ana_01274,KWKKFKKIGSVLKVL,HydrAMP_epoch37,0.9333333333333332,False
vae_ana_01275,KWKKFKKISAVLKGL,HydrAMP_epoch37,0.8666666666666667,False
vae_ana_01276,KWKKFKKIVAVLKVL,HydrAMP_epoch37,0.9333333333333332,False
vae_ana_01277,IKQLLHFFRRF,HydrAMP_epoch37,0.9090909090909091,False
vae_ana_01278,IKQLLHFFWRF,HydrAMP_epoch37,0.9090909090909091,False
vae_ana_01279,IKQLLVFFRRF,HydrAMP_epoch37,0.8181818181818181,False
vae_ana_01280,IKWLLHFFQRF,HydrAMP_epoch37,0.9090909090909091,False
vae_ana_01281,RRIIRKIFHIIKK,HydrAMP_epoch37,0.923076923076923,False
vae_ana_01282,RRIIRKIIHHIKK,HydrAMP_epoch37,0.923076923076923,False
vae_ana_01283,RRIIRKIIHIHKK,HydrAMP_epoch37,0.923076923076923,False
vae_ana_01284,RRIIRKIIVIIKK,HydrAMP_epoch37,0.923076923076923,False
vae_ana_01285,RRPIRKIFHIIKK,HydrAMP_epoch37,0.8461538461538461,False
vae_ana_01286,RRPIRKIIHIIKK,HydrAMP_epoch37,0.923076923076923,False
vae_ana_01287,GIGKFLHSAKKFAKAFGAEIMNS,HydrAMP_epoch37,0.9565217391304348,False
vae_ana_01288,GIGKFLHSAKKFAKAFGAEKMNS,HydrAMP_epoch37,0.9130434782608696,False
vae_ana_01289,GIGKFLHSAKKFAKAFVAEKMNS,HydrAMP_epoch37,0.9565217391304348,False
vae_ana_01290,LKRFLKKCKRFVGGRKRRRWF,HydrAMP_epoch37,0.7619047619047619,True
vae_ana_01291,LKRFLKKFKRFGGGRKRRRWF,HydrAMP_epoch37,0.8571428571428572,False
vae_ana_01292,LKRFLKKFKRFGGGRWRRRWF,HydrAMP_epoch37,0.9047619047619048,False
vae_ana_01293,LKRFLKKFKRFGGGRWRWRWF,HydrAMP_epoch37,0.9523809523809522,False
vae_ana_01294,LKRFLKKFKRFVGGRKRRRWF,HydrAMP_epoch37,0.8095238095238095,False
vae_ana_01295,LKRFLKQFKRFGGGRWRWRWF,HydrAMP_epoch37,0.9523809523809522,False
vae_ana_01296,LKRFLKWCKRFGGGRWRRRWF,HydrAMP_epoch37,0.9047619047619048,False
vae_ana_01297,LKRFLKWCWRFGGGRWRRRWF,HydrAMP_epoch37,0.8571428571428572,False
vae_ana_01298,LKRFLKWFKRFGGGRKRRRWF,HydrAMP_epoch37,0.9047619047619048,False
vae_ana_01299,LKRFLKWFKRFGGGRKRWRWF,HydrAMP_epoch37,0.9523809523809522,False
vae_ana_01300,LKRFLKWFKRFGGGRWRRRWF,HydrAMP_epoch37,0.9523809523809522,False
vae_ana_01301,LKRFLKWFKRFVGGRWRRRWF,HydrAMP_epoch37,0.9047619047619048,False
vae_ana_01302,LKRFLKWFWRFGGGRWRRRWF,HydrAMP_epoch37,0.9047619047619048,False
vae_ana_01303,KISKKIMRIFLRRISKAILTGKK,HydrAMP_epoch37,0.9130434782608696,False
vae_ana_01304,KISKKIMRLFLRRISKAILTGKK,HydrAMP_epoch37,0.9130434782608696,False
vae_ana_01305,KISKKIMRTFLRRISKAFLTGKK,HydrAMP_epoch37,0.9130434782608696,False
vae_ana_01306,KISKKIMRTFLRRISKAILTGKK,HydrAMP_epoch37,0.9565217391304348,False
vae_ana_01307,KISKKIMRTFLRRITKAFLTGKK,HydrAMP_epoch37,0.9047619047619048,False
vae_ana_01308,KISKKIMRTFLRRIVKAFLTGKK,HydrAMP_epoch37,0.9047619047619048,False
vae_ana_01309,KISKKIMRTFLRRIVKDFLTGKK,HydrAMP_epoch37,0.9130434782608696,False
vae_ana_01310,GNKRPVYIPQPRPPHPL,HydrAMP_epoch37,0.9411764705882352,False
vae_ana_01311,GNKRPVYTPQPRPPHPL,HydrAMP_epoch37,0.8823529411764706,False
vae_ana_01312,GAKKLAKLAKKLAKLALAL,HydrAMP_epoch37,0.9473684210526316,False
vae_ana_01313,GAKKLAKLAKKLAKLALAN,HydrAMP_epoch37,0.8947368421052632,False
vae_ana_01314,VAKKLAKLAKKLAKIALAL,HydrAMP_epoch37,0.9473684210526316,False
vae_ana_01315,VAKKLAKLAKKLAKLALAN,HydrAMP_epoch37,0.9473684210526316,False
vae_ana_01316,VAKKLAKLAKKLAKLGLAL,HydrAMP_epoch37,0.9473684210526316,False
vae_ana_01320,RHRHRHRF,HydrAMP_epoch37,0.875,False
vae_ana_01321,KLVSGLIEARKYLTRLIRKIKYFKV,HydrAMP_epoch37,0.72,True
vae_ana_01322,NLGSGLIEARKRLTQLIRKIKKYKV,HydrAMP_epoch37,0.72,True
vae_ana_01323,NLGTGLIEARKYLLRLIRKLKCFKV,HydrAMP_epoch37,0.76,True
vae_ana_01324,NLVSGLIEARKYLLQLIRKIKCYKV,HydrAMP_epoch37,0.84,False
vae_ana_01325,NLVSGLIEARKYLLQLIRKLKCYKV,HydrAMP_epoch37,0.88,False
vae_ana_01326,NLVSGLIEARKYLLQLIRKLKKCKV,HydrAMP_epoch37,0.88,False
vae_ana_01327,NLVSGLIEARKYLLQLIRKLKKYKV,HydrAMP_epoch37,0.84,False
vae_ana_01328,NLVSGLIEARKYLLQLLRKIKYFKV,HydrAMP_epoch37,0.8,True
vae_ana_01329,NLVSGLIEARKYLLRLIRKIKKYKV,HydrAMP_epoch37,0.76,True
vae_ana_01330,NLVSGLIEARKYLLRLIRKIKYFKV,HydrAMP_epoch37,0.76,True
vae_ana_01331,NLVSGLIEARKYLLRLIRKLKKYKV,HydrAMP_epoch37,0.8,True
vae_ana_01332,NLVSGLIEARKYLLRLIRKLKYFKV,HydrAMP_epoch37,0.8,True
vae_ana_01333,NLVSGLIEARKYLTQLLRKIKCYKV,HydrAMP_epoch37,0.84,False
vae_ana_01334,NLVSGLIEARKYLTRLIRKIKCFKV,HydrAMP_epoch37,0.8,True
vae_ana_01335,NLVSGLIEARKYLTRLIRKIKCFPV,HydrAMP_epoch37,0.76,True
vae_ana_01336,NLVSGLIEARKYLTRLIRKIKCYKV,HydrAMP_epoch37,0.8,True
vae_ana_01337,NLVSGLIEARKYLTRLIRKIKKFKV,HydrAMP_epoch37,0.76,True
vae_ana_01338,NLVSGLIEARQYLLRLIRKIKCFKV,HydrAMP_epoch37,0.76,True
vae_ana_01339,NLVTGLIEARKYLLREIRKLKKYKV,HydrAMP_epoch37,0.76,True
vae_ana_01340,NLVTGLIEARKYLLRLLRKLKKYKV,HydrAMP_epoch37,0.76,True
vae_ana_01341,NLVTGLIEARKYLTRLIRKLKCFKV,HydrAMP_epoch37,0.8,True
vae_ana_01342,NLVTGLIEARKYLTRLLRKLKKCKV,HydrAMP_epoch37,0.8,True
vae_ana_01343,KGRGKQGGKVRAKAWTRTS,HydrAMP_epoch37,0.8947368421052632,False
vae_ana_01344,KGRVKQGGKVRAKAKTRSS,HydrAMP_epoch37,0.9473684210526316,False
vae_ana_01345,KIKVIRWR,HydrAMP_epoch37,0.875,False
vae_ana_01346,KIWVFRWR,HydrAMP_epoch37,0.875,False
vae_ana_01347,KIWVIRWRFS,HydrAMP_epoch37,0.8888888888888888,False
vae_ana_01348,KIWVIRWRW,HydrAMP_epoch37,0.9411764705882352,False
vae_ana_01349,KTWVIRWR,HydrAMP_epoch37,0.875,False
vae_ana_01350,WIWVIRWR,HydrAMP_epoch37,0.875,False
vae_ana_01351,WIWVIRWRW,HydrAMP_epoch37,0.8235294117647058,False
vae_ana_01352,RLLRQLLRRLLRLQKKGI,HydrAMP_epoch37,0.9444444444444444,False
vae_ana_01353,RLLRQLLRRLLRLWKKGI,HydrAMP_epoch37,0.8888888888888888,False
vae_ana_01354,RLLRQLLRRLNRLRKKGI,HydrAMP_epoch37,0.8333333333333335,False
vae_ana_01355,RLLRRLIRRLLRLWKKVT,HydrAMP_epoch37,0.7777777777777779,True
vae_ana_01356,RLLRRLLRRLLRLQKKGL,HydrAMP_epoch37,0.9444444444444444,False
vae_ana_01357,RLLRRLLRRLLRLQKKVI,HydrAMP_epoch37,0.9444444444444444,False
vae_ana_01358,RLLRRLLRRLLRLRKKGI,HydrAMP_epoch37,0.9444444444444444,False
vae_ana_01359,RLLRRLLRRLLRLRKKGP,HydrAMP_epoch37,0.8888888888888888,False
vae_ana_01360,RLLRRLLRRLLRLWKKGP,HydrAMP_epoch37,0.8888888888888888,False
vae_ana_01361,RLLRRLLRRLNRLQKKGI,HydrAMP_epoch37,0.9444444444444444,False
vae_ana_01362,RLLRRLLRRLNRLQKKGL,HydrAMP_epoch37,0.8888888888888888,False
vae_ana_01363,RLLRRLLRRLNRLWKKGI,HydrAMP_epoch37,0.8888888888888888,False
vae_ana_01364,RIIRKIFHII,HydrAMP_epoch37,0.9,False
vae_ana_01365,RIIRKIIHFI,HydrAMP_epoch37,0.9,False
vae_ana_01366,RIIRKIIHHLH,HydrAMP_epoch37,0.7619047619047619,True
vae_ana_01367,RIIRKIIHIF,HydrAMP_epoch37,0.9,False
vae_ana_01368,RIIRKIIIIL,HydrAMP_epoch37,0.9,False
vae_ana_01369,RFRPPHRRKPIRPPFRPPPRPPVR,HydrAMP_epoch37,0.875,False
vae_ana_01370,RFRPPIRRKPIRPKYRPPFRPPVR,HydrAMP_epoch37,0.875,False
vae_ana_01371,RFRPPIRRKPIRPPFRPPFRPFVR,HydrAMP_epoch37,0.9166666666666665,False
vae_ana_01372,RFRPPIRRKPIRPPFRPPFRPPVR,HydrAMP_epoch37,0.9583333333333335,False
vae_ana_01373,RFRPPIRRKPIRPPFRPPPRFFVR,HydrAMP_epoch37,0.8333333333333335,False
vae_ana_01374,RFRPPIRRKPIRPPFRPPPRPPVR,HydrAMP_epoch37,0.9166666666666665,False
vae_ana_01375,RFRPPIRRKPIRPPYRPPPRPFVR,HydrAMP_epoch37,0.8333333333333335,False
vae_ana_01376,RFRPPIRRKPPRPPFRPPFRPPVR,HydrAMP_epoch37,0.9583333333333335,False
vae_ana_01377,RFRPPIRRPPIRPPFRPPFRPFVR,HydrAMP_epoch37,0.9583333333333335,False
vae_ana_01378,RFRPPIRRPPIRPPFRPPPRPFVR,HydrAMP_epoch37,0.9166666666666665,False
vae_ana_01379,RFRPPIRRPPIRPPFRPPPRPPVR,HydrAMP_epoch37,0.9583333333333335,False
vae_ana_01380,RFRPPIRRPPIRPPYRPPFRPPVR,HydrAMP_epoch37,0.9583333333333335,False
vae_ana_01381,RFRPPIRRPPIRPPYRPPPRPFVR,HydrAMP_epoch37,0.875,False
vae_ana_01382,RFRPPIRRPPIRPPYRPPPRPPVR,HydrAMP_epoch37,0.9166666666666665,False
vae_ana_01383,RFRPPIRRPPNRPPYRPPFRPFVR,HydrAMP_epoch37,0.875,False
vae_ana_01384,RFRPPIRRPPPRPPFRPPFRFFVR,HydrAMP_epoch37,0.875,False
vae_ana_01385,RFRPPIRRQPIRPPFRPFPRPPVR,HydrAMP_epoch37,0.9166666666666665,False
vae_ana_01386,RFRPPIRRQPIRPPYRPPPRPFVR,HydrAMP_epoch37,0.8333333333333335,False
vae_ana_01387,RFRQQIRRPPIRPPYRPPPRPPVR,HydrAMP_epoch37,0.8333333333333335,False
vae_ana_01388,AKRFFGFKRKFY,HydrAMP_epoch37,0.8333333333333335,False
vae_ana_01389,AKRFFGYKRKFC,HydrAMP_epoch37,0.9166666666666665,False
vae_ana_01390,AKRFFGYPRKFY,HydrAMP_epoch37,0.8333333333333335,False
vae_ana_01391,AKRFHVYKRKFF,HydrAMP_epoch37,0.8333333333333335,False
vae_ana_01392,AKRYFGFKRKFF,HydrAMP_epoch37,0.8333333333333335,False
vae_ana_01393,AKRYFGYKRKFF,HydrAMP_epoch37,0.9166666666666665,False
vae_ana_01394,AKRYFGYPRKFF,HydrAMP_epoch37,0.8333333333333335,False
vae_ana_01395,GKRFFGFKRKCF,HydrAMP_epoch37,0.75,True
vae_ana_01396,KWKIFKKIVKVLKVL,HydrAMP_epoch37,0.8666666666666667,False
vae_ana_01397,KWKLFKKFGKVIKGL,HydrAMP_epoch37,0.8,True
vae_ana_01398,KWKLFKKFGKVLKVL,HydrAMP_epoch37,0.9333333333333332,False
vae_ana_01399,KWKLFKKFVKVLKVI,HydrAMP_epoch37,0.814814814814815,False
vae_ana_01400,KWKLFKKIGKVLKHL,HydrAMP_epoch37,0.9333333333333332,False
vae_ana_01401,KWKLFKKIGKVLKVK,HydrAMP_epoch37,0.9333333333333332,False
vae_ana_01402,KWKLFKKIGKVLKVN,HydrAMP_epoch37,0.9333333333333332,False
vae_ana_01403,KWKLFKKIGKVLPVK,HydrAMP_epoch37,0.8666666666666667,False
vae_ana_01404,KWKLFKKIGKVLPVL,HydrAMP_epoch37,0.9333333333333332,False
vae_ana_01405,KWKLFKKISKVLKVL,HydrAMP_epoch37,0.9333333333333332,False
vae_ana_01406,KWKLFKKIVKVLFVK,HydrAMP_epoch37,0.814814814814815,False
vae_ana_01407,KWKLFNKFGKVLKVL,HydrAMP_epoch37,0.8888888888888888,False
vae_ana_01408,KWKLPKKIGKVLKVL,HydrAMP_epoch37,0.9333333333333332,False
vae_ana_01409,AALKGCWTKEIPPKPCFGKR,HydrAMP_epoch37,0.95,False
vae_ana_01410,AALKGCWTKEIPPKPCYGKR,HydrAMP_epoch37,0.9,False
vae_ana_01411,AALKGCWTKEIPPWPCFGKR,HydrAMP_epoch37,0.9,False
vae_ana_01412,AALKGCWTKSFPPKPCPGKR,HydrAMP_epoch37,0.9,False
vae_ana_01413,AALKGCWTKSIFKKPCYGKR,HydrAMP_epoch37,0.85,False
vae_ana_01414,AALKGCWTKSIPKKPCFGKR,HydrAMP_epoch37,0.95,False
vae_ana_01415,AALKGCWTKSIPPKKCFGKR,HydrAMP_epoch37,0.95,False
vae_ana_01416,AALKGCWTKSIPPKPCCGWR,HydrAMP_epoch37,0.9,False
vae_ana_01417,AALKGCWTKSPPQKKCYGKR,HydrAMP_epoch37,0.85,False
vae_ana_01418,AALKGFWTKSFPPKPCPGKR,HydrAMP_epoch37,0.85,False
vae_ana_01419,FLALALAALPKFLCTVFKKC,HydrAMP_epoch37,0.9,False
vae_ana_01420,FLGLALAALPKFLCLVFKKC,HydrAMP_epoch37,0.95,False
vae_ana_01421,FLSLALAALKKFLCTVKKKC,HydrAMP_epoch37,0.85,False
vae_ana_01422,KRQWKWIRW,HydrAMP_epoch37,0.8888888888888888,False
vae_ana_01423,KRWRKWIRW,HydrAMP_epoch37,0.8888888888888888,False
vae_ana_01424,KRWWKWFRW,HydrAMP_epoch37,0.8888888888888888,False
vae_ana_01425,KRWWKWHRW,HydrAMP_epoch37,0.8888888888888888,False
vae_ana_01426,KRWWKWIRKP,HydrAMP_epoch37,0.8421052631578947,False
vae_ana_01427,KRWWKWIRR,HydrAMP_epoch37,0.8888888888888888,False
vae_ana_01428,KRWWKWIRWK,HydrAMP_epoch37,0.9473684210526316,False
vae_ana_01429,KRWWKWIRWN,HydrAMP_epoch37,0.9473684210526316,False
vae_ana_01430,KRWWKWIWW,HydrAMP_epoch37,0.8888888888888888,False
vae_ana_01431,KRWWKWIWWP,HydrAMP_epoch37,0.8421052631578947,False
vae_ana_01432,KRWWKWPRWFL,HydrAMP_epoch37,0.8,True
vae_ana_01433,KRWWQWIRW,HydrAMP_epoch37,0.8888888888888888,False
vae_ana_01434,NRWWKWIRW,HydrAMP_epoch37,0.8888888888888888,False
vae_ana_01435,QRWWKWIRW,HydrAMP_epoch37,0.8888888888888888,False
vae_ana_01436,WRWWKWIRK,HydrAMP_epoch37,0.8235294117647058,False
vae_ana_01437,KSSIRGRKTSRRKW,HydrAMP_epoch37,0.7857142857142857,True
vae_ana_01438,QWRWWRWRR,HydrAMP_epoch37,0.8888888888888888,False
vae_ana_01439,RWRWWRKRRKD,HydrAMP_epoch37,0.8,True
vae_ana_01440,RWRWWRQRR,HydrAMP_epoch37,0.8888888888888888,False
vae_ana_01441,RWRWWRRRW,HydrAMP_epoch37,0.8888888888888888,False
vae_ana_01442,RWRWWRWR,HydrAMP_epoch37,0.9411764705882352,False
vae_ana_01443,RWRWWRWRRRK,HydrAMP_epoch37,0.9,False
vae_ana_01444,RWRWWRWRW,HydrAMP_epoch37,0.9473684210526316,False
vae_ana_01445,RWRWWWWRQK,HydrAMP_epoch37,0.8421052631578947,False
vae_ana_01446,RWRWWWWRR,HydrAMP_epoch37,0.9,False
vae_ana_01447,RWRWWWWRRQ,HydrAMP_epoch37,0.8571428571428572,False
vae_ana_01448,RWWWWRWRRQ,HydrAMP_epoch37,0.8571428571428572,False
vae_ana_01449,RWYWWRRRR,HydrAMP_epoch37,0.8235294117647058,False
vae_ana_01450,RWYWWWWRR,HydrAMP_epoch37,0.9,False
vae_ana_01451,KEKKLLKKLKKLLK,HydrAMP_epoch37,0.9285714285714286,False
vae_ana_01452,KLKKLLKKLKKE,HydrAMP_epoch37,0.9166666666666665,False
vae_ana_01453,KLKKLLKKLKKLLKK,HydrAMP_epoch37,0.9655172413793103,False
vae_ana_01454,KLKKLLKKLKKLLKL,HydrAMP_epoch37,0.9655172413793103,False
vae_ana_01455,KLKKLLKKLKKLLW,HydrAMP_epoch37,0.9285714285714286,False
vae_ana_01456,KLKKLLKKLKKNLK,HydrAMP_epoch37,0.9285714285714286,False
vae_ana_01457,KLKKLLKKLKNNL,HydrAMP_epoch37,0.88,False
vae_ana_01458,KLKKLLKKTKKLLW,HydrAMP_epoch37,0.8571428571428572,False
vae_ana_01459,KLKKLTKKLKWLL,HydrAMP_epoch37,0.814814814814815,False
vae_ana_01460,KLKKNLKKLKKLKK,HydrAMP_epoch37,0.8888888888888888,False
vae_ana_01461,KLKKNLKKLKKLLK,HydrAMP_epoch37,0.9285714285714286,False
vae_ana_01462,KLKQLNKKLWKLLK,HydrAMP_epoch37,0.814814814814815,False
vae_ana_01463,KLNKLLKKLWKLTK,HydrAMP_epoch37,0.814814814814815,False
vae_ana_01464,KLNKLLKKLWKNLK,HydrAMP_epoch37,0.814814814814815,False
vae_ana_01465,KLWKNLKKLKKLLW,HydrAMP_epoch37,0.8461538461538461,False
vae_ana_01466,KNQKLLKKIKKLLK,HydrAMP_epoch37,0.7857142857142857,True
vae_ana_01467,GKGRWLEQIGKAGGHIIGGALDHL,HydrAMP_epoch37,0.9166666666666665,False
vae_ana_01468,GKGRWLERIGKAGGFIIGDALDTLL,HydrAMP_epoch37,0.8571428571428572,False
vae_ana_01469,GKGRWLERIGKAGGFIIGGALDETL,HydrAMP_epoch37,0.8979591836734694,False
vae_ana_01470,GKGRWLERIGKAGGFIIGGALDHL,HydrAMP_epoch37,0.9583333333333335,False
vae_ana_01471,GKGRWLERIGKAGGFIIGSALDTLL,HydrAMP_epoch37,0.8571428571428572,False
vae_ana_01472,GKGRWLERIGKAGGHIIGDALLHL,HydrAMP_epoch37,0.875,False
vae_ana_01473,GKGRWLERIGKAGGHIIGGALDEHL,HydrAMP_epoch37,0.9387755102040817,False
vae_ana_01474,GKGRWLERIGKAGGHIIGGALDHLL,HydrAMP_epoch37,0.9387755102040817,False
vae_ana_01475,GKGRWLERIGKAGGHIIGGALDLIL,HydrAMP_epoch37,0.8979591836734694,False
vae_ana_01476,GKGRWLERIGKAGGHIIGGALDTLL,HydrAMP_epoch37,0.8979591836734694,False
vae_ana_01477,GKGRWLERIGKAGGHIIGSALDHLL,HydrAMP_epoch37,0.8979591836734694,False
vae_ana_01478,GKGRWLERIGKAGGIIIGGALDTLL,HydrAMP_epoch37,0.9387755102040817,False
vae_ana_01479,GKGRWLERIGKAGGIIIGSALDHL,HydrAMP_epoch37,0.9583333333333335,False
vae_ana_01480,GKGRWLERISKAGGHIIGGALDHL,HydrAMP_epoch37,0.9166666666666665,False
vae_ana_01481,GKGRWLERLGKAGGHIIGGALDELL,HydrAMP_epoch37,0.8571428571428572,False
vae_ana_01482,GKGRWLERLGKAGGHIIGGALDLIL,HydrAMP_epoch37,0.8571428571428572,False
vae_ana_01483,GKGRWLERLGKAGGHIIGGALDTLL,HydrAMP_epoch37,0.8571428571428572,False
vae_ana_01484,GKGRWLSRIGKAGGHIIGGALDLIL,HydrAMP_epoch37,0.8571428571428572,False
vae_ana_01485,GWGRWLERIGKAGGHIIGSALDHL,HydrAMP_epoch37,0.875,False
vae_ana_01486,KRIVQRFKDFLRNLVKRTLS,HydrAMP_epoch37,0.85,False
vae_ana_01487,KRIVQRIKDFLRNLVKRLES,HydrAMP_epoch37,0.9,False
vae_ana_01488,KRIVQRIKDFLRNLVQQLS,HydrAMP_epoch37,0.8571428571428572,False
vae_ana_01489,KRIVQRIKEFLRNLVQRLE,HydrAMP_epoch37,0.8421052631578947,False
vae_ana_01490,KIGAKIKFGAKIKIGAKI,HydrAMP_epoch37,0.9714285714285714,False
vae_ana_01491,KIGAKIKFVAKHKIVAKI,HydrAMP_epoch37,0.8,True
vae_ana_01492,KIGAKIKIGAKHKIGAK,HydrAMP_epoch37,0.9411764705882352,False
vae_ana_01493,KIGAKIKIGAKIKHGAK,HydrAMP_epoch37,0.9411764705882352,False
vae_ana_01494,KIGAKIKIGAKIKIGAK,HydrAMP_epoch37,0.9714285714285714,False
vae_ana_01495,KIGAKIKIGAKIKIVAKI,HydrAMP_epoch37,0.9444444444444444,False
vae_ana_01496,KIGAKIKIGAKIKTGAKI,HydrAMP_epoch37,0.9714285714285714,False
vae_ana_01497,KIGAKIKIGAKINIGAKI,HydrAMP_epoch37,0.9444444444444444,False
vae_ana_01498,KIGAKIKPGAKIKIGAKI,HydrAMP_epoch37,0.9714285714285714,False
vae_ana_01499,KIGAKLKIGAKIKIGAK,HydrAMP_epoch37,0.9411764705882352,False
vae_ana_01500,KIGSKIKIGAKIKIGAKI,HydrAMP_epoch37,0.9444444444444444,False
vae_ana_01501,KIGSWIKFGAKIKIGAKI,HydrAMP_epoch37,0.8571428571428572,False
vae_ana_01502,KPGAKIKIGAKHKIGAKI,HydrAMP_epoch37,0.9142857142857143,False
vae_ana_01503,GKNRPVYIPQPRPPVKYF,HydrAMP_epoch37,0.7777777777777779,True
vae_ana_01504,GNKRPVFIPWPRPPHPRF,HydrAMP_epoch37,0.8333333333333335,False
vae_ana_01505,GNKRPVYIPQPRPPCPRF,HydrAMP_epoch37,0.8888888888888888,False
vae_ana_01506,GNKRQVYIPQPRPPHPRF,HydrAMP_epoch37,0.8888888888888888,False
vae_ana_01507,GNLRPVYIPRPRPPHPRF,HydrAMP_epoch37,0.9142857142857143,False
vae_ana_01508,GNLRPVYTPQPRPPHPRF,HydrAMP_epoch37,0.8888888888888888,False
vae_ana_01509,GNLRYVYIPQPRPPHPRY,HydrAMP_epoch37,0.8571428571428572,False
vae_ana_01510,GNNRIVYTPQPRPPHPRF,HydrAMP_epoch37,0.8888888888888888,False
vae_ana_01511,GNNRPHFIQQPRPPHPRF,HydrAMP_epoch37,0.8333333333333335,False
vae_ana_01512,GNNRPVFIPQPRPPHPRF,HydrAMP_epoch37,0.9444444444444444,False
vae_ana_01513,GNNRPVYHPQPRPPHPRF,HydrAMP_epoch37,0.9444444444444444,False
vae_ana_01514,GNNRPVYIPQQRPPHPRF,HydrAMP_epoch37,0.9444444444444444,False
vae_ana_01515,GNNRPVYIPQQYPPHPRF,HydrAMP_epoch37,0.8888888888888888,False
vae_ana_01516,GNNRPVYIQQPRPPHPRQ,HydrAMP_epoch37,0.9142857142857143,False
vae_ana_01517,GNNRPVYTPQPRPPCPRF,HydrAMP_epoch37,0.8888888888888888,False
vae_ana_01518,GNNRQVYPPQPYPPCKRF,HydrAMP_epoch37,0.7222222222222221,True
vae_ana_01519,KRKWKKWRR,HydrAMP_epoch37,0.7777777777777779,True
vae_ana_01520,KRWRKWWRR,HydrAMP_epoch37,0.8888888888888888,False
vae_ana_01521,KRWWKKKRY,HydrAMP_epoch37,0.7777777777777779,True
vae_ana_01522,KRWWKWKRRN,HydrAMP_epoch37,0.8421052631578947,False
vae_ana_01523,KRWWKWQR,HydrAMP_epoch37,0.8235294117647058,False
vae_ana_01524,KRWWQWRRR,HydrAMP_epoch37,0.7777777777777779,True
vae_ana_01525,KRWWWWWRRW,HydrAMP_epoch37,0.8421052631578947,False
vae_ana_01526,KRWWWWWRW,HydrAMP_epoch37,0.8888888888888888,False
vae_ana_01527,KWWWKWWQR,HydrAMP_epoch37,0.8235294117647058,False
vae_ana_01528,NRWWKWWRR,HydrAMP_epoch37,0.8888888888888888,False
vae_ana_01529,WRWRPWWRR,HydrAMP_epoch37,0.8421052631578947,False
vae_ana_01531,WRWWKWWRRK,HydrAMP_epoch37,0.9473684210526316,False
vae_ana_01532,KWCWWIWRR,HydrAMP_epoch37,0.7777777777777779,True
vae_ana_01533,KWFWWIWR,HydrAMP_epoch37,0.8235294117647058,False
vae_ana_01534,KWFWWPWRR,HydrAMP_epoch37,0.8888888888888888,False
vae_ana_01535,KWFWWPWRRP,HydrAMP_epoch37,0.8421052631578947,False
vae_ana_01536,KWIWWKWRR,HydrAMP_epoch37,0.8888888888888888,False
vae_ana_01537,KWIWWPWRR,HydrAMP_epoch37,0.8888888888888888,False
vae_ana_01538,KWKWWPWRRL,HydrAMP_epoch37,0.8421052631578947,False
vae_ana_01539,KWPWWFWRR,HydrAMP_epoch37,0.8888888888888888,False
vae_ana_01540,KWPWWIWRR,HydrAMP_epoch37,0.8888888888888888,False
vae_ana_01541,KWPWWKQRRP,HydrAMP_epoch37,0.8421052631578947,False
vae_ana_01543,KWPWWYKRRN,HydrAMP_epoch37,0.8421052631578947,False
vae_ana_01544,KWWWWPKRR,HydrAMP_epoch37,0.8888888888888888,False
vae_ana_01545,KWYWWPWRR,HydrAMP_epoch37,0.8888888888888888,False
vae_ana_01546,KWYWWYWRR,HydrAMP_epoch37,0.8888888888888888,False
vae_ana_01547,NWFWWKWRR,HydrAMP_epoch37,0.7777777777777779,True
vae_ana_01548,WWQWWPWRR,HydrAMP_epoch37,0.8421052631578947,False
vae_ana_01549,RRWCFRVCRKGFCRYKCR,HydrAMP_epoch37,0.6666666666666667,True
vae_ana_01550,RRWCFRVCRKGYCRYKCR,HydrAMP_epoch37,0.6666666666666667,True
vae_ana_01551,RRWCFRVCRKGYCRYYCW,HydrAMP_epoch37,0.65,True
vae_ana_01552,RRWCFRVCRKSFVRYKCR,HydrAMP_epoch37,0.6666666666666667,True
vae_ana_01553,RRWCFRVCRWGFCRYKCR,HydrAMP_epoch37,0.6666666666666667,True
vae_ana_01554,RRWCFRVCRWGFCRYYCR,HydrAMP_epoch37,0.6285714285714286,True
vae_ana_01555,RRWCFRVCRWGYCRYKCR,HydrAMP_epoch37,0.6666666666666667,True
vae_ana_01556,RRWCFRVCYKGYCRYKCR,HydrAMP_epoch37,0.6666666666666667,True
vae_ana_01557,RRWCFRVCYKSYCRYKCR,HydrAMP_epoch37,0.6666666666666667,True
vae_ana_01558,RRWCFRVCYWGFCRYKCR,HydrAMP_epoch37,0.6666666666666667,True
vae_ana_01559,RRWCFRVCYWVYCRYKCR,HydrAMP_epoch37,0.6111111111111112,True
vae_ana_01560,RRWCIRVCRKGFCRYKCR,HydrAMP_epoch37,0.6285714285714286,True
vae_ana_01561,RRWFFRVCRWSCCRYKCR,HydrAMP_epoch37,0.6111111111111112,True
vae_ana_01562,RRWFFRVCYKGFCRYKCR,HydrAMP_epoch37,0.6666666666666667,True
vae_ana_01563,RRWFFRVCYKGYCRYKCR,HydrAMP_epoch37,0.6666666666666667,True
vae_ana_01564,GLFDVIKKVASVIKQN,HydrAMP_epoch37,0.896551724137931,False
vae_ana_01565,GLFDVLKKVASVIKKL,HydrAMP_epoch37,0.9375,False
vae_ana_01566,GLFEVIKKVASVIKWN,HydrAMP_epoch37,0.8275862068965517,False
vae_ana_01567,KKAAAHAAAAAFAAWAALAAAKKKK,HydrAMP_epoch37,0.9361702127659575,False
vae_ana_01568,KKAAAHAAAAAHAAWAALAAAKKKK,HydrAMP_epoch37,0.96,False
vae_ana_01569,KKAAAHAAAAAVAAWAAIAAAKKKK,HydrAMP_epoch37,0.9361702127659575,False
vae_ana_01570,KKAAAHAAAAAVAAWAALAAAKKKK,HydrAMP_epoch37,0.9361702127659575,False
vae_ana_01571,KKAAAHAAAAAVAAWAAVAAAKKKK,HydrAMP_epoch37,0.96,False
vae_ana_01572,KKAAAIAAAAAHAAWAALAAAKKKK,HydrAMP_epoch37,0.9361702127659575,False
vae_ana_01573,KKAAAIAAAAAVAAWAAIAAAKKKK,HydrAMP_epoch37,0.96,False
vae_ana_01574,KKAAAIAAAAAVAAWAALAAAKKKK,HydrAMP_epoch37,0.9361702127659575,False
vae_ana_01575,KKAAAVAAAAAFAAWAAIAAAKKKK,HydrAMP_epoch37,0.9361702127659575,False
vae_ana_01576,KKAAAVAAAAAHAAWAAIAAAKKKK,HydrAMP_epoch37,0.9361702127659575,False
vae_ana_01577,KKAAAVAAAAAHAAWAALAAAKKKK,HydrAMP_epoch37,0.9361702127659575,False
vae_ana_01578,KKAAAVAAAAAVAAWAAIAAAKKKK,HydrAMP_epoch37,0.96,False
vae_ana_01580,KKAGAVAAAAAFAAWAALAAAKKKK,HydrAMP_epoch37,0.8936170212765957,False
vae_ana_01581,KNAAAVAAAAAVAAWAALAAAKKKK,HydrAMP_epoch37,0.92,False
vae_ana_01582,AFHKLAHKLLKKLIRAVWKLAN,HydrAMP_epoch37,0.8636363636363636,False
vae_ana_01583,AIHKLAHKLLKKELRAVKKLAN,HydrAMP_epoch37,0.9545454545454546,False
vae_ana_01584,AIHKLAHKLLKKLIRAVKKLAN,HydrAMP_epoch37,0.9545454545454546,False
vae_ana_01585,AIHKLAHKLLKKLLQAVKKLAN,HydrAMP_epoch37,0.9545454545454546,False
vae_ana_01586,AIHKLAHKLLKKLLRAVKKLLAN,HydrAMP_epoch37,0.9777777777777777,False
vae_ana_01587,AIHKLAVKLLKKLLRAVKKLAN,HydrAMP_epoch37,0.9545454545454546,False
vae_ana_01588,AIHKLGHKLLKKLLRAVKKLAE,HydrAMP_epoch37,0.9090909090909091,False
vae_ana_01589,AIHKLGHKLLKKLLRAVKKLAN,HydrAMP_epoch37,0.9545454545454546,False
vae_ana_01590,AIHWLAHKLLKKLLRAVKKLAN,HydrAMP_epoch37,0.9545454545454546,False
vae_ana_01591,AIVKLAHKLLKKLIRAVKKLAN,HydrAMP_epoch37,0.9090909090909091,False
vae_ana_01592,AIVKLAHKLLKKLLRAVKKLAN,HydrAMP_epoch37,0.9545454545454546,False
vae_ana_01593,AIVKLAVKLLKKLNRAVKKLAK,HydrAMP_epoch37,0.8181818181818181,False
vae_ana_01594,AIVKLGHKLLKKLNRAVKKLAN,HydrAMP_epoch37,0.8636363636363636,False
vae_ana_01595,APVKLAHKLLKKLLRAGKKLAN,HydrAMP_epoch37,0.8636363636363636,False
vae_ana_01596,KWKGFIKKLLSKFLHSADKF,HydrAMP_epoch37,0.9,False
vae_ana_01597,KWKSFIKKLLGKFLCSAAKF,HydrAMP_epoch37,0.85,False
vae_ana_01598,KWKSFIKKLLGKFLCSADKF,HydrAMP_epoch37,0.85,False
vae_ana_01599,KWKSFIKKLLGKFLHEAAKF,HydrAMP_epoch37,0.85,False
vae_ana_01600,KWKSFIKKLLGKFLHSAAKF,HydrAMP_epoch37,0.9,False
vae_ana_01601,KWKSFIKKLLSKFLHEADKF,HydrAMP_epoch37,0.9,False
vae_ana_01602,KWKSFIKKLLSKFLHSADKF,HydrAMP_epoch37,0.95,False
vae_ana_01603,KWKSFIKKLLSKFLHSMAKF,HydrAMP_epoch37,0.95,False
vae_ana_01604,KWKSFIKKLTSKFLCSAAKF,HydrAMP_epoch37,0.9,False
vae_ana_01605,KWKSFIKKLTSKFLHDAAKF,HydrAMP_epoch37,0.9,False
vae_ana_01606,KWKSFIKKLTSKFLHEAAKF,HydrAMP_epoch37,0.9,False
vae_ana_01607,KWKSFIKKLTSKFLHSAAKF,HydrAMP_epoch37,0.95,False
vae_ana_01608,KWKSFIKKLTSKFLHSADKKF,HydrAMP_epoch37,0.975609756097561,False
vae_ana_01609,KWKSFIKKLTSKFLHTAAKF,HydrAMP_epoch37,0.9,False
vae_ana_01610,KWKSFIKKNTSKFLCSAAKF,HydrAMP_epoch37,0.85,False
vae_ana_01611,KWKSYIKKLTSKFLCSAAKF,HydrAMP_epoch37,0.85,False
vae_ana_01612,KWKTFIKKLLGKFLHSAAKF,HydrAMP_epoch37,0.85,False
vae_ana_01613,KWKTFIKKLLSKFLHSASKF,HydrAMP_epoch37,0.9,False
vae_ana_01614,KWKTFIKKLLSKFLHSMDKF,HydrAMP_epoch37,0.85,False
vae_ana_01615,KWKTFIKKLTSKFLHSAAKQ,HydrAMP_epoch37,0.85,False
vae_ana_01616,RILSILRCKKLLKL,HydrAMP_epoch37,0.7692307692307692,True
vae_ana_01617,FLKWKWPWWYWR,HydrAMP_epoch37,0.8,True
vae_ana_01618,HLKWWWPWWPWRR,HydrAMP_epoch37,0.8461538461538461,False
vae_ana_01619,ILKWKWIWWPRRR,HydrAMP_epoch37,0.8461538461538461,False
vae_ana_01620,ILKWKWPWWPKRR,HydrAMP_epoch37,0.923076923076923,False
vae_ana_01621,ILKWKWPWWPRRR,HydrAMP_epoch37,0.923076923076923,False
vae_ana_01622,ILKWKWPWWPWR,HydrAMP_epoch37,0.96,False
vae_ana_01623,ILKWKWPWWPWWR,HydrAMP_epoch37,0.923076923076923,False
vae_ana_01624,ILKWKWPWWYWRR,HydrAMP_epoch37,0.923076923076923,False
vae_ana_01625,ILNWWWPWWKQRR,HydrAMP_epoch37,0.782608695652174,True
vae_ana_01627,INWWKWPWWPWRRF,HydrAMP_epoch37,0.8888888888888888,False
vae_ana_01628,TLNWKWPWWPWRR,HydrAMP_epoch37,0.923076923076923,False
vae_ana_01629,FRWRRWWRRWRR,HydrAMP_epoch37,0.9166666666666665,False
vae_ana_01630,QRWRRWWRRWRR,HydrAMP_epoch37,0.9166666666666665,False
vae_ana_01631,RRRRRRWRRQRR,HydrAMP_epoch37,0.9090909090909091,False
vae_ana_01632,RRWRRRWRRWRR,HydrAMP_epoch37,0.9565217391304348,False
vae_ana_01633,RRWRRWQRRWRR,HydrAMP_epoch37,0.9565217391304348,False
vae_ana_01634,RRWRRWWRRRR,HydrAMP_epoch37,0.9565217391304348,False
vae_ana_01635,RRWRRWWRRRRR,HydrAMP_epoch37,0.9166666666666665,False
vae_ana_01636,RRWRRWWRRWRRF,HydrAMP_epoch37,0.96,False
vae_ana_01637,RRWRRWWRRWRRP,HydrAMP_epoch37,0.96,False
vae_ana_01638,RRWRRWWRRWRRQ,HydrAMP_epoch37,0.96,False
vae_ana_01639,RRWRRWWRRWRY,HydrAMP_epoch37,0.9166666666666665,False
vae_ana_01640,LLLFLLKKRKKRKF,HydrAMP_epoch37,0.9285714285714286,False
vae_ana_01641,LLLFLLKKRKKRKR,HydrAMP_epoch37,0.9285714285714286,False
vae_ana_01642,LLLFLLKKRKKRKRF,HydrAMP_epoch37,0.896551724137931,False
vae_ana_01643,LLLFLLKKRKKRKYF,HydrAMP_epoch37,0.9655172413793103,False
vae_ana_01644,LLLFLLKKRWKRK,HydrAMP_epoch37,0.8888888888888888,False
vae_ana_01645,LLLFLLKWRKKRKY,HydrAMP_epoch37,0.9285714285714286,False
vae_ana_01646,LLLFLLKWRWKRK,HydrAMP_epoch37,0.814814814814815,False
vae_ana_01647,LLLFLLWKRKWRKY,HydrAMP_epoch37,0.8571428571428572,False
vae_ana_01648,LLLYLLKKRKKRKY,HydrAMP_epoch37,0.9285714285714286,False
vae_ana_01649,LLLYLLKKRKKRKYF,HydrAMP_epoch37,0.896551724137931,False
vae_ana_01650,LLLYLLWKRKKRKY,HydrAMP_epoch37,0.8571428571428572,False
vae_ana_01651,RRCKIVVIRVCR,HydrAMP_epoch37,0.9166666666666665,False
vae_ana_01652,RRCPFVVIRVCR,HydrAMP_epoch37,0.9166666666666665,False
vae_ana_01653,RRCPNVVIRVCR,HydrAMP_epoch37,0.9166666666666665,False
vae_ana_01654,RRCPTVVIRVCR,HydrAMP_epoch37,0.9166666666666665,False
vae_ana_01655,RRCQIVVIRVCR,HydrAMP_epoch37,0.9166666666666665,False
vae_ana_01656,RRCYIVVIRVCR,HydrAMP_epoch37,0.9166666666666665,False
vae_ana_01657,RRFKIVVIRVCR,HydrAMP_epoch37,0.8695652173913043,False
vae_ana_01658,RWCQIVVIRVCR,HydrAMP_epoch37,0.8695652173913043,False
vae_ana_01659,GCRRWKKCRWRFRGWYKFWCG,HydrAMP_epoch37,0.8095238095238095,False
vae_ana_01660,GCRRWKKCRWRYRGWKKFRVG,HydrAMP_epoch37,0.7619047619047619,True
vae_ana_01661,GCRRWKKFQWRYRGWYKFRCG,HydrAMP_epoch37,0.8095238095238095,False
vae_ana_01662,GCRRWKKFRWRFRGKYKFRCG,HydrAMP_epoch37,0.8095238095238095,False
vae_ana_01663,GCRRWKKFRWRFRGWFKFWCG,HydrAMP_epoch37,0.8571428571428572,False
vae_ana_01664,GCRRWKKFRWRFRGWYKFRCG,HydrAMP_epoch37,0.8095238095238095,False
vae_ana_01665,GCRRWKKFRWRFRGWYKFWCG,HydrAMP_epoch37,0.8571428571428572,False
vae_ana_01666,GCRRWKKFRWRFRGWYKFWFG,HydrAMP_epoch37,0.8571428571428572,False
vae_ana_01667,GCRRWKKFRWRFRGWYKKWCG,HydrAMP_epoch37,0.8095238095238095,False
vae_ana_01668,GCRRWKKFRWRYRGKFKFWCG,HydrAMP_epoch37,0.9523809523809522,False
vae_ana_01669,GCRRWKKFRWRYRGKYKKWCG,HydrAMP_epoch37,0.8571428571428572,False
vae_ana_01670,GCRRWKKFRWRYRGKYWFWCG,HydrAMP_epoch37,0.9523809523809522,False
vae_ana_01671,GCRRWKKFRWRYRGWFKFRCG,HydrAMP_epoch37,0.8571428571428572,False
vae_ana_01672,GCRRWKKFRWRYRGWFKFWCG,HydrAMP_epoch37,0.9047619047619048,False
vae_ana_01673,GCRRWKKFRWRYRGWYKFRCG,HydrAMP_epoch37,0.8571428571428572,False
vae_ana_01674,GCRRWKKFRWRYRGWYKFWCG,HydrAMP_epoch37,0.9047619047619048,False
vae_ana_01675,RILGILRHQNLLKEIWGLALKAAEK,HydrAMP_epoch37,0.7346938775510203,True
vae_ana_01676,RILSILRFQKLLKEIKGLALKAAL,HydrAMP_epoch37,0.7272727272727273,True
vae_ana_01677,RILSILRHQNLLKELWALALKAAEK,HydrAMP_epoch37,0.8163265306122449,False
vae_ana_01678,RILSILRHQNLLKELWGLALKFAL,HydrAMP_epoch37,0.8181818181818181,False
vae_ana_01679,RILSILRHQNLLKELWGLALKGAK,HydrAMP_epoch37,0.875,False
vae_ana_01680,RILSILRHRKLLKELWGLALKAASK,HydrAMP_epoch37,0.7346938775510203,True
vae_ana_01681,RILSILRHRKLLKELWGLALKFAK,HydrAMP_epoch37,0.75,True
vae_ana_01682,RILSILRHRNLLKDNKGLAKKFAK,HydrAMP_epoch37,0.7083333333333333,True
vae_ana_01683,RILSILRHRNLLKELWGLALKGAK,HydrAMP_epoch37,0.8333333333333335,False
vae_ana_01684,RILSILRHRNLTKEIWGVALKAAL,HydrAMP_epoch37,0.6818181818181819,True
vae_ana_01685,RILVILRHQKLLKELWGLALKAAL,HydrAMP_epoch37,0.7272727272727273,True
vae_ana_01686,RILVILRHRKLLKEIWGVALKGAK,HydrAMP_epoch37,0.6666666666666667,True
vae_ana_01687,RILVILRHRNLLKEIWGLALKGAK,HydrAMP_epoch37,0.75,True
vae_ana_01688,FFWRRRIRIRR,HydrAMP_epoch37,0.9523809523809522,False
vae_ana_01689,IFWRRRIRIRR,HydrAMP_epoch37,0.9523809523809522,False
vae_ana_01690,KFWRRRIRIRR,HydrAMP_epoch37,0.9523809523809522,False
vae_ana_01691,KFWRRRIRPRR,HydrAMP_epoch37,0.8571428571428572,False
vae_ana_01692,PCWRRRIRLRR,HydrAMP_epoch37,0.8181818181818181,False
vae_ana_01693,PFWRRRFRPRR,HydrAMP_epoch37,0.8181818181818181,False
vae_ana_01694,PFWRRRIRFRR,HydrAMP_epoch37,0.9090909090909091,False
vae_ana_01695,PFWRRRIRIRRK,HydrAMP_epoch37,0.9565217391304348,False
vae_ana_01696,PFWRRRPRIRR,HydrAMP_epoch37,0.9090909090909091,False
vae_ana_01697,PHWRRRIRIRRK,HydrAMP_epoch37,0.8695652173913043,False
vae_ana_01698,PIWRRWIRFRR,HydrAMP_epoch37,0.736842105263158,True
vae_ana_01699,PYWRRRIRIRR,HydrAMP_epoch37,0.9090909090909091,False
vae_ana_01700,QFWRRRIRIRR,HydrAMP_epoch37,0.9523809523809522,False
vae_ana_01701,FSLQAGATAIKQVKKLFKKWGW,HydrAMP_epoch37,0.9090909090909091,False
vae_ana_01702,RWRRWWRFFHHCFHH,HydrAMP_epoch37,0.8275862068965517,False
vae_ana_01703,RWRRWWRHFFCFY,HydrAMP_epoch37,0.814814814814815,False
vae_ana_01704,RWRRWWRHFHHCFH,HydrAMP_epoch37,0.9285714285714286,False
vae_ana_01705,RWRRWWRHFHHCFHF,HydrAMP_epoch37,0.896551724137931,False
vae_ana_01706,RWRRWWRHFHHFCF,HydrAMP_epoch37,0.9285714285714286,False
vae_ana_01707,RWRRWWRHFHHFFF,HydrAMP_epoch37,0.9285714285714286,False
vae_ana_01708,RWRRWWRHFHHFYI,HydrAMP_epoch37,0.8571428571428572,False
vae_ana_01709,RWRRWWRHFHICYHF,HydrAMP_epoch37,0.8275862068965517,False
vae_ana_01710,RWRRWWRHFICCYV,HydrAMP_epoch37,0.6428571428571428,True
vae_ana_01711,RWRRWWRHFIHFFF,HydrAMP_epoch37,0.8571428571428572,False
vae_ana_01712,RWRRWWRHFIHFFH,HydrAMP_epoch37,0.9285714285714286,False
vae_ana_01713,RWRRWWRHFIHFYC,HydrAMP_epoch37,0.7857142857142857,True
vae_ana_01714,RWRRWWRHYHHFYH,HydrAMP_epoch37,0.8571428571428572,False
vae_ana_01715,RWRRWWRVFFVFFHI,HydrAMP_epoch37,0.7586206896551724,True
vae_ana_01716,RWRRWWRVFHHFFH,HydrAMP_epoch37,0.9285714285714286,False
vae_ana_01717,RWRRWWRVFHIFFH,HydrAMP_epoch37,0.8571428571428572,False
vae_ana_01718,RWRRWWRVFICCFV,HydrAMP_epoch37,0.6451612903225806,True
vae_ana_01719,RWRRWWRVYHCFFC,HydrAMP_epoch37,0.7142857142857143,True
vae_ana_01720,DSHAKRHHVYKRKFCTKTISKRGY,HydrAMP_epoch37,0.75,True
vae_ana_01721,DSVAKRHHGYKRKYCLKTISKRGY,HydrAMP_epoch37,0.75,True
vae_ana_01722,GQWLLKFFKRF,HydrAMP_epoch37,0.6666666666666667,True
vae_ana_01723,VKKLLKIFKRF,HydrAMP_epoch37,0.8181818181818181,False
vae_ana_01724,VKQLIKIFKRF,HydrAMP_epoch37,0.8181818181818181,False
vae_ana_01725,VKQLIKIFNRF,HydrAMP_epoch37,0.9090909090909091,False
vae_ana_01726,VKQLLKIFKRF,HydrAMP_epoch37,0.9090909090909091,False
vae_ana_01727,VKQLLKIFKRH,HydrAMP_epoch37,0.8181818181818181,False
vae_ana_01728,VKRLLKIFNRFP,HydrAMP_epoch37,0.8695652173913043,False
vae_ana_01729,VKWLLKIFNR,HydrAMP_epoch37,0.8571428571428572,False
vae_ana_01730,VKWLLKIFNRF,HydrAMP_epoch37,0.9090909090909091,False
vae_ana_01731,FAEKALKKLKKALKKAL,HydrAMP_epoch37,0.9411764705882352,False
vae_ana_01732,FAEKALKWLWKALWKSDL,HydrAMP_epoch37,0.7272727272727273,True
vae_ana_01733,FALKALKKLKKALKKAEL,HydrAMP_epoch37,0.9714285714285714,False
vae_ana_01734,FALKALKKLKKALKWAL,HydrAMP_epoch37,0.9411764705882352,False
vae_ana_01735,FALKALKKLKKATKKAL,HydrAMP_epoch37,0.9411764705882352,False
vae_ana_01736,FALKALKKLKKAVKKAL,HydrAMP_epoch37,0.9411764705882352,False
vae_ana_01737,FALKALKKLWKALKKAL,HydrAMP_epoch37,0.9411764705882352,False
vae_ana_01738,FALKALKWLKKAIKKDL,HydrAMP_epoch37,0.8235294117647058,False
vae_ana_01739,FALWALKKLKKALKKAL,HydrAMP_epoch37,0.9411764705882352,False
vae_ana_01740,FASKALKKLKKALKKAL,HydrAMP_epoch37,0.9411764705882352,False
vae_ana_01741,FATKALKKLKKAIKKAL,HydrAMP_epoch37,0.8823529411764706,False
vae_ana_01742,FATKALKKLKKASKKAL,HydrAMP_epoch37,0.8823529411764706,False
vae_ana_01743,FDEKALKKLKKALKKAL,HydrAMP_epoch37,0.8823529411764706,False
vae_ana_01744,HALKALKKLKKAIKKAL,HydrAMP_epoch37,0.8823529411764706,False
vae_ana_01745,HALKALKKLKKALKKAL,HydrAMP_epoch37,0.9411764705882352,False
vae_ana_01746,ILFWKKKKKFWRR,HydrAMP_epoch37,0.7692307692307692,True
vae_ana_01747,ILFWKKPKWFWRR,HydrAMP_epoch37,0.7692307692307692,True
vae_ana_01748,ILFWKKPKWPWRR,HydrAMP_epoch37,0.8461538461538461,False
vae_ana_01749,ILIWKKPKWPWRR,HydrAMP_epoch37,0.8461538461538461,False
vae_ana_01750,ILIWKWYNWPRRR,HydrAMP_epoch37,0.7692307692307692,True
vae_ana_01751,ILKWKKPKKPWRR,HydrAMP_epoch37,0.923076923076923,False
vae_ana_01752,ILPWKKIKKPWRR,HydrAMP_epoch37,0.923076923076923,False
vae_ana_01753,ILPWKKPKKFWRR,HydrAMP_epoch37,0.923076923076923,False
vae_ana_01754,ILPWKKPKWPKRR,HydrAMP_epoch37,0.923076923076923,False
vae_ana_01755,ILPWKKPKWPWRR,HydrAMP_epoch37,0.923076923076923,False
vae_ana_01756,ILPWKKPWKPWRR,HydrAMP_epoch37,0.923076923076923,False
vae_ana_01757,ILPWKKYKKPRRR,HydrAMP_epoch37,0.8461538461538461,False
vae_ana_01758,INQWKKPKKPWRR,HydrAMP_epoch37,0.8461538461538461,False
vae_ana_01759,ITPWKKPKKPWRR,HydrAMP_epoch37,0.923076923076923,False
vae_ana_01760,NLKWKKPKKPWRR,HydrAMP_epoch37,0.8461538461538461,False
vae_ana_01761,PLPWKKFKWPWRR,HydrAMP_epoch37,0.8,True
vae_ana_01762,TLKWKKPKWQWRR,HydrAMP_epoch37,0.7272727272727273,True
vae_ana_01763,KKIKKKAAFAAWAAFAA,HydrAMP_epoch37,0.9411764705882352,False
vae_ana_01764,KKKKKKAAFAAKAAFAA,HydrAMP_epoch37,0.9411764705882352,False
vae_ana_01765,KKKKKKAAFAAWAAFA,HydrAMP_epoch37,0.9696969696969697,False
vae_ana_01766,KKKKKKAAFAAWAGFA,HydrAMP_epoch37,0.9090909090909091,False
vae_ana_01767,KKKKKKAAFAAWAGFAA,HydrAMP_epoch37,0.9411764705882352,False
vae_ana_01768,KKKKKKAAFDAWAAFA,HydrAMP_epoch37,0.9090909090909091,False
vae_ana_01769,KKKKKNAAFAAWAAFAA,HydrAMP_epoch37,0.9411764705882352,False
vae_ana_01770,KKKWKKAAFAAWAAFAA,HydrAMP_epoch37,0.9411764705882352,False
vae_ana_01771,KKKWKKAAFAAWAGFAA,HydrAMP_epoch37,0.8823529411764706,False
vae_ana_01772,KKNKKKAAFAAWAAFAA,HydrAMP_epoch37,0.9411764705882352,False
vae_ana_01773,KKWKKKAAFAAWAAFAA,HydrAMP_epoch37,0.9411764705882352,False
vae_ana_01774,KKWKKKAAFAAWAGFAA,HydrAMP_epoch37,0.8823529411764706,False
vae_ana_01775,AWASMAKKLKEFMEKLKQRA,HydrAMP_epoch37,0.9,False
vae_ana_01776,AWASMAKKLKEYMEKLKQRA,HydrAMP_epoch37,0.95,False
vae_ana_01777,GWMSMAKKLKEFMEKLKQRA,HydrAMP_epoch37,0.85,False
vae_ana_01778,SWASMAKKLKEFMEKLKQRA,HydrAMP_epoch37,0.95,False
vae_ana_01779,SWASMAKKLKEYMEKLKWRA,HydrAMP_epoch37,0.95,False
vae_ana_01780,SWATGAKKLKEYMLKLKQRA,HydrAMP_epoch37,0.85,False
vae_ana_01781,SWATMAKKLKDFMEKLKQRA,HydrAMP_epoch37,0.85,False
vae_ana_01782,SWATMAKKLKEYMEKLKQRA,HydrAMP_epoch37,0.95,False
vae_ana_01783,SWATMAKKLKEYMEKLKRRA,HydrAMP_epoch37,0.9,False
vae_ana_01784,SWAVMAKKLKEYMLKLKQRA,HydrAMP_epoch37,0.9,False
vae_ana_01785,KLCKRWKHLFR,HydrAMP_epoch37,0.9090909090909091,False
vae_ana_01786,KLCWRWWFLFR,HydrAMP_epoch37,0.7,True
vae_ana_01787,KLFKRWKFLFR,HydrAMP_epoch37,0.9090909090909091,False
vae_ana_01788,KLFKRWKFLYR,HydrAMP_epoch37,0.8181818181818181,False
vae_ana_01789,KLFKRWKHLCR,HydrAMP_epoch37,0.9090909090909091,False
vae_ana_01790,KLFKRWKHLFRK,HydrAMP_epoch37,0.9565217391304348,False
vae_ana_01791,KLFKRWKHLYR,HydrAMP_epoch37,0.9090909090909091,False
vae_ana_01792,KLFKRWKHNFR,HydrAMP_epoch37,0.9090909090909091,False
vae_ana_01793,KLFKRWKVLFR,HydrAMP_epoch37,0.9090909090909091,False
vae_ana_01794,KLFKRWQHLHR,HydrAMP_epoch37,0.8181818181818181,False
vae_ana_01795,KLFKRWQVLYR,HydrAMP_epoch37,0.7272727272727273,True
vae_ana_01796,KLFWRWKVLFR,HydrAMP_epoch37,0.8181818181818181,False
vae_ana_01797,KLFWRWQFLYR,HydrAMP_epoch37,0.6666666666666667,True
vae_ana_01798,KLPKRWKVLFRR,HydrAMP_epoch37,0.782608695652174,True
vae_ana_01799,KLYKRWKHLFR,HydrAMP_epoch37,0.9090909090909091,False
vae_ana_01800,KWAKKQKWFAKAAKKWKYNK,HydrAMP_epoch37,0.8205128205128205,False
vae_ana_01801,KWAKKWKWFAKAAKKWKFKW,HydrAMP_epoch37,0.8717948717948718,False
vae_ana_01802,KWAKKWKWFAKAAKKWYKK,HydrAMP_epoch37,0.9473684210526316,False
vae_ana_01803,KWAKKWKWFAKAAWKRKKK,HydrAMP_epoch37,0.8947368421052632,False
vae_ana_01804,KWAKKWKWFAKAAWKRKWK,HydrAMP_epoch37,0.8947368421052632,False
vae_ana_01805,KWAKKWKWFAKAAWKWFKK,HydrAMP_epoch37,0.9473684210526316,False
vae_ana_01806,KWAKKWKWFAKAAWKWKKK,HydrAMP_epoch37,0.9473684210526316,False
vae_ana_01807,KWAKKWKWFAKAAWKWKKKK,HydrAMP_epoch37,0.923076923076923,False
vae_ana_01808,KWAKKWKWFAKAAWKWPKK,HydrAMP_epoch37,0.9473684210526316,False
vae_ana_01809,KWAKKWKWFAKAMWKRKKK,HydrAMP_epoch37,0.8421052631578947,False
vae_ana_01810,KWAKKWKWFAKSAWKRKKK,HydrAMP_epoch37,0.8421052631578947,False
vae_ana_01811,KWAKKWKWFDKAAWKWYKK,HydrAMP_epoch37,0.9473684210526316,False
vae_ana_01812,KWAKKWKWPAKAMWKRFKK,HydrAMP_epoch37,0.7894736842105263,True
vae_ana_01813,KWAKKWKWYAKAAKKWYKK,HydrAMP_epoch37,0.8947368421052632,False
vae_ana_01814,KWAWKKKWFDKAAWKRYKK,HydrAMP_epoch37,0.8421052631578947,False
vae_ana_01815,KWMKKKKWFAKAAKKRKKK,HydrAMP_epoch37,0.736842105263158,True
vae_ana_01816,KWMKKWKWFAKAAWKWKKK,HydrAMP_epoch37,0.8947368421052632,False
vae_ana_01817,KWMKKWKWFAKAAWKWYKK,HydrAMP_epoch37,0.9473684210526316,False
vae_ana_01818,KWMKKWKWPAKAGWKWFKK,HydrAMP_epoch37,0.7894736842105263,True
vae_ana_01819,NWMKKWKWPAKAAKKRKKK,HydrAMP_epoch37,0.6875,True
vae_ana_01820,RAGLQFKVGRLLRRILRRLIR,HydrAMP_epoch37,0.8571428571428572,False
vae_ana_01821,RAGLQFKVGRLLRRLLRRLNR,HydrAMP_epoch37,0.9047619047619048,False
vae_ana_01822,RAGLQFPHGRLLRRLLRRLLR,HydrAMP_epoch37,0.9523809523809522,False
vae_ana_01823,RAGLQFPVGQLLRRLLRRLIR,HydrAMP_epoch37,0.9047619047619048,False
vae_ana_01824,RAGLQFPVGRLLRRLLRRKIR,HydrAMP_epoch37,0.9047619047619048,False
vae_ana_01825,RAGLQFPVGRLLRRLLRRLIR,HydrAMP_epoch37,0.9523809523809522,False
vae_ana_01826,RAGLQFPVGRLLRRLLRRLKR,HydrAMP_epoch37,0.9523809523809522,False
vae_ana_01827,RAGLQFPVGRLLRRLLRRLNR,HydrAMP_epoch37,0.9523809523809522,False
vae_ana_01828,RAGLQFQVGRLLRRLLRRLLR,HydrAMP_epoch37,0.9523809523809522,False
vae_ana_01829,RAGLQYPVGRLLRRLLRRLKR,HydrAMP_epoch37,0.9047619047619048,False
vae_ana_01830,RDGLQYPVGRLLRRLLRRLKR,HydrAMP_epoch37,0.8571428571428572,False
vae_ana_01831,EFKRIVKRIKDFLRNLV,HydrAMP_epoch37,0.9411764705882352,False
vae_ana_01832,EFKRIVQRIKDFLRKLV,HydrAMP_epoch37,0.9411764705882352,False
vae_ana_01833,EFKRIVQRIKDFLRNLH,HydrAMP_epoch37,0.9411764705882352,False
vae_ana_01834,KRWRIRVRVFRK,HydrAMP_epoch37,0.9166666666666665,False
vae_ana_01835,KRWRIRVRVKRK,HydrAMP_epoch37,0.9166666666666665,False
vae_ana_01836,KRWRIRVRVLRK,HydrAMP_epoch37,0.9166666666666665,False
vae_ana_01837,KRWRIRVRVNRK,HydrAMP_epoch37,0.9166666666666665,False
vae_ana_01838,KRWRIRVRVPRK,HydrAMP_epoch37,0.9166666666666665,False
vae_ana_01839,KRWRIRVRVPRW,HydrAMP_epoch37,0.8333333333333335,False
vae_ana_01840,KRWRLRVRVIRK,HydrAMP_epoch37,0.9166666666666665,False
vae_ana_01841,KRWRLRVRVIRKL,HydrAMP_epoch37,0.88,False
vae_ana_01842,KRWRNRVRSIRK,HydrAMP_epoch37,0.8333333333333335,False
vae_ana_01843,NRWRIRVRHFRK,HydrAMP_epoch37,0.75,True
vae_ana_01844,NRWRIRVRVIRK,HydrAMP_epoch37,0.9166666666666665,False
vae_ana_01845,KWKKFKKFGAVLKVI,HydrAMP_epoch37,0.8666666666666667,False
vae_ana_01846,KWKKFKKFGGVIKVL,HydrAMP_epoch37,0.8,True
vae_ana_01847,KWKKFKKIGAVLKCK,HydrAMP_epoch37,0.9333333333333332,False
vae_ana_01848,KWKKFKKIGAVLKGL,HydrAMP_epoch37,0.9333333333333332,False
vae_ana_01849,KWKKFKKIGAVLKHL,HydrAMP_epoch37,0.9333333333333332,False
vae_ana_01850,KWKKFKKIGAVLKVI,HydrAMP_epoch37,0.9333333333333332,False
vae_ana_01851,KWKKFKKIGAVLKVK,HydrAMP_epoch37,0.9333333333333332,False
vae_ana_01852,KWKKFKKIGDVLKVN,HydrAMP_epoch37,0.8666666666666667,False
vae_ana_01853,KWKKFKKIGSVLKVL,HydrAMP_epoch37,0.9333333333333332,False
vae_ana_01854,KWKKFKKISAVLKVL,HydrAMP_epoch37,0.9333333333333332,False
vae_ana_01855,KWKKFKKIVAVLKVI,HydrAMP_epoch37,0.8666666666666667,False
vae_ana_01856,KWKKFKKLGAVLKVL,HydrAMP_epoch37,0.9333333333333332,False
vae_ana_01857,KWKKPKKIGAVLKVL,HydrAMP_epoch37,0.9333333333333332,False
vae_ana_01858,KWKQFKKIGAVLKHLL,HydrAMP_epoch37,0.8387096774193549,False
vae_ana_01859,NWKKFKKIGAVLKVL,HydrAMP_epoch37,0.9333333333333332,False
vae_ana_01860,WWKKFKKHGAVLKVL,HydrAMP_epoch37,0.8666666666666667,False
vae_ana_01861,FKQLLVFFRRF,HydrAMP_epoch37,0.7272727272727273,True
vae_ana_01862,IKKILVCFRRC,HydrAMP_epoch37,0.6086956521739131,True
vae_ana_01863,IKQLLHCFRRF,HydrAMP_epoch37,0.8181818181818181,False
vae_ana_01864,IKQLLHFFRRF,HydrAMP_epoch37,0.9090909090909091,False
vae_ana_01865,IKQLLHFFWRF,HydrAMP_epoch37,0.9090909090909091,False
vae_ana_01866,IKQLLHHFRRH,HydrAMP_epoch37,0.7272727272727273,True
vae_ana_01867,IKWLLHFFRRF,HydrAMP_epoch37,0.8181818181818181,False
vae_ana_01868,IKWLLHFFWRF,HydrAMP_epoch37,0.8181818181818181,False
vae_ana_01869,IKWLLHFFWRY,HydrAMP_epoch37,0.7272727272727273,True
vae_ana_01870,IKWLLHFQWRH,HydrAMP_epoch37,0.7272727272727273,True
vae_ana_01871,LKQLLVFFWRF,HydrAMP_epoch37,0.7272727272727273,True
vae_ana_01872,TKKLLHFPWRF,HydrAMP_epoch37,0.6363636363636364,True
vae_ana_01873,RRIFRKIFHIHKK,HydrAMP_epoch37,0.7692307692307692,True
vae_ana_01874,RRIIQKIIVIIKK,HydrAMP_epoch37,0.8461538461538461,False
vae_ana_01875,RRIIRKHIHIIKK,HydrAMP_epoch37,0.923076923076923,False
vae_ana_01876,RRIIRKIHHIIWK,HydrAMP_epoch37,0.88,False
vae_ana_01877,RRIIRKIIHHIKK,HydrAMP_epoch37,0.923076923076923,False
vae_ana_01878,RRIIRKIIHIFKKK,HydrAMP_epoch37,0.8888888888888888,False
vae_ana_01879,RRIIRKIIHTIKK,HydrAMP_epoch37,0.923076923076923,False
vae_ana_01880,RRIIWKHIHIIKK,HydrAMP_epoch37,0.8461538461538461,False
vae_ana_01881,RRLIRKIIHIIKK,HydrAMP_epoch37,0.923076923076923,False
vae_ana_01882,RRNPRKIPHIIKK,HydrAMP_epoch37,0.7692307692307692,True
vae_ana_01883,RRPFRKIIHIIKK,HydrAMP_epoch37,0.8461538461538461,False
vae_ana_01884,RRPIRKIIHIIKK,HydrAMP_epoch37,0.923076923076923,False
vae_ana_01885,RRTFRKIIHIIKK,HydrAMP_epoch37,0.8461538461538461,False
vae_ana_01886,RRTIRKIIHIIKK,HydrAMP_epoch37,0.923076923076923,False
vae_ana_01887,RRTIRKIIHIIQK,HydrAMP_epoch37,0.88,False
vae_ana_01888,GFGKFLHSAKKFAKAFGAEKMNS,HydrAMP_epoch37,0.8695652173913043,False
vae_ana_01889,GIGKFLCSAKKFAKAFVAEIMNS,HydrAMP_epoch37,0.9565217391304348,False
vae_ana_01890,GIGKFLHGAKKFAKAFGAEIMNS,HydrAMP_epoch37,0.9333333333333332,False
vae_ana_01891,GIGKFLHSAKKFAKAFGAEIMNS,HydrAMP_epoch37,0.9565217391304348,False
vae_ana_01892,GIGKFLHSAKKFAKAFGAEKMNS,HydrAMP_epoch37,0.9130434782608696,False
vae_ana_01893,GIGKFLHSAKKFAKAFVAEKMNE,HydrAMP_epoch37,0.9130434782608696,False
vae_ana_01894,GIGKFLHSAKKFAKAFVAEKMNS,HydrAMP_epoch37,0.9565217391304348,False
vae_ana_01895,GIGKILHSAKKFAKAFVAEIMNS,HydrAMP_epoch37,0.9565217391304348,False
vae_ana_01896,GIGKILHSAKKFAKAFVAEIMNT,HydrAMP_epoch37,0.9130434782608696,False
vae_ana_01897,GIGKILHSAKKFAKAFVAEKMNS,HydrAMP_epoch37,0.9130434782608696,False
vae_ana_01898,DKRFEKKHKRFVGGRWRRRWF,HydrAMP_epoch37,0.7142857142857143,True
vae_ana_01899,LKRFLKKFKRCGGGRWRWRWF,HydrAMP_epoch37,0.9047619047619048,False
vae_ana_01900,LKRFLKKFKRFGGGRKRWRWF,HydrAMP_epoch37,0.9047619047619048,False
vae_ana_01901,LKRFLKKFKRFGGGRQRRRWF,HydrAMP_epoch37,0.8571428571428572,False
vae_ana_01902,LKRFLKKFKRFGGGRWRRRWF,HydrAMP_epoch37,0.9047619047619048,False
vae_ana_01903,LKRFLKKHWRFGGGRWRRRWF,HydrAMP_epoch37,0.8571428571428572,False
vae_ana_01904,LKRFLKQFKRFGGGRWRWRWF,HydrAMP_epoch37,0.9523809523809522,False
vae_ana_01905,LKRFLKWCKRFGGGRWRRRWF,HydrAMP_epoch37,0.9047619047619048,False
vae_ana_01906,LKRFLKWCWRFGGGRWRRRWF,HydrAMP_epoch37,0.8571428571428572,False
vae_ana_01907,LKRFLKWFKRFGGGRKRRRWF,HydrAMP_epoch37,0.9047619047619048,False
vae_ana_01908,LKRFLKWFKRFGGGRQRRRWF,HydrAMP_epoch37,0.9047619047619048,False
vae_ana_01909,LKRFLKWFKRFGGGRWRRRWF,HydrAMP_epoch37,0.9523809523809522,False
vae_ana_01910,LKRFLKWFKRFVGGRWRRRWF,HydrAMP_epoch37,0.9047619047619048,False
vae_ana_01911,LKRFLKWFWRFGGGRKRRRWF,HydrAMP_epoch37,0.8571428571428572,False
vae_ana_01912,LKRFLKWFWRFGGGRWRRRWF,HydrAMP_epoch37,0.9047619047619048,False
vae_ana_01913,LKRFLKWFWRFGGMRQRRRWF,HydrAMP_epoch37,0.8095238095238095,False
vae_ana_01914,LKRFLKWHKRFGGGRKRWRWF,HydrAMP_epoch37,0.9047619047619048,False
vae_ana_01915,LKRFLKWHWRFGGGRWRRRQY,HydrAMP_epoch37,0.7619047619047619,True
vae_ana_01916,LKRFLWWFKRFGGGRWRRRWF,HydrAMP_epoch37,0.9047619047619048,False
vae_ana_01917,LKRPLKWFKRFGGGRWRWRWF,HydrAMP_epoch37,0.9523809523809522,False
vae_ana_01918,LKRPLKWHKRFGGGRWRRRWF,HydrAMP_epoch37,0.8571428571428572,False
vae_ana_01919,LKRYLKWFKRFGGGRKRRRWF,HydrAMP_epoch37,0.8571428571428572,False
vae_ana_01920,LKRYLKWFKRFGGGRWRWRWF,HydrAMP_epoch37,0.9523809523809522,False
vae_ana_01921,KIGKKIMRIFLRRISKAILTGKK,HydrAMP_epoch37,0.8695652173913043,False
vae_ana_01922,KISKKIGRIFLRRISKAFLSGKK,HydrAMP_epoch37,0.782608695652174,True
vae_ana_01923,KISKKIMRIFLRRISKAFLTGKK,HydrAMP_epoch37,0.8695652173913043,False
vae_ana_01924,KISKKIMRIFLRRITKAFLLGKK,HydrAMP_epoch37,0.8095238095238095,False
vae_ana_01925,KISKKIMRIFLRRITKAFLTGKK,HydrAMP_epoch37,0.8571428571428572,False
vae_ana_01926,KISKKIMRIFLRRIVKDFLLGKK,HydrAMP_epoch37,0.826086956521739,False
vae_ana_01927,KISKKIMRIFLRRIVKDFLTGKK,HydrAMP_epoch37,0.8695652173913043,False
vae_ana_01928,KISKKIMRLFLRRITKAFLTGKK,HydrAMP_epoch37,0.8571428571428572,False
vae_ana_01929,KISKKIMRLFLRRIVKDFLTGKK,HydrAMP_epoch37,0.8695652173913043,False
vae_ana_01930,KISKKIMRTFLRRISKAFLTGKK,HydrAMP_epoch37,0.9130434782608696,False
vae_ana_01931,KISKKIMRTFLRRISKAILTGKK,HydrAMP_epoch37,0.9565217391304348,False
vae_ana_01932,KISKKIMRTFLRRITKAFLTGKK,HydrAMP_epoch37,0.9047619047619048,False
vae_ana_01933,KISKKIMRTFLRRIVKAFLTGKK,HydrAMP_epoch37,0.9047619047619048,False
vae_ana_01934,KISKKIMRTFLRRIVKDILTGKK,HydrAMP_epoch37,0.9565217391304348,False
vae_ana_01935,GINRFVYTPQPRPPHPL,HydrAMP_epoch37,0.8235294117647058,False
vae_ana_01936,GNKRPVYIPQPRPPHPL,HydrAMP_epoch37,0.9411764705882352,False
vae_ana_01937,GNKRPVYIPWYRFPHPL,HydrAMP_epoch37,0.7878787878787878,True
vae_ana_01938,GNNRPVYIKYPRPPCPL,HydrAMP_epoch37,0.8484848484848484,False
vae_ana_01939,GNNRPVYIPQPRPPCPL,HydrAMP_epoch37,0.9411764705882352,False
vae_ana_01940,GNNRPVYTPQPRPPHPL,HydrAMP_epoch37,0.9411764705882352,False
vae_ana_01941,GAKKLAKLAKKLAKLALAL,HydrAMP_epoch37,0.9473684210526316,False
vae_ana_01942,GAKKLAKLAKKLAKLALAN,HydrAMP_epoch37,0.8947368421052632,False
vae_ana_01943,GAKKLAKLAKKLAKLALDL,HydrAMP_epoch37,0.8947368421052632,False
vae_ana_01944,HAKKLAKLAKKLAKLALAL,HydrAMP_epoch37,0.9473684210526316,False
vae_ana_01945,VAKKLAKLAKKLAKIALAL,HydrAMP_epoch37,0.9473684210526316,False
vae_ana_01946,VAKKLAKLAKKLAKLALAN,HydrAMP_epoch37,0.9473684210526316,False
vae_ana_01947,VAKKLAKLAKKLAKLALDDI,HydrAMP_epoch37,0.9189189189189189,False
vae_ana_01948,VAKKLAKLAKKLAKLALDL,HydrAMP_epoch37,0.9473684210526316,False
vae_ana_01949,VAKKLAKLAKKLAKLGLAL,HydrAMP_epoch37,0.9473684210526316,False
vae_ana_01950,VAKKLAKLAKKLAKLGLAN,HydrAMP_epoch37,0.8947368421052632,False
vae_ana_01951,VAKWLAKLAKKLAKLALAL,HydrAMP_epoch37,0.9473684210526316,False
vae_ana_01952,VANKLAKLAKKLAKLALDL,HydrAMP_epoch37,0.8947368421052632,False
vae_ana_01953,VGKKLAKLAKKLAKLGLAN,HydrAMP_epoch37,0.8421052631578947,False
vae_ana_01954,VGKKLAKLMKKLAKLGLAL,HydrAMP_epoch37,0.8421052631578947,False
vae_ana_01955,RHWCIWRR,HydrAMP_epoch37,0.875,False
vae_ana_01956,RIKHIWRR,HydrAMP_epoch37,0.875,False
vae_ana_01957,RIKVIKRR,HydrAMP_epoch37,0.875,False
vae_ana_01959,RIWVIWRRK,HydrAMP_epoch37,0.9411764705882352,False
vae_ana_01961,RLKGIWRR,HydrAMP_epoch37,0.7777777777777779,True
vae_ana_01962,RLKVFWRR,HydrAMP_epoch37,0.7777777777777779,True
vae_ana_01964,RPWHIWRR,HydrAMP_epoch37,0.875,False
vae_ana_01965,RHRFRHRH,HydrAMP_epoch37,0.875,False
vae_ana_01966,RHRFRHRV,HydrAMP_epoch37,0.8235294117647058,False
vae_ana_01967,RHRHRHRC,HydrAMP_epoch37,0.875,False
vae_ana_01968,RIRHRIRH,HydrAMP_epoch37,0.75,True
vae_ana_01969,KLVSGLIEARKYLLRLIRKIKCYKV,HydrAMP_epoch37,0.76,True
vae_ana_01970,KLVSGLIEGWQYLTQLIRKIKCYKV,HydrAMP_epoch37,0.68,True
vae_ana_01971,LLVSGLIEARKYLLQLLRKLKCFKV,HydrAMP_epoch37,0.84,False
vae_ana_01972,LLVSGLIEARKYLTQLIRKIWKYKV,HydrAMP_epoch37,0.76,True
vae_ana_01973,NLHSGLIEARKYLEQLIRKLKCYPV,HydrAMP_epoch37,0.84,False
vae_ana_01974,NLTTGLIEARKYLLRLLRKFKCFKV,HydrAMP_epoch37,0.72,True
vae_ana_01975,NLVSGLHEARKYLLQLIRKIKYFPV,HydrAMP_epoch37,0.72,True
vae_ana_01976,NLVSGLIEAQQYLTRLLRKFKKFKV,HydrAMP_epoch37,0.68,True
vae_ana_01977,NLVSGLIEARKQLTRLLRKLKCYPV,HydrAMP_epoch37,0.76,True
vae_ana_01978,NLVSGLIEARKYLERLIRKLKCFKV,HydrAMP_epoch37,0.88,False
vae_ana_01979,NLVSGLIEARKYLHQEIRKIKKYKV,HydrAMP_epoch37,0.76,True
vae_ana_01980,NLVSGLIEARKYLLQLIRKIKYFPV,HydrAMP_epoch37,0.76,True
vae_ana_01981,NLVSGLIEARKYLLRLIRKLKKCKV,HydrAMP_epoch37,0.84,False
vae_ana_01982,NLVSGLIEARKYLTQEIRKLKCYKV,HydrAMP_epoch37,0.84,False
vae_ana_01983,NLVTGLIEARKFLTRLIRKIKYFPV,HydrAMP_epoch37,0.64,True
vae_ana_01984,NLVTGLIEARKYLLQLIRKFKKYKV,HydrAMP_epoch37,0.76,True
vae_ana_01985,NLVTGLIEARKYLLREIRKIKKYKV,HydrAMP_epoch37,0.72,True
vae_ana_01986,NLVTGLIEARKYLTQLIRKIKYYKV,HydrAMP_epoch37,0.76,True
vae_ana_01987,NLVTGLIEARKYLTRLIRKLKKFKV,HydrAMP_epoch37,0.76,True
vae_ana_01988,KGRGKQGGKVRAKAKSRTS,HydrAMP_epoch37,0.8947368421052632,False
vae_ana_01989,KGRGKQGGKVRAKAWTRST,HydrAMP_epoch37,0.8947368421052632,False
vae_ana_01990,KGRGKQGGKVRAKAWTRTS,HydrAMP_epoch37,0.8947368421052632,False
vae_ana_01991,KGRGKQGGNVRAKAKTRSS,HydrAMP_epoch37,0.9473684210526316,False
vae_ana_01992,KGRGWQGGKVRAKAWTRSS,HydrAMP_epoch37,0.8947368421052632,False
vae_ana_01993,KGRGWQGGKVRAKAWTRTS,HydrAMP_epoch37,0.8421052631578947,False
vae_ana_01994,KGRVKQGGWVRAKAKTRSE,HydrAMP_epoch37,0.8421052631578947,False
vae_ana_01995,KGRVWQGGKVRAKAKTRSS,HydrAMP_epoch37,0.8947368421052632,False
vae_ana_01996,KFWVIRWR,HydrAMP_epoch37,0.875,False
vae_ana_01997,KIKVFRWY,HydrAMP_epoch37,0.7058823529411764,True
vae_ana_01998,KIWIIQWR,HydrAMP_epoch37,0.75,True
vae_ana_01999,KIWVFRWR,HydrAMP_epoch37,0.875,False
vae_ana_02000,KIWVIRQR,HydrAMP_epoch37,0.875,False
vae_ana_02001,KIWVIRWRWW,HydrAMP_epoch37,0.8888888888888888,False
vae_ana_02002,KLWVIRWR,HydrAMP_epoch37,0.875,False
vae_ana_02003,KTWVIRWR,HydrAMP_epoch37,0.875,False
vae_ana_02004,WIWGFRWRR,HydrAMP_epoch37,0.7777777777777779,True
vae_ana_02005,WIWVIRWR,HydrAMP_epoch37,0.875,False
vae_ana_02006,RLERRLLRRLLRLQKKGN,HydrAMP_epoch37,0.8888888888888888,False
vae_ana_02007,RLLRQLLRRLLRLQKKGHI,HydrAMP_epoch37,0.9189189189189189,False
vae_ana_02008,RLLRQLNRRLNRLRKKGL,HydrAMP_epoch37,0.7222222222222221,True
vae_ana_02009,RLLRRLLRRLIRLQKKGN,HydrAMP_epoch37,0.8888888888888888,False
vae_ana_02010,RLLRRLLRRLKRLQKKGL,HydrAMP_epoch37,0.8888888888888888,False
vae_ana_02011,RLLRRLLRRLLRLRKKGH,HydrAMP_epoch37,0.8888888888888888,False
vae_ana_02012,RLLRRLLRRLLRLRKKGI,HydrAMP_epoch37,0.9444444444444444,False
vae_ana_02013,RLLRRLLRRLLRLWKKVL,HydrAMP_epoch37,0.8333333333333335,False
vae_ana_02014,RLLRRLLRRLNRLQKKGI,HydrAMP_epoch37,0.9444444444444444,False
vae_ana_02015,RLLRRLLYRLLRLQKKGF,HydrAMP_epoch37,0.8888888888888888,False
vae_ana_02016,RLLRRLTRRLNRLQWKVI,HydrAMP_epoch37,0.7777777777777779,True
vae_ana_02017,RLNRQLLRRLLRLQKKGP,HydrAMP_epoch37,0.8333333333333335,False
vae_ana_02018,RLNRQLLRRLLRLRKKGI,HydrAMP_epoch37,0.8333333333333335,False
vae_ana_02019,RLNRRLLRRLNRLQKKGI,HydrAMP_epoch37,0.8888888888888888,False
vae_ana_02020,RLTQRLLRRLLRNKKKGI,HydrAMP_epoch37,0.7777777777777779,True
vae_ana_02021,RIFRKIFFII,HydrAMP_epoch37,0.7,True
vae_ana_02022,RIFWWIIHLK,HydrAMP_epoch37,0.631578947368421,True
vae_ana_02023,RIIRKIHHIL,HydrAMP_epoch37,0.8,True
vae_ana_02024,RIIRKIIHFF,HydrAMP_epoch37,0.8,True
vae_ana_02025,RIIRKIIHFI,HydrAMP_epoch37,0.9,False
vae_ana_02026,RIIRKIIVI,HydrAMP_epoch37,0.8421052631578947,False
vae_ana_02027,RIPRKKIVQIIR,HydrAMP_epoch37,0.6666666666666667,True
vae_ana_02028,RFRPIIRRKPTRIQFRPPPRPPVR,HydrAMP_epoch37,0.75,True
vae_ana_02029,RFRPPIRRKFIRPPFRPPFRPPVR,HydrAMP_epoch37,0.9166666666666665,False
vae_ana_02030,RFRPPIRRKPIRPPFRPPPRPFVR,HydrAMP_epoch37,0.875,False
vae_ana_02031,RFRPPIRRKPIRPPFRPPYRKPVR,HydrAMP_epoch37,0.875,False
vae_ana_02032,RFRPPIRRKPIRPPYRPKCRPPVR,HydrAMP_epoch37,0.8333333333333335,False
vae_ana_02033,RFRPPIRRKPIRPPYRPPPRPPVR,HydrAMP_epoch37,0.875,False
vae_ana_02034,RFRPPIRRKPIRPQFRPPPRPFVR,HydrAMP_epoch37,0.8333333333333335,False
vae_ana_02035,RFRPPIRRKPIRPQFRPPPRPPVR,HydrAMP_epoch37,0.875,False
vae_ana_02036,RFRPPIRRKPNRPPFRPPFRPPVR,HydrAMP_epoch37,0.9166666666666665,False
vae_ana_02037,RFRPPIRRKPPRPKFRPPFRPPVR,HydrAMP_epoch37,0.9166666666666665,False
vae_ana_02038,RFRPPIRRKYIRPPFRPFPRPPVR,HydrAMP_epoch37,0.875,False
vae_ana_02039,RFRPPIRRNPIRPQYRPPPRPPVR,HydrAMP_epoch37,0.8333333333333335,False
vae_ana_02040,RFRPPIRRPPIRPPFRPFPRPPVR,HydrAMP_epoch37,0.9583333333333335,False
vae_ana_02041,RFRPPIRRPPIRPPFRPPPRPFVR,HydrAMP_epoch37,0.9166666666666665,False
vae_ana_02042,RFRPPIRRPPIRPPFRPPPRPPVR,HydrAMP_epoch37,0.9583333333333335,False
vae_ana_02043,RFRPPIRRPPIRPPYRPPFRPPCR,HydrAMP_epoch37,0.9166666666666665,False
vae_ana_02044,RFRPPIRRPPIRPPYRPPFRPPVR,HydrAMP_epoch37,0.9583333333333335,False
vae_ana_02045,RFRPPIRRPPPRPPYRPPPRPPVR,HydrAMP_epoch37,0.875,False
vae_ana_02046,RFRPPPRRKPIRPPFRPPFRPFVR,HydrAMP_epoch37,0.875,False
vae_ana_02047,RFRPPTRRPPIRPPFRPPPRPPVR,HydrAMP_epoch37,0.9166666666666665,False
vae_ana_02048,RFRQPIRRKPIRPPFRPPFRPPVR,HydrAMP_epoch37,0.9166666666666665,False
vae_ana_02049,RFRQPIRRQPIRPFFRPPFRFFVR,HydrAMP_epoch37,0.7916666666666665,True
vae_ana_02050,RHRPPTRRPPIRPPYRPPPRPFVR,HydrAMP_epoch37,0.7916666666666665,True
vae_ana_02051,RYRPQIRRKPIRPPFRPPPRPPVR,HydrAMP_epoch37,0.8333333333333335,False
vae_ana_02052,AKRFFGFIRKCF,HydrAMP_epoch37,0.75,True
vae_ana_02053,AKRFFGFKRKFY,HydrAMP_epoch37,0.8333333333333335,False
vae_ana_02054,AKRFFGYPRKFY,HydrAMP_epoch37,0.8333333333333335,False
vae_ana_02055,AKRYFVYKRKYC,HydrAMP_epoch37,0.75,True
vae_ana_02056,AKRYPGYKRKFC,HydrAMP_epoch37,0.8571428571428572,False
vae_ana_02057,AKRYPGYKRKFF,HydrAMP_epoch37,0.8571428571428572,False
vae_ana_02058,GKRYYGYPRKYY,HydrAMP_epoch37,0.75,True
vae_ana_02059,LIKVILVRL,HydrAMP_epoch37,0.7777777777777779,True
vae_ana_02060,KWKIFKKFAPVLNVL,HydrAMP_epoch37,0.7586206896551724,True
vae_ana_02061,KWKIFKKIGKVLKHL,HydrAMP_epoch37,0.8666666666666667,False
vae_ana_02062,KWKLFKKFGQVLKVL,HydrAMP_epoch37,0.896551724137931,False
vae_ana_02063,KWKLFKKFSKVLKVL,HydrAMP_epoch37,0.8888888888888888,False
vae_ana_02064,KWKLFKKHGKVLKVN,HydrAMP_epoch37,0.8666666666666667,False
vae_ana_02065,KWKLFKKIAKVIKVL,HydrAMP_epoch37,0.8666666666666667,False
vae_ana_02066,KWKLFKKIGKHLKVL,HydrAMP_epoch37,0.9333333333333332,False
vae_ana_02067,KWKLFKKIGKTLKVL,HydrAMP_epoch37,0.9333333333333332,False
vae_ana_02068,KWKLFKKIGKVLKV,HydrAMP_epoch37,0.9655172413793103,False
vae_ana_02069,KWKLFKKIGKVNKGL,HydrAMP_epoch37,0.8666666666666667,False
vae_ana_02070,KWKLFKKIGNVNKVL,HydrAMP_epoch37,0.8666666666666667,False
vae_ana_02071,KWKLFKKISKVIQV,HydrAMP_epoch37,0.7692307692307692,True
vae_ana_02072,KWKLFKKIVKVLKGL,HydrAMP_epoch37,0.8666666666666667,False
vae_ana_02073,KWKLFKKIVKVLKHL,HydrAMP_epoch37,0.8666666666666667,False
vae_ana_02074,KWKLFNKFSKVLFVL,HydrAMP_epoch37,0.814814814814815,False
vae_ana_02075,KWKLFNKIGKVLQVL,HydrAMP_epoch37,0.8666666666666667,False
vae_ana_02076,KWKLPKKISKVLKVL,HydrAMP_epoch37,0.8666666666666667,False
vae_ana_02077,KWKNFKKIGKVLKV,HydrAMP_epoch37,0.896551724137931,False
vae_ana_02078,KWKNFKKIVKVNKHL,HydrAMP_epoch37,0.7407407407407408,True
vae_ana_02079,KWNLIKKIGKVLKTL,HydrAMP_epoch37,0.8,True
vae_ana_02080,NWKLFKKISKVLKVL,HydrAMP_epoch37,0.8666666666666667,False
vae_ana_02081,NWKLIKKIGKVLKVK,HydrAMP_epoch37,0.8,True
vae_ana_02082,QWKLPKKIVKVLKVIL,HydrAMP_epoch37,0.7741935483870968,True
vae_ana_02083,WWKLFKKIGKVLKVL,HydrAMP_epoch37,0.9333333333333332,False
vae_ana_02084,AALKGCWIKSHPPKPCFGKR,HydrAMP_epoch37,0.9,False
vae_ana_02085,AALKGCWTKEIPPKPCYGKR,HydrAMP_epoch37,0.9,False
vae_ana_02086,AALKGCWTKSINYKKCFGKR,HydrAMP_epoch37,0.85,False
vae_ana_02087,AALKGCWTKSIPKKPCFGKR,HydrAMP_epoch37,0.95,False
vae_ana_02088,AALKGCWTKSIPKKPCYGKR,HydrAMP_epoch37,0.9,False
vae_ana_02089,AALKGCWTKSIPPKQFFGKR,HydrAMP_epoch37,0.9,False
vae_ana_02090,AALKGFWTKSIPPKKFFGKR,HydrAMP_epoch37,0.85,False
vae_ana_02091,AALKGHWVKSHPPKPCFGKR,HydrAMP_epoch37,0.85,False
vae_ana_02092,AATKGCKTKSIFPKKCFGKR,HydrAMP_epoch37,0.8,True
vae_ana_02093,AATKVCWTKSIFPKKCFGWR,HydrAMP_epoch37,0.75,True
vae_ana_02094,FLANALAALPKFLCVVFKKC,HydrAMP_epoch37,0.85,False
vae_ana_02095,FLGLALAAIKPFLCIVFKKC,HydrAMP_epoch37,0.8,True
vae_ana_02096,FLGLALAALPKFLCLVFKKC,HydrAMP_epoch37,0.95,False
vae_ana_02097,FLGLALAALPKFLCTVFKKC,HydrAMP_epoch37,0.9,False
vae_ana_02098,FLSIALAALFKFLCLVFKKC,HydrAMP_epoch37,0.9,False
vae_ana_02099,FLSLALAALKKFLCCVFKKC,HydrAMP_epoch37,0.9,False
vae_ana_02100,YLSLALAAIQKFLCTVFKKC,HydrAMP_epoch37,0.8,True
vae_ana_02101,YLSLALAALIKFICLVFKKC,HydrAMP_epoch37,0.85,False
vae_ana_02102,KRWRKWIRR,HydrAMP_epoch37,0.8,True
vae_ana_02103,KRWRKWIRW,HydrAMP_epoch37,0.8888888888888888,False
vae_ana_02104,KRWRKWPRW,HydrAMP_epoch37,0.7777777777777779,True
vae_ana_02105,KRWWKKIRW,HydrAMP_epoch37,0.8888888888888888,False
vae_ana_02106,KRWWKKLRW,HydrAMP_epoch37,0.7777777777777779,True
vae_ana_02107,KRWWKWFRR,HydrAMP_epoch37,0.8888888888888888,False
vae_ana_02108,KRWWKWHRRF,HydrAMP_epoch37,0.8421052631578947,False
vae_ana_02109,KRWWKWIWW,HydrAMP_epoch37,0.8888888888888888,False
vae_ana_02110,KRWWKWLRWI,HydrAMP_epoch37,0.8421052631578947,False
vae_ana_02111,KRYWPWFRW,HydrAMP_epoch37,0.7058823529411764,True
vae_ana_02112,KWWWKKLWWK,HydrAMP_epoch37,0.8421052631578947,False
vae_ana_02113,KWWWKWHRWW,HydrAMP_epoch37,0.736842105263158,True
vae_ana_02114,LRWWKWIRWW,HydrAMP_epoch37,0.8421052631578947,False
vae_ana_02115,NRRWKWHRWK,HydrAMP_epoch37,0.7777777777777779,True
vae_ana_02116,NRWWPWHRW,HydrAMP_epoch37,0.736842105263158,True
vae_ana_02117,NRWWWWIRWPS,HydrAMP_epoch37,0.7,True
vae_ana_02118,NRWWWWNRWA,HydrAMP_epoch37,0.8,True
vae_ana_02119,WRWQKWVRW,HydrAMP_epoch37,0.8235294117647058,False
vae_ana_02120,WRWRKWIRW,HydrAMP_epoch37,0.8888888888888888,False
vae_ana_02121,WRWWKWFRW,HydrAMP_epoch37,0.8235294117647058,False
vae_ana_02122,WRWWKWIRWI,HydrAMP_epoch37,0.8421052631578947,False
vae_ana_02123,WRWWKWIRWK,HydrAMP_epoch37,0.8888888888888888,False
vae_ana_02124,WRWWKWNRW,HydrAMP_epoch37,0.8235294117647058,False
vae_ana_02125,WRWWNWFRW,HydrAMP_epoch37,0.7777777777777779,True
vae_ana_02126,KSSHRGRKTSRRKW,HydrAMP_epoch37,0.7857142857142857,True
vae_ana_02127,QWRWWRWRWK,HydrAMP_epoch37,0.8421052631578947,False
vae_ana_02128,RKRWWRRRRR,HydrAMP_epoch37,0.8421052631578947,False
vae_ana_02129,RRRWWRWRR,HydrAMP_epoch37,0.9411764705882352,False
vae_ana_02130,RWRQWRWRR,HydrAMP_epoch37,0.8888888888888888,False
vae_ana_02131,RWRWKWWRR,HydrAMP_epoch37,0.8888888888888888,False
vae_ana_02132,RWRWRRRRR,HydrAMP_epoch37,0.8888888888888888,False
vae_ana_02133,RWRWWRKRRFW,HydrAMP_epoch37,0.8,True
vae_ana_02134,RWRWWRQRR,HydrAMP_epoch37,0.8888888888888888,False
vae_ana_02135,RWRWWRWRRA,HydrAMP_epoch37,0.9473684210526316,False
vae_ana_02136,RWRWWRWRRK,HydrAMP_epoch37,0.9473684210526316,False
vae_ana_02137,RWRWWRWRRKW,HydrAMP_epoch37,0.9,False
vae_ana_02138,RWRWWRWRRLR,HydrAMP_epoch37,0.9,False
vae_ana_02139,RWRWWRWRRY,HydrAMP_epoch37,0.9473684210526316,False
vae_ana_02140,RWRWWWQRR,HydrAMP_epoch37,0.8888888888888888,False
vae_ana_02141,RWRWWWWQR,HydrAMP_epoch37,0.8888888888888888,False
vae_ana_02142,RWRWWWWRW,HydrAMP_epoch37,0.9473684210526316,False
vae_ana_02143,RWWWWRKWRY,HydrAMP_epoch37,0.8421052631578947,False
vae_ana_02144,RWWWWRWRR,HydrAMP_epoch37,0.9,False
vae_ana_02145,RWWWWWWRRK,HydrAMP_epoch37,0.8421052631578947,False
vae_ana_02146,RWYWWRWWR,HydrAMP_epoch37,0.8235294117647058,False
vae_ana_02147,KIKKLLKNHKKLLW,HydrAMP_epoch37,0.7407407407407408,True
vae_ana_02148,KLKKKLKWLKKLLW,HydrAMP_epoch37,0.8461538461538461,False
vae_ana_02149,KLKKLINKLKKLN,HydrAMP_epoch37,0.8,True
vae_ana_02150,KLKKLLKKIWWNLKKK,HydrAMP_epoch37,0.8,True
vae_ana_02151,KLKKLLKKLWKNLK,HydrAMP_epoch37,0.8571428571428572,False
vae_ana_02152,KLKKLLKWLKWLLKL,HydrAMP_epoch37,0.8888888888888888,False
vae_ana_02153,KLKKLLQKIKKNLK,HydrAMP_epoch37,0.7857142857142857,True
vae_ana_02154,KLKKLNKKLKKNLW,HydrAMP_epoch37,0.8,True
vae_ana_02155,KLKKVLKKNKKLLK,HydrAMP_epoch37,0.8571428571428572,False
vae_ana_02156,KLKWLNNKLKKLLK,HydrAMP_epoch37,0.814814814814815,False
vae_ana_02157,KLWKLLKKLKKELKL,HydrAMP_epoch37,0.8387096774193549,False
vae_ana_02158,KLWKNLKKLKKLL,HydrAMP_epoch37,0.88,False
vae_ana_02159,KNWWLLWKLWKTLK,HydrAMP_epoch37,0.72,True
vae_ana_02160,LLKKLLKQLKKLLW,HydrAMP_epoch37,0.8461538461538461,False
vae_ana_02161,QKKWLLKKLKNLNW,HydrAMP_epoch37,0.72,True
vae_ana_02162,WLKKSNKKLKKLLW,HydrAMP_epoch37,0.7692307692307692,True
vae_ana_02163,WLKNLNKKLKKLLKL,HydrAMP_epoch37,0.814814814814815,False
vae_ana_02164,WNKKLNNWLKPELK,HydrAMP_epoch37,0.6923076923076923,True
vae_ana_02165,WTQKNLKKLKWILK,HydrAMP_epoch37,0.7692307692307692,True
vae_ana_02166,GKGRWLERIGKAAGIIIGGALDLIL,HydrAMP_epoch37,0.8979591836734694,False
vae_ana_02167,GKGRWLERIGKAAGPIIGGALDHL,HydrAMP_epoch37,0.9166666666666665,False
vae_ana_02168,GKGRWLERIGKAGGHIIGGALDLIL,HydrAMP_epoch37,0.8979591836734694,False
vae_ana_02169,GKGRWLERIGKAGGHIIGSALDHL,HydrAMP_epoch37,0.9166666666666665,False
vae_ana_02170,GKGRWLERIGKAGGHIIVGALDNHL,HydrAMP_epoch37,0.8979591836734694,False
vae_ana_02171,GKGRWLERIGKAGGIIIGSALDHL,HydrAMP_epoch37,0.9583333333333335,False
vae_ana_02172,GKGRWLERIGKAGGILIGGALDTL,HydrAMP_epoch37,0.9166666666666665,False
vae_ana_02173,GKGRWLERLGKAGGHIIGGALAELL,HydrAMP_epoch37,0.8163265306122449,False
vae_ana_02174,GKGRWLERLGKAGGHIIGGALDELL,HydrAMP_epoch37,0.8571428571428572,False
vae_ana_02175,GKGRWLERLGKAGGHIIVGALDLIL,HydrAMP_epoch37,0.8163265306122449,False
vae_ana_02176,GKGRWLSRIGKAGGHIIGGALDNIL,HydrAMP_epoch37,0.8571428571428572,False
vae_ana_02177,GKGRWNERIGKAGGHIIGDALDNHL,HydrAMP_epoch37,0.8571428571428572,False
vae_ana_02178,GKGRWNERIGKAGGHIIGGALDHL,HydrAMP_epoch37,0.9166666666666665,False
vae_ana_02179,GKGRWNERIGKAGGHIVGGALDHL,HydrAMP_epoch37,0.875,False
vae_ana_02180,GKGRWNERIGKAGGHLIGGALDLLL,HydrAMP_epoch37,0.8163265306122449,False
vae_ana_02181,GKMRWLSRIGKAAGHIIGEALDHLL,HydrAMP_epoch37,0.7755102040816326,True
vae_ana_02182,GKVRWNERLGKAGGPIIGGALDHL,HydrAMP_epoch37,0.8333333333333335,False
vae_ana_02183,KRIHQRIKDFLRKLVYRTLS,HydrAMP_epoch37,0.8,True
vae_ana_02184,KIGAKIKFGAKIKIGAKI,HydrAMP_epoch37,0.9714285714285714,False
vae_ana_02185,KIGAKIKFSAKIKLGAK,HydrAMP_epoch37,0.8235294117647058,False
vae_ana_02186,KIGAKIKHGAKIKTVAKI,HydrAMP_epoch37,0.8571428571428572,False
vae_ana_02187,KIGAKIKIGAKHKIGAKI,HydrAMP_epoch37,0.9714285714285714,False
vae_ana_02188,KIGAKIKIGAKIKIGAK,HydrAMP_epoch37,0.9714285714285714,False
vae_ana_02189,KIGAKIKIGAKIKPVAKI,HydrAMP_epoch37,0.9142857142857143,False
vae_ana_02190,KIGAKIKPGAKFKIGAKI,HydrAMP_epoch37,0.9142857142857143,False
vae_ana_02191,KIGAKIKPGAKFKIGAWI,HydrAMP_epoch37,0.8571428571428572,False
vae_ana_02192,KIGAKIKPGAKIKIVAKI,HydrAMP_epoch37,0.9142857142857143,False
vae_ana_02193,KIGAKIKPVAKINLGAKI,HydrAMP_epoch37,0.8,True
vae_ana_02194,KIGSKIKIVAKIKIGAK,HydrAMP_epoch37,0.8571428571428572,False
vae_ana_02195,KIGSKLKIGAKIKIGDK,HydrAMP_epoch37,0.8235294117647058,False
vae_ana_02196,KIMAKIKIGDKIKIGAKI,HydrAMP_epoch37,0.8888888888888888,False
vae_ana_02197,KIMSKIKIGAKIKTGAK,HydrAMP_epoch37,0.8235294117647058,False
vae_ana_02198,KIVAKIKIVAKIKHVAK,HydrAMP_epoch37,0.7647058823529411,True
vae_ana_02199,KLGAKIKPGAKIKIGAKI,HydrAMP_epoch37,0.9142857142857143,False
vae_ana_02200,KPGGKIKIGAKIKIVAKI,HydrAMP_epoch37,0.8333333333333335,False
vae_ana_02201,KTGAKIKIGAKHKIGAKF,HydrAMP_epoch37,0.8571428571428572,False
vae_ana_02202,WLGAKIKFGAKIKTGAKI,HydrAMP_epoch37,0.8,True
vae_ana_02203,GKNRPTYIPQPRPQCQR,HydrAMP_epoch37,0.7272727272727273,True
vae_ana_02204,GKNRPVYIPQPRPPCPRF,HydrAMP_epoch37,0.8888888888888888,False
vae_ana_02205,GKNRPVYIPQPRPPHKRY,HydrAMP_epoch37,0.8571428571428572,False
vae_ana_02206,GLKRPVYIPQPRPPHPRF,HydrAMP_epoch37,0.8888888888888888,False
vae_ana_02207,GNKRPVFIPQPRPPHPRF,HydrAMP_epoch37,0.8888888888888888,False
vae_ana_02208,GNLRQVFIKQPRPPHPRY,HydrAMP_epoch37,0.7428571428571429,True
vae_ana_02209,GNNRFVYIPQPRPPHPRF,HydrAMP_epoch37,0.9444444444444444,False
vae_ana_02210,GNNRPVFIPKPRPPHPYY,HydrAMP_epoch37,0.8333333333333335,False
vae_ana_02211,GNNRPVFIPQPRKPHKRF,HydrAMP_epoch37,0.8333333333333335,False
vae_ana_02212,GNNRPVFIPQPRPPCPRF,HydrAMP_epoch37,0.8888888888888888,False
vae_ana_02213,GNNRPVFIPQPRPPHPRH,HydrAMP_epoch37,0.9142857142857143,False
vae_ana_02214,GNNRPVFIPWPRPPHPRF,HydrAMP_epoch37,0.8888888888888888,False
vae_ana_02215,GNNRPVYIPKPRPPHPRY,HydrAMP_epoch37,0.9444444444444444,False
vae_ana_02216,GNNRPVYIPPPYPPCPRH,HydrAMP_epoch37,0.8235294117647058,False
vae_ana_02217,GNNRPVYIPQPRPPCPRF,HydrAMP_epoch37,0.9444444444444444,False
vae_ana_02218,GNNRPVYIPQQQPPHPRF,HydrAMP_epoch37,0.8888888888888888,False
vae_ana_02219,GNNRPVYIQQPRKPHPRF,HydrAMP_epoch37,0.8888888888888888,False
vae_ana_02220,MNKRPHYIPQPRPPHPRF,HydrAMP_epoch37,0.8571428571428572,False
vae_ana_02221,KQWWKWWRW,HydrAMP_epoch37,0.7777777777777779,True
vae_ana_02222,KRQWKWWRR,HydrAMP_epoch37,0.8888888888888888,False
vae_ana_02223,KRWQPWKRY,HydrAMP_epoch37,0.7058823529411764,True
vae_ana_02224,KRWWKWKRRQ,HydrAMP_epoch37,0.8421052631578947,False
vae_ana_02225,KRWWKWWRW,HydrAMP_epoch37,0.8888888888888888,False
vae_ana_02226,KRWWNWKRRR,HydrAMP_epoch37,0.8421052631578947,False
vae_ana_02227,KRWWNWWRR,HydrAMP_epoch37,0.8888888888888888,False
vae_ana_02228,KRWWNWWRRW,HydrAMP_epoch37,0.8421052631578947,False
vae_ana_02229,KRWWQKWRR,HydrAMP_epoch37,0.8888888888888888,False
vae_ana_02230,KRWWWWQRR,HydrAMP_epoch37,0.8888888888888888,False
vae_ana_02231,KRWWWWWRRY,HydrAMP_epoch37,0.8421052631578947,False
vae_ana_02232,KWWWKWWRRK,HydrAMP_epoch37,0.8421052631578947,False
vae_ana_02233,LWWWKWWRR,HydrAMP_epoch37,0.8888888888888888,False
vae_ana_02234,NRQWPWWRR,HydrAMP_epoch37,0.736842105263158,True
vae_ana_02235,NRWWKWWRR,HydrAMP_epoch37,0.8888888888888888,False
vae_ana_02236,NRWWWWWRR,HydrAMP_epoch37,0.8235294117647058,False
vae_ana_02237,NWWWWWWRRQ,HydrAMP_epoch37,0.736842105263158,True
vae_ana_02238,PRWWKWWRR,HydrAMP_epoch37,0.8888888888888888,False
vae_ana_02239,WRRWKWWRR,HydrAMP_epoch37,0.8888888888888888,False
vae_ana_02240,WRWWIWWYR,HydrAMP_epoch37,0.7777777777777779,True
vae_ana_02241,WRWWKWWRRF,HydrAMP_epoch37,0.9473684210526316,False
vae_ana_02242,KRIWWPWRR,HydrAMP_epoch37,0.8888888888888888,False
vae_ana_02243,KWFWWIWRR,HydrAMP_epoch37,0.7777777777777779,True
vae_ana_02244,KWFWWKWRR,HydrAMP_epoch37,0.8888888888888888,False
vae_ana_02245,KWFWWKWRRY,HydrAMP_epoch37,0.8421052631578947,False
vae_ana_02246,KWFWWPKRR,HydrAMP_epoch37,0.8888888888888888,False
vae_ana_02247,KWFWWPWRRFW,HydrAMP_epoch37,0.8,True
vae_ana_02248,KWKWWKQWR,HydrAMP_epoch37,0.8235294117647058,False
vae_ana_02249,KWKWWKWRRP,HydrAMP_epoch37,0.8421052631578947,False
vae_ana_02250,KWLWWKQWR,HydrAMP_epoch37,0.7777777777777779,True
vae_ana_02251,KWPWWIWRR,HydrAMP_epoch37,0.8888888888888888,False
vae_ana_02254,KWPWWPKWR,HydrAMP_epoch37,0.8888888888888888,False
vae_ana_02255,KWPWWPWYR,HydrAMP_epoch37,0.8888888888888888,False
vae_ana_02256,LWIWWKQRR,HydrAMP_epoch37,0.7058823529411764,True
vae_ana_02257,LWQWWKWRR,HydrAMP_epoch37,0.7777777777777779,True
vae_ana_02258,NWFWWIWRR,HydrAMP_epoch37,0.7058823529411764,True
vae_ana_02259,NWPWWKWWR,HydrAMP_epoch37,0.7777777777777779,True
vae_ana_02260,RQWCIRVCRKGFCRYQCR,HydrAMP_epoch37,0.6285714285714286,True
vae_ana_02261,RRWCCRVCYKSYCRYKCR,HydrAMP_epoch37,0.6111111111111112,True
vae_ana_02262,RRWCFRVCRKGCCRYKCR,HydrAMP_epoch37,0.6285714285714286,True
vae_ana_02263,RRWCFRVCRKGFCRYKCR,HydrAMP_epoch37,0.6666666666666667,True
vae_ana_02264,RRWCFRVCRQGYCRYKCR,HydrAMP_epoch37,0.6666666666666667,True
vae_ana_02265,RRWCFRVCRWGFCRRKCR,HydrAMP_epoch37,0.6666666666666667,True
vae_ana_02266,RRWCFRVCRWGFCRYKCR,HydrAMP_epoch37,0.6666666666666667,True
vae_ana_02267,RRWCFRVCRWGYCRYRCR,HydrAMP_epoch37,0.6857142857142857,True
vae_ana_02268,RRWCFRVCYKGYCRYYCR,HydrAMP_epoch37,0.6285714285714286,True
vae_ana_02269,RRWCFRVCYKGYVRYYCR,HydrAMP_epoch37,0.6285714285714286,True
vae_ana_02270,RRWCFRVCYKSCCRYKCR,HydrAMP_epoch37,0.6111111111111112,True
vae_ana_02271,RRWCFRVCYKSYCRRQCR,HydrAMP_epoch37,0.6857142857142857,True
vae_ana_02272,RRWCPRVFRKGFCRRKCR,HydrAMP_epoch37,0.6285714285714286,True
vae_ana_02273,RRWCYRVCRKGFCRRPCR,HydrAMP_epoch37,0.6857142857142857,True
vae_ana_02274,RRWCYRVCRKGYCYYKCR,HydrAMP_epoch37,0.6285714285714286,True
vae_ana_02275,RRWCYRVCRWGFCRYKFR,HydrAMP_epoch37,0.6285714285714286,True
vae_ana_02276,RRWCYRVCYWGYCRYYCR,HydrAMP_epoch37,0.6285714285714286,True
vae_ana_02277,RRWFFRHFYKGYCRYKCR,HydrAMP_epoch37,0.6111111111111112,True
vae_ana_02278,RRWFFRVCRKGYCRYKCR,HydrAMP_epoch37,0.6666666666666667,True
vae_ana_02279,RRWFFRVCRKSYCRYKCR,HydrAMP_epoch37,0.6666666666666667,True
vae_ana_02280,RRWFFRVCRWGYCRYKCR,HydrAMP_epoch37,0.6666666666666667,True
vae_ana_02281,RRWFIRHCYKSYCRFWCW,HydrAMP_epoch37,0.5333333333333333,True
vae_ana_02282,RWWCPRTCRWSYCRYQCR,HydrAMP_epoch37,0.6,True
vae_ana_02283,GLFDVIKKVASVIKQL,HydrAMP_epoch37,0.9375,False
vae_ana_02284,GLHDVLKKVSGVHKQL,HydrAMP_epoch37,0.6875,True
vae_ana_02285,GNFDVIKKVAGVIKKK,HydrAMP_epoch37,0.8125,False
vae_ana_02286,KKAAAHAAAAAFAAWAAIAAAKKKK,HydrAMP_epoch37,0.9361702127659575,False
vae_ana_02287,KKAAAHAAAAAHAAWAAIAAAKKKK,HydrAMP_epoch37,0.96,False
vae_ana_02288,KKAAAHAAAAAHAAWAALAAAKKKK,HydrAMP_epoch37,0.96,False
vae_ana_02289,KKAAAHAAAAAVAAWAALAAAKKKK,HydrAMP_epoch37,0.9361702127659575,False
vae_ana_02290,KKAAAIAAAAAFAAWAALAAAKKKK,HydrAMP_epoch37,0.9361702127659575,False
vae_ana_02291,KKAAAIAAAAAVAAWAALAAAKKKK,HydrAMP_epoch37,0.9361702127659575,False
vae_ana_02292,KKAAAVAAAAAFAAWAALAAAKKKK,HydrAMP_epoch37,0.9361702127659575,False
vae_ana_02293,KKAAAVAAAAAHAAWAAIAAAKKKK,HydrAMP_epoch37,0.9361702127659575,False
vae_ana_02294,KKAAAVAAAAAVAAWAAIAAAKKKK,HydrAMP_epoch37,0.96,False
vae_ana_02295,KKAAAVAAAAAVAAWAALAAAKKKK,HydrAMP_epoch37,0.96,False
vae_ana_02296,KKAASVAAAAAVAAWAALAAAKKKK,HydrAMP_epoch37,0.92,False
vae_ana_02297,KWAAAHAAAAAFAAWAALAAAKKKK,HydrAMP_epoch37,0.8936170212765957,False
vae_ana_02298,NKAAAVAAAAAVAAWAALAAAKKKK,HydrAMP_epoch37,0.92,False
vae_ana_02299,AHHKEGVKLLKKLLRAVKKLAN,HydrAMP_epoch37,0.8181818181818181,False
vae_ana_02300,AICWLAHKLLKKLTRAVKKLAN,HydrAMP_epoch37,0.9090909090909091,False
vae_ana_02301,AIHKLAHKLLKKLIRMVKKLAN,HydrAMP_epoch37,0.9090909090909091,False
vae_ana_02302,AIHKLAVKELKKLLRAVKKLLL,HydrAMP_epoch37,0.8181818181818181,False
vae_ana_02303,AIHKLAVKLLKKLIRAVKKLGN,HydrAMP_epoch37,0.8636363636363636,False
vae_ana_02304,AIHKLAVKLLKKLLRAVKKLAN,HydrAMP_epoch37,0.9545454545454546,False
vae_ana_02305,AIHKLAVKLLKKTLRAVKKLAL,HydrAMP_epoch37,0.9090909090909091,False
vae_ana_02306,AIHKLSVKLLKKLIRAVKKLAN,HydrAMP_epoch37,0.8636363636363636,False
vae_ana_02307,AIHWLGHKLLKKLTRMVKKLAL,HydrAMP_epoch37,0.8181818181818181,False
vae_ana_02308,AIHWLGTKLLKKLLRAVKKLAN,HydrAMP_epoch37,0.8636363636363636,False
vae_ana_02309,AIVKLACKLLKKELRAVKKLAEN,HydrAMP_epoch37,0.8444444444444444,False
vae_ana_02310,AIVKLAHKLLKKLIRAVKKLAK,HydrAMP_epoch37,0.8636363636363636,False
vae_ana_02311,AIVKLAHKLLKKLLRAVKKLAK,HydrAMP_epoch37,0.9090909090909091,False
vae_ana_02312,AIVKLGHKLLKKLIRAVKKLAN,HydrAMP_epoch37,0.8636363636363636,False
vae_ana_02313,AIVWLAHKLLKKLIRAVKKLAN,HydrAMP_epoch37,0.8636363636363636,False
vae_ana_02314,AIVWLAHKLLKKLLRAGKKLGN,HydrAMP_epoch37,0.8181818181818181,False
vae_ana_02315,ALHKLAHKLLKKLLRAVKQLAN,HydrAMP_epoch37,0.9090909090909091,False
vae_ana_02316,ALHWLACKLLKKLLRAVKKLAN,HydrAMP_epoch37,0.8636363636363636,False
vae_ana_02317,ANVKLAHKLLKKLLRAVKKLAN,HydrAMP_epoch37,0.9090909090909091,False
vae_ana_02318,APHKLAHKLNKKLKRAVKKLAN,HydrAMP_epoch37,0.8636363636363636,False
vae_ana_02319,MIVKLGIKLLKKLLRAVKKLAN,HydrAMP_epoch37,0.8181818181818181,False
vae_ana_02320,KWKSCIKKLTSKFLHSMSKF,HydrAMP_epoch37,0.85,False
vae_ana_02321,KWKSFIKKLLGKFLCGADKF,HydrAMP_epoch37,0.8,True
vae_ana_02322,KWKSFIKKLLGKFLCSASKF,HydrAMP_epoch37,0.85,False
vae_ana_02323,KWKSFIKKLLGKFLHSAAKF,HydrAMP_epoch37,0.9,False
vae_ana_02324,KWKSFIKKLLSKFLCSAAKF,HydrAMP_epoch37,0.9,False
vae_ana_02325,KWKSFIKKLLSKFLHEAAKF,HydrAMP_epoch37,0.9,False
vae_ana_02326,KWKSFIKKLLSKFLHEADKQ,HydrAMP_epoch37,0.85,False
vae_ana_02327,KWKSFIKKLLSKFLHSAAKF,HydrAMP_epoch37,0.95,False
vae_ana_02328,KWKSFIKKLLSKFLHTAAKF,HydrAMP_epoch37,0.9,False
vae_ana_02329,KWKSFIKKLTGKFLHTADKF,HydrAMP_epoch37,0.9,False
vae_ana_02330,KWKSFIKKLTSKFIHVAAKP,HydrAMP_epoch37,0.8,True
vae_ana_02331,KWKSFIKKLTSKFLFSADKY,HydrAMP_epoch37,0.9,False
vae_ana_02332,KWKSFIKKNLGKFITTAAKR,HydrAMP_epoch37,0.6666666666666667,True
vae_ana_02333,KWKSFINKLTSKFLVSAAKF,HydrAMP_epoch37,0.9,False
vae_ana_02334,KWKSFIPKLTSKFLHSADKY,HydrAMP_epoch37,0.9,False
vae_ana_02335,KWKSFLKKLLSKFLCSADKF,HydrAMP_epoch37,0.85,False
vae_ana_02336,KWKSFLKKLTGKCLHEADKY,HydrAMP_epoch37,0.75,True
vae_ana_02337,KWKSFLKKLTSKFLHSADKF,HydrAMP_epoch37,0.95,False
vae_ana_02338,KWKSFNKKLLSKFLHSADNF,HydrAMP_epoch37,0.85,False
vae_ana_02339,KWKSYIKKLTSKFLITMDKF,HydrAMP_epoch37,0.8,True
vae_ana_02340,KWKTFIKKLLGKFLHSADKY,HydrAMP_epoch37,0.8,True
vae_ana_02341,KWKTFIKKLLSKFLCTADKF,HydrAMP_epoch37,0.8,True
vae_ana_02342,KWKTFIKKLLSKFLHSAAKP,HydrAMP_epoch37,0.85,False
vae_ana_02343,NWKTFIKKLLSKFLHDAAKF,HydrAMP_epoch37,0.8,True
vae_ana_02344,RILSILRHQILNKL,HydrAMP_epoch37,0.7857142857142857,True
vae_ana_02345,RLLSILRCQNLLKL,HydrAMP_epoch37,0.7857142857142857,True
vae_ana_02346,RLLSILRHWKLLKL,HydrAMP_epoch37,0.72,True
vae_ana_02347,FLKWKWKWWQWRR,HydrAMP_epoch37,0.8461538461538461,False
vae_ana_02348,HLNWKWPWWPWRW,HydrAMP_epoch37,0.8461538461538461,False
vae_ana_02349,IEKRKWFWWYWRY,HydrAMP_epoch37,0.7272727272727273,True
vae_ana_02350,IIKWKWPWWPWRRR,HydrAMP_epoch37,0.8888888888888888,False
vae_ana_02351,ILKWKKFWWPWRY,HydrAMP_epoch37,0.8461538461538461,False
vae_ana_02353,ILKWKWPRWFWR,HydrAMP_epoch37,0.8,True
vae_ana_02355,ILKWKWPWWPWYY,HydrAMP_epoch37,0.8461538461538461,False
vae_ana_02356,ILKWKWPWWQWRR,HydrAMP_epoch37,0.923076923076923,False
vae_ana_02357,ILKWKWQWWQRRR,HydrAMP_epoch37,0.8,True
vae_ana_02358,ILKWWWYWWPWR,HydrAMP_epoch37,0.8,True
vae_ana_02359,ILNRKWPWWPWRR,HydrAMP_epoch37,0.923076923076923,False
vae_ana_02360,ILWWKWKWWPWRR,HydrAMP_epoch37,0.923076923076923,False
vae_ana_02361,ILWWKWPWWQQRR,HydrAMP_epoch37,0.8461538461538461,False
vae_ana_02362,INKWWWKWWPWRR,HydrAMP_epoch37,0.8461538461538461,False
vae_ana_02363,INWWKWPWWPRQR,HydrAMP_epoch37,0.8461538461538461,False
vae_ana_02364,KLKWKWPWWPWRW,HydrAMP_epoch37,0.8461538461538461,False
vae_ana_02365,LLKWKWPWWQWWR,HydrAMP_epoch37,0.7692307692307692,True
vae_ana_02366,LNPWKWPWWQQRR,HydrAMP_epoch37,0.8461538461538461,False
vae_ana_02367,PLKWWWFWWPWRR,HydrAMP_epoch37,0.7692307692307692,True
vae_ana_02368,PLPWKWFKWPWRR,HydrAMP_epoch37,0.88,False
vae_ana_02369,TNKWKWIKWPWRR,HydrAMP_epoch37,0.7692307692307692,True
vae_ana_02370,FRWRRWWRRWRRR,HydrAMP_epoch37,0.88,False
vae_ana_02371,QWWRYWKRYWRRR,HydrAMP_epoch37,0.7272727272727273,True
vae_ana_02372,RQWRRKWRRWRY,HydrAMP_epoch37,0.782608695652174,True
vae_ana_02373,RRKRRWQRRW,HydrAMP_epoch37,0.8,True
vae_ana_02374,RRKRRWWRRWRR,HydrAMP_epoch37,0.9166666666666665,False
vae_ana_02375,RRKRRWWRRWRRV,HydrAMP_epoch37,0.88,False
vae_ana_02376,RRWRRKQRRWWRQ,HydrAMP_epoch37,0.75,True
vae_ana_02377,RRWRRWQRRRRR,HydrAMP_epoch37,0.8695652173913043,False
vae_ana_02378,RRWRRWWRRKRW,HydrAMP_epoch37,0.8333333333333335,False
vae_ana_02379,RRWRRWWRRRQR,HydrAMP_epoch37,0.9166666666666665,False
vae_ana_02380,RRWRRWWRRRWR,HydrAMP_epoch37,0.9166666666666665,False
vae_ana_02381,RRWRRWWRRWQR,HydrAMP_epoch37,0.9166666666666665,False
vae_ana_02382,RRWRRWWRRWRRKY,HydrAMP_epoch37,0.923076923076923,False
vae_ana_02383,RRWRRWWRRWRRQ,HydrAMP_epoch37,0.96,False
vae_ana_02384,RRWRRWWRRWRRY,HydrAMP_epoch37,0.96,False
vae_ana_02385,RRWRRWWRWWR,HydrAMP_epoch37,0.88,False
vae_ana_02386,RRWRRWWRYRR,HydrAMP_epoch37,0.8695652173913043,False
vae_ana_02387,RRWRRWWYRWRR,HydrAMP_epoch37,0.9166666666666665,False
vae_ana_02388,RWWWRKWRWWRR,HydrAMP_epoch37,0.8333333333333335,False
vae_ana_02389,WRWRRWRRWWRR,HydrAMP_epoch37,0.9090909090909091,False
vae_ana_02390,GQLKCYPLKVWLRYK,HydrAMP_epoch37,0.6428571428571428,True
vae_ana_02391,GWLKVFFNWVKLRF,HydrAMP_epoch37,0.6206896551724138,True
vae_ana_02392,VKNKVYKLKVKLYPK,HydrAMP_epoch37,0.8666666666666667,False
vae_ana_02393,LILFLLKKRWWRKR,HydrAMP_epoch37,0.7142857142857143,True
vae_ana_02394,LLLCLLKKRWKRKQ,HydrAMP_epoch37,0.7857142857142857,True
vae_ana_02395,LLLFLLKKRKKR,HydrAMP_epoch37,0.923076923076923,False
vae_ana_02396,LLLFLLKKRKKRK,HydrAMP_epoch37,0.962962962962963,False
vae_ana_02397,LLLFLLKKRKKRKYF,HydrAMP_epoch37,0.9655172413793103,False
vae_ana_02398,LLLFLLKWRWKWWR,HydrAMP_epoch37,0.7142857142857143,True
vae_ana_02399,LLLPLLKKRWKRKY,HydrAMP_epoch37,0.8571428571428572,False
vae_ana_02400,LLLPLLKKRWQRKY,HydrAMP_epoch37,0.7857142857142857,True
vae_ana_02401,LLLYLLKKRKKRKYF,HydrAMP_epoch37,0.896551724137931,False
vae_ana_02402,LLTFLLKKRKKRKY,HydrAMP_epoch37,0.9285714285714286,False
vae_ana_02403,LLTFLLQWRWQRKYF,HydrAMP_epoch37,0.6206896551724138,True
vae_ana_02404,RQCITVVIRVCR,HydrAMP_epoch37,0.8695652173913043,False
vae_ana_02405,RRCFFVVFRVCR,HydrAMP_epoch37,0.75,True
vae_ana_02406,RRCFIVVIRVCR,HydrAMP_epoch37,0.9166666666666665,False
vae_ana_02407,RRCFPVVHRVCR,HydrAMP_epoch37,0.8333333333333335,False
vae_ana_02408,RRCIIVVHRVVR,HydrAMP_epoch37,0.75,True
vae_ana_02409,RRCPIGVIRTCR,HydrAMP_epoch37,0.8333333333333335,False
vae_ana_02410,RRCPLVVFWVCR,HydrAMP_epoch37,0.75,True
vae_ana_02411,RRCPLVVIRVHR,HydrAMP_epoch37,0.8333333333333335,False
vae_ana_02412,RRCPPVVIRVCR,HydrAMP_epoch37,0.9166666666666665,False
vae_ana_02413,RRCPTGVIRVCR,HydrAMP_epoch37,0.8333333333333335,False
vae_ana_02414,RRCPTVVIRVCR,HydrAMP_epoch37,0.9166666666666665,False
vae_ana_02415,RRCQIVHIRGCR,HydrAMP_epoch37,0.75,True
vae_ana_02416,RRCQIVVFQVCW,HydrAMP_epoch37,0.6666666666666667,True
vae_ana_02417,RRCQIVVIRCCQ,HydrAMP_epoch37,0.75,True
vae_ana_02418,RRCQIVVIRVCRK,HydrAMP_epoch37,0.88,False
vae_ana_02419,RRCQLVTIRVCR,HydrAMP_epoch37,0.75,True
vae_ana_02420,RRCQLVVIWVVR,HydrAMP_epoch37,0.7272727272727273,True
vae_ana_02421,RRCQNCVPRHCR,HydrAMP_epoch37,0.6086956521739131,True
vae_ana_02422,RRCQNVVIRVCR,HydrAMP_epoch37,0.8333333333333335,False
vae_ana_02423,RRCYIVVIRVCR,HydrAMP_epoch37,0.9166666666666665,False
vae_ana_02424,RRVPIVGIRVCR,HydrAMP_epoch37,0.8333333333333335,False
vae_ana_02425,GCRRWKKCRWRFRGWYKFRCG,HydrAMP_epoch37,0.7619047619047619,True
vae_ana_02426,GCRRWKKCRWRRRGWFKFWCG,HydrAMP_epoch37,0.8095238095238095,False
vae_ana_02427,GCRRWKKCRWRYRGKFKFRCG,HydrAMP_epoch37,0.8571428571428572,False
vae_ana_02428,GCRRWKKCRWRYRGKYKFRCG,HydrAMP_epoch37,0.8095238095238095,False
vae_ana_02429,GCRRWKKCRWRYRGWYKFRCA,HydrAMP_epoch37,0.7619047619047619,True
vae_ana_02430,GCRRWKKCRWRYRGWYKFWCG,HydrAMP_epoch37,0.8571428571428572,False
vae_ana_02431,GCRRWKKCRWRYRGWYWKRCG,HydrAMP_epoch37,0.8095238095238095,False
vae_ana_02432,GCRRWKKFQWRYRAKYKFWCG,HydrAMP_epoch37,0.8095238095238095,False
vae_ana_02433,GCRRWKKFQWRYRGWFKFWCG,HydrAMP_epoch37,0.8571428571428572,False
vae_ana_02434,GCRRWKKFQWRYRGWFKKWCG,HydrAMP_epoch37,0.8571428571428572,False
vae_ana_02435,GCRRWKKFRWRFRGKYWFRCG,HydrAMP_epoch37,0.8571428571428572,False
vae_ana_02436,GCRRWKKFRWRFRGRYKFWCG,HydrAMP_epoch37,0.8571428571428572,False
vae_ana_02437,GCRRWKKFRWRFRGWYKFWCG,HydrAMP_epoch37,0.8571428571428572,False
vae_ana_02438,GCRRWKKFRWRYRGKFKFWCG,HydrAMP_epoch37,0.9523809523809522,False
vae_ana_02439,GCRRWKKFRWRYRGWFKFYV,HydrAMP_epoch37,0.7804878048780488,True
vae_ana_02440,GCRRWKKFRWRYRGWFKKRCG,HydrAMP_epoch37,0.8571428571428572,False
vae_ana_02441,GCRRWKKFRWRYRGWYKFRCG,HydrAMP_epoch37,0.8571428571428572,False
vae_ana_02442,GCRRWKKFRWRYRGWYKFWCG,HydrAMP_epoch37,0.9047619047619048,False
vae_ana_02443,GCRRWKKFRWRYRGWYWFKCG,HydrAMP_epoch37,0.8571428571428572,False
vae_ana_02444,GCRRWKKFRWRYRGWYWFRCG,HydrAMP_epoch37,0.8571428571428572,False
vae_ana_02445,GCRRWKKHRWRYRGKYKFRCG,HydrAMP_epoch37,0.8095238095238095,False
vae_ana_02446,GCRRWKKYQWRFRGWYWKYVG,HydrAMP_epoch37,0.6666666666666667,True
vae_ana_02447,GCRRWKQFRWRYRGKFKFWCG,HydrAMP_epoch37,0.9047619047619048,False
vae_ana_02448,GCRRWWKFRWRFRGWYKFWCG,HydrAMP_epoch37,0.8095238095238095,False
vae_ana_02449,RILGILRHQNLIKEIWALAKKGAK,HydrAMP_epoch37,0.7083333333333333,True
vae_ana_02450,RILSILRHRKLIKELWALALKAADK,HydrAMP_epoch37,0.6938775510204082,True
vae_ana_02451,RILSILRHRNLLKEIKGLAKKAAK,HydrAMP_epoch37,0.7083333333333333,True
vae_ana_02452,RILSILRHRNLLKEIKGLAKKGAK,HydrAMP_epoch37,0.75,True
vae_ana_02453,RILTILRHQKLLKEIWGVAKKAGSK,HydrAMP_epoch37,0.6122448979591837,True
vae_ana_02454,RLLSILRVWNLIKEIKGLALKFGAK,HydrAMP_epoch37,0.653061224489796,True
vae_ana_02455,FFKRRRIRIRR,HydrAMP_epoch37,0.8571428571428572,False
vae_ana_02456,FFWRRRIRLRR,HydrAMP_epoch37,0.8571428571428572,False
vae_ana_02457,IFWRRRIRIRR,HydrAMP_epoch37,0.9523809523809522,False
vae_ana_02458,IFWRRRPRFRR,HydrAMP_epoch37,0.7619047619047619,True
vae_ana_02459,IIWRRRIRIRR,HydrAMP_epoch37,0.8571428571428572,False
vae_ana_02460,IYWRRRIRIRR,HydrAMP_epoch37,0.8571428571428572,False
vae_ana_02461,KCWRRRIRIRR,HydrAMP_epoch37,0.8571428571428572,False
vae_ana_02462,KFWRRRIRFRR,HydrAMP_epoch37,0.8571428571428572,False
vae_ana_02463,KIWRRRIRPRR,HydrAMP_epoch37,0.8,True
vae_ana_02464,KPWRRRFRFRR,HydrAMP_epoch37,0.736842105263158,True
vae_ana_02465,KPWRRWIRLRR,HydrAMP_epoch37,0.8,True
vae_ana_02466,KYWRRRPRFRR,HydrAMP_epoch37,0.736842105263158,True
vae_ana_02467,PFKRRRIRIQRP,HydrAMP_epoch37,0.782608695652174,True
vae_ana_02468,PFWRRRFRIR,HydrAMP_epoch37,0.8571428571428572,False
vae_ana_02469,PFWRRRHRLRR,HydrAMP_epoch37,0.8181818181818181,False
vae_ana_02470,PFWRRRIRIRYI,HydrAMP_epoch37,0.8695652173913043,False
vae_ana_02471,PFWRRRIRNRR,HydrAMP_epoch37,0.9090909090909091,False
vae_ana_02472,PFWRRRIRTRR,HydrAMP_epoch37,0.9090909090909091,False
vae_ana_02473,PYWRRRIRIRR,HydrAMP_epoch37,0.9090909090909091,False
vae_ana_02474,PYWRRRIRIRRR,HydrAMP_epoch37,0.8695652173913043,False
vae_ana_02475,RYWRRRIQIRR,HydrAMP_epoch37,0.7619047619047619,True
vae_ana_02476,FSLQMGAVAIKRVKKLFKKWGW,HydrAMP_epoch37,0.8636363636363636,False
vae_ana_02477,CVKVTVKVVSGVKGVVKVC,HydrAMP_epoch37,0.8421052631578947,False
vae_ana_02478,RQRRWWRHFFHFFH,HydrAMP_epoch37,0.8571428571428572,False
vae_ana_02479,RQRRWWRHYHHFYH,HydrAMP_epoch37,0.7857142857142857,True
vae_ana_02480,RWRRWKRHFHHFPH,HydrAMP_epoch37,0.8571428571428572,False
vae_ana_02481,RWRRWKRVFVHFF,HydrAMP_epoch37,0.7407407407407408,True
vae_ana_02482,RWRRWWRCPFIFFI,HydrAMP_epoch37,0.7142857142857143,True
vae_ana_02483,RWRRWWRFFHHFF,HydrAMP_epoch37,0.8888888888888888,False
vae_ana_02484,RWRRWWRFFICCFH,HydrAMP_epoch37,0.7857142857142857,True
vae_ana_02485,RWRRWWRFPHFFFH,HydrAMP_epoch37,0.8571428571428572,False
vae_ana_02486,RWRRWWRHFCHFPH,HydrAMP_epoch37,0.8571428571428572,False
vae_ana_02487,RWRRWWRHFCHYFT,HydrAMP_epoch37,0.7857142857142857,True
vae_ana_02488,RWRRWWRHFHFCF,HydrAMP_epoch37,0.8888888888888888,False
vae_ana_02489,RWRRWWRHFHFHFCI,HydrAMP_epoch37,0.8275862068965517,False
vae_ana_02490,RWRRWWRHFHHCFH,HydrAMP_epoch37,0.9285714285714286,False
vae_ana_02491,RWRRWWRHFHHFFF,HydrAMP_epoch37,0.9285714285714286,False
vae_ana_02492,RWRRWWRHFHHFFHI,HydrAMP_epoch37,0.9655172413793103,False
vae_ana_02493,RWRRWWRHFHIFFF,HydrAMP_epoch37,0.8571428571428572,False
vae_ana_02494,RWRRWWRHFHIFFIF,HydrAMP_epoch37,0.8275862068965517,False
vae_ana_02495,RWRRWWRHFIHFFV,HydrAMP_epoch37,0.8571428571428572,False
vae_ana_02496,RWRRWWRHIHICYF,HydrAMP_epoch37,0.7142857142857143,True
vae_ana_02497,RWRRWWRHPIICQHF,HydrAMP_epoch37,0.6896551724137931,True
vae_ana_02498,RWRRWWRHYHHHFH,HydrAMP_epoch37,0.8571428571428572,False
vae_ana_02499,RWRRWWRTFHFHPHN,HydrAMP_epoch37,0.7586206896551724,True
vae_ana_02500,RWRRWWRVPCHFY,HydrAMP_epoch37,0.7272727272727273,True
vae_ana_02501,RWRRWWRVYCHCPH,HydrAMP_epoch37,0.6428571428571428,True
vae_ana_02502,RWRRWWRVYHCFFH,HydrAMP_epoch37,0.7857142857142857,True
vae_ana_02503,DSHAWRCFGYKRKPCTKVFSKRGY,HydrAMP_epoch37,0.6363636363636364,True
vae_ana_02504,DSVAKRHHVYKRKYCTKTIGKRGY,HydrAMP_epoch37,0.625,True
vae_ana_02505,GKWLLKIFNRF,HydrAMP_epoch37,0.8181818181818181,False
vae_ana_02506,VKKLLKIFKRI,HydrAMP_epoch37,0.7619047619047619,True
vae_ana_02507,VKQLLKIYKRFK,HydrAMP_epoch37,0.782608695652174,True
vae_ana_02508,VKRLLKFFKRF,HydrAMP_epoch37,0.7272727272727273,True
vae_ana_02509,VKWLLKIYKRY,HydrAMP_epoch37,0.6956521739130435,True
vae_ana_02510,VKWLLWIFKRF,HydrAMP_epoch37,0.7272727272727273,True
vae_ana_02511,VKYLLKIFNRF,HydrAMP_epoch37,0.9090909090909091,False
vae_ana_02512,FAEWALKKLWKALKKDL,HydrAMP_epoch37,0.7878787878787878,True
vae_ana_02513,FALKALKKLKKALKKGL,HydrAMP_epoch37,0.9411764705882352,False
vae_ana_02514,FALKALKKLKKALKKSL,HydrAMP_epoch37,0.9411764705882352,False
vae_ana_02515,FALKALKKLKKALQKATL,HydrAMP_epoch37,0.9142857142857143,False
vae_ana_02516,FALKALKKLWKDLKKALL,HydrAMP_epoch37,0.8571428571428572,False
vae_ana_02517,FALKDLKKLKKAIKKSL,HydrAMP_epoch37,0.8235294117647058,False
vae_ana_02518,FANKALKWLWKALKKD,HydrAMP_epoch37,0.7272727272727273,True
vae_ana_02519,FDIKALKQLKKAVKKAL,HydrAMP_epoch37,0.7647058823529411,True
vae_ana_02520,FDLKALKKLKKAIKKAL,HydrAMP_epoch37,0.8823529411764706,False
vae_ana_02521,FDLWALKKLKKAIKKAL,HydrAMP_epoch37,0.8235294117647058,False
vae_ana_02522,FGLWALWKLWKMLKKDL,HydrAMP_epoch37,0.6896551724137931,True
vae_ana_02523,FSLKALKKLKKALKKAL,HydrAMP_epoch37,0.9411764705882352,False
vae_ana_02524,QALKALKKLKKALKKAK,HydrAMP_epoch37,0.8823529411764706,False
vae_ana_02525,RADKALKKLKKALKKALK,HydrAMP_epoch37,0.8571428571428572,False
vae_ana_02526,YAIKAEKKLKKALKKAL,HydrAMP_epoch37,0.8235294117647058,False
vae_ana_02527,YALKALKKLKKALKKDL,HydrAMP_epoch37,0.8823529411764706,False
vae_ana_02528,YALKGLWNLKWALWWALT,HydrAMP_epoch37,0.625,True
vae_ana_02529,FLPWKKKKKIWRR,HydrAMP_epoch37,0.7692307692307692,True
vae_ana_02530,ILFWKKFKKQWRR,HydrAMP_epoch37,0.7692307692307692,True
vae_ana_02531,ILFWKKIKKPWRR,HydrAMP_epoch37,0.8461538461538461,False
vae_ana_02532,ILFWKKPWKTWRR,HydrAMP_epoch37,0.7692307692307692,True
vae_ana_02533,ILIWKKPKKFWRQR,HydrAMP_epoch37,0.814814814814815,False
vae_ana_02534,ILKWKKPKKPWRR,HydrAMP_epoch37,0.923076923076923,False
vae_ana_02535,ILKWKKPKWPWQRK,HydrAMP_epoch37,0.8,True
vae_ana_02536,ILKWKWKKKPWRR,HydrAMP_epoch37,0.8461538461538461,False
vae_ana_02537,ILNWKKPKKKWRR,HydrAMP_epoch37,0.8461538461538461,False
vae_ana_02538,ILPWKKKKKPWRR,HydrAMP_epoch37,0.923076923076923,False
vae_ana_02539,ILPWKKPKKPRRR,HydrAMP_epoch37,0.923076923076923,False
vae_ana_02540,ILPWKKPKQFRRR,HydrAMP_epoch37,0.7692307692307692,True
vae_ana_02541,ILPWKKPWKPRRR,HydrAMP_epoch37,0.8461538461538461,False
vae_ana_02542,ILPWWKPKKPWRQ,HydrAMP_epoch37,0.8461538461538461,False
vae_ana_02543,ILPWWKPWWPWRR,HydrAMP_epoch37,0.96,False
vae_ana_02544,ILQWKKYWWYWRR,HydrAMP_epoch37,0.782608695652174,True
vae_ana_02545,ITPWKKIKKPWRR,HydrAMP_epoch37,0.8461538461538461,False
vae_ana_02546,LLPWWWQKKYWRR,HydrAMP_epoch37,0.7692307692307692,True
vae_ana_02547,TLKWKKPKKPWRR,HydrAMP_epoch37,0.8461538461538461,False
vae_ana_02548,TLPWKKIKKPQRRF,HydrAMP_epoch37,0.7407407407407408,True
vae_ana_02549,KKKKKKAAFAAKAAFAA,HydrAMP_epoch37,0.9411764705882352,False
vae_ana_02550,KKKKKKAAFAAWAAFA,HydrAMP_epoch37,0.9696969696969697,False
vae_ana_02551,KKKKKKAAFAAWAGFAA,HydrAMP_epoch37,0.9411764705882352,False
vae_ana_02552,KKKKKKAAFAAWAMFAA,HydrAMP_epoch37,0.9411764705882352,False
vae_ana_02553,KKKKKKAAFSMWAAFAA,HydrAMP_epoch37,0.8823529411764706,False
vae_ana_02554,KKKKKKAGFAAWAAFA,HydrAMP_epoch37,0.9696969696969697,False
vae_ana_02555,KKKWKKAAFAAWAAFAA,HydrAMP_epoch37,0.9411764705882352,False
vae_ana_02556,KKKWKKAAFAAWAGFAA,HydrAMP_epoch37,0.8823529411764706,False
vae_ana_02557,KKNKKKAAFAAWAAFA,HydrAMP_epoch37,0.9090909090909091,False
vae_ana_02558,KKNKKKAAFAAWAAFAA,HydrAMP_epoch37,0.9411764705882352,False
vae_ana_02559,AWASMAKKLKEFMEKLKQRA,HydrAMP_epoch37,0.9,False
vae_ana_02560,AWASMAKKLKEYMLKLKRRA,HydrAMP_epoch37,0.85,False
vae_ana_02561,GWATAAKKLKEYMEKLKQRA,HydrAMP_epoch37,0.85,False
vae_ana_02562,GWATMAKKLKEYMDKLKQRA,HydrAMP_epoch37,0.85,False
vae_ana_02563,GWAVMAKKLKEYMEKLKKRA,HydrAMP_epoch37,0.85,False
vae_ana_02564,SWASGGKKLKEYMEKLKQRA,HydrAMP_epoch37,0.9,False
vae_ana_02565,SWASMAKKLKEFMEKLKQQA,HydrAMP_epoch37,0.9,False
vae_ana_02566,SWASMAKKLKEYMEKLKRRA,HydrAMP_epoch37,0.95,False
vae_ana_02567,SWASMAKKLKEYMLKLKQRA,HydrAMP_epoch37,0.95,False
vae_ana_02568,SWASMAKKLKEYMLKLKWRA,HydrAMP_epoch37,0.9,False
vae_ana_02569,KIFKRWWFLFR,HydrAMP_epoch37,0.7272727272727273,True
vae_ana_02570,KIYKRWKTLFR,HydrAMP_epoch37,0.7272727272727273,True
vae_ana_02571,KLCKRWKHLFR,HydrAMP_epoch37,0.9090909090909091,False
vae_ana_02572,KLFKQWWHLFR,HydrAMP_epoch37,0.8181818181818181,False
vae_ana_02573,KLFKRWKFLFQ,HydrAMP_epoch37,0.8181818181818181,False
vae_ana_02574,KLFKRWKILFQ,HydrAMP_epoch37,0.8181818181818181,False
vae_ana_02575,KLFKRWKVLFR,HydrAMP_epoch37,0.9090909090909091,False
vae_ana_02576,KLFKRWQHLFR,HydrAMP_epoch37,0.9090909090909091,False
vae_ana_02577,KLFKRWWCLFR,HydrAMP_epoch37,0.8181818181818181,False
vae_ana_02578,KLFQRWKHLFRR,HydrAMP_epoch37,0.8695652173913043,False
vae_ana_02579,KLFQRWKHLYRQ,HydrAMP_epoch37,0.782608695652174,True
vae_ana_02580,KLFWRWKHLFR,HydrAMP_epoch37,0.9090909090909091,False
vae_ana_02581,KLFWRWWHLFR,HydrAMP_epoch37,0.8181818181818181,False
vae_ana_02582,KLPKRWKHLCR,HydrAMP_epoch37,0.8181818181818181,False
vae_ana_02583,KLPWRWQVNFR,HydrAMP_epoch37,0.6363636363636364,True
vae_ana_02584,KLPWRWWFLPR,HydrAMP_epoch37,0.7272727272727273,True
vae_ana_02585,KLRWRWRHLFR,HydrAMP_epoch37,0.8181818181818181,False
vae_ana_02586,NLFWRWQHLFRI,HydrAMP_epoch37,0.6956521739130435,True
vae_ana_02587,KWAKKKKWFAKAAWKWKRLK,HydrAMP_epoch37,0.8717948717948718,False
vae_ana_02588,KWAKKWKRPAKAAQQWYKK,HydrAMP_epoch37,0.7894736842105263,True
vae_ana_02589,KWAKKWKWFAKAAKKWFKK,HydrAMP_epoch37,0.8947368421052632,False
vae_ana_02590,KWAKKWKWFAKAAKKWYYKK,HydrAMP_epoch37,0.923076923076923,False
vae_ana_02591,KWAKKWKWFAKAAKWWFKK,HydrAMP_epoch37,0.8947368421052632,False
vae_ana_02592,KWAKKWKWFAKAAWKWYKKW,HydrAMP_epoch37,0.9743589743589743,False
vae_ana_02593,KWAKKWKWFAKAAWWWYKK,HydrAMP_epoch37,0.9473684210526316,False
vae_ana_02594,KWAKKWKWFAKAMWKWFKK,HydrAMP_epoch37,0.8947368421052632,False
vae_ana_02595,KWAKKWKWFAKSAWKWFKW,HydrAMP_epoch37,0.8421052631578947,False
vae_ana_02596,KWAKKWKWFDKAAWKRKKK,HydrAMP_epoch37,0.8421052631578947,False
vae_ana_02597,KWAKKWKWFSKAAWKRFKK,HydrAMP_epoch37,0.8421052631578947,False
vae_ana_02598,KWAKKWQWFAKAAWKRKKK,HydrAMP_epoch37,0.8421052631578947,False
vae_ana_02599,KWANKWKWFAKAAWKWYKK,HydrAMP_epoch37,0.9473684210526316,False
vae_ana_02600,KWAQKWKWFGKAAWKWYKW,HydrAMP_epoch37,0.8421052631578947,False
vae_ana_02601,KWGKKWKWFAKAAKKWFKK,HydrAMP_epoch37,0.8421052631578947,False
vae_ana_02602,KWGKKWKWFGKAAKKWFKK,HydrAMP_epoch37,0.7894736842105263,True
vae_ana_02603,KWGWKWKWFAKAAWKWFKW,HydrAMP_epoch37,0.7894736842105263,True
vae_ana_02604,KWMKKWKWFAKAAKKWKYNK,HydrAMP_epoch37,0.8205128205128205,False
vae_ana_02605,KWMKKWKWFAKAAWKWPWK,HydrAMP_epoch37,0.8421052631578947,False
vae_ana_02606,KWMKKWKWFAKAAWKWPYKK,HydrAMP_epoch37,0.923076923076923,False
vae_ana_02607,KWMKKWKWFAKSMWKWKFKK,HydrAMP_epoch37,0.7692307692307692,True
vae_ana_02608,KWMKKWKWFDKAAWKWKFKK,HydrAMP_epoch37,0.8205128205128205,False
vae_ana_02609,WRAKKRKWFAKAAWWWYWK,HydrAMP_epoch37,0.7894736842105263,True
vae_ana_02610,WWAKKWKWFAKAAWWWYKK,HydrAMP_epoch37,0.8947368421052632,False
vae_ana_02611,WWAKNWKQFSKMAWKWYKK,HydrAMP_epoch37,0.736842105263158,True
vae_ana_02612,RAGEKFPGGRLLRRLLRRLKR,HydrAMP_epoch37,0.8095238095238095,False
vae_ana_02613,RAGEQFKHGRLLRRLLRRLNR,HydrAMP_epoch37,0.8095238095238095,False
vae_ana_02614,RAGIWFPVGRLLRRLKRRLLR,HydrAMP_epoch37,0.8571428571428572,False
vae_ana_02615,RAGLQCPVGRLLRRLLRRLR,HydrAMP_epoch37,0.926829268292683,False
vae_ana_02616,RAGLQFKVGQLLRRLLRRLIR,HydrAMP_epoch37,0.8571428571428572,False
vae_ana_02617,RAGLQFKVGQLLRRLLRRLNR,HydrAMP_epoch37,0.8571428571428572,False
vae_ana_02618,RAGLQFKVGRLLRRILRRLIR,HydrAMP_epoch37,0.8571428571428572,False
vae_ana_02619,RAGLQFKVGRLLRRLLRRLKR,HydrAMP_epoch37,0.9047619047619048,False
vae_ana_02620,RAGLQFPHGRLLRRLLRRLLR,HydrAMP_epoch37,0.9523809523809522,False
vae_ana_02621,RAGLQFPVGQLNRRLLRRLKR,HydrAMP_epoch37,0.8571428571428572,False
vae_ana_02622,RAGLQFPVGRLLRRLKRRLNR,HydrAMP_epoch37,0.9047619047619048,False
vae_ana_02623,RAGLQFPVGRLLRRLLRRLKR,HydrAMP_epoch37,0.9523809523809522,False
vae_ana_02624,RAGLQFQVGRLLRRPLRRLR,HydrAMP_epoch37,0.878048780487805,False
vae_ana_02625,RAGLWFPSGRLLRRLLRRKNR,HydrAMP_epoch37,0.8095238095238095,False
vae_ana_02626,RAGTKFKVGRLLRRLLRRKR,HydrAMP_epoch37,0.7804878048780488,True
vae_ana_02627,RAGTQFPVGYLLRRLKRRLLR,HydrAMP_epoch37,0.8571428571428572,False
vae_ana_02628,RDGLQFPVGRLLRRLLRRLIR,HydrAMP_epoch37,0.9047619047619048,False
vae_ana_02629,RDGLQFPVGRLLRRLLRRLRW,HydrAMP_epoch37,0.9047619047619048,False
vae_ana_02630,RDSLQFPVGRLLRRLLRRLLR,HydrAMP_epoch37,0.9047619047619048,False
vae_ana_02631,EFKRIVQRIKDFLRLLS,HydrAMP_epoch37,0.8823529411764706,False
vae_ana_02632,EFKRIVQRIKEFLRKLV,HydrAMP_epoch37,0.8823529411764706,False
vae_ana_02633,EFWRIVQRIKDYLRNLV,HydrAMP_epoch37,0.8823529411764706,False
vae_ana_02634,LFKRIVQRLKDFLRKLV,HydrAMP_epoch37,0.8571428571428572,False
vae_ana_02635,KRWRIQVRVIRK,HydrAMP_epoch37,0.9166666666666665,False
vae_ana_02636,KRWRIQVRVIRQL,HydrAMP_epoch37,0.8,True
vae_ana_02637,KRWRIRGRVFWK,HydrAMP_epoch37,0.75,True
vae_ana_02638,KRWRIRGRVIRW,HydrAMP_epoch37,0.8333333333333335,False
vae_ana_02639,KRWRIRVRHFRK,HydrAMP_epoch37,0.8333333333333335,False
vae_ana_02640,KRWRIRVRHIRK,HydrAMP_epoch37,0.9166666666666665,False
vae_ana_02641,KRWRIRVRTPRK,HydrAMP_epoch37,0.8333333333333335,False
vae_ana_02642,KRWRIRVRVFRK,HydrAMP_epoch37,0.9166666666666665,False
vae_ana_02643,KRWRIRVRVIRW,HydrAMP_epoch37,0.9166666666666665,False
vae_ana_02644,KRWRIRVRVKRK,HydrAMP_epoch37,0.9166666666666665,False
vae_ana_02645,KRWRIRVRVNRKL,HydrAMP_epoch37,0.88,False
vae_ana_02646,KRWRIRVRVPRK,HydrAMP_epoch37,0.9166666666666665,False
vae_ana_02647,KRWRNRVRVIR,HydrAMP_epoch37,0.8695652173913043,False
vae_ana_02648,KRWRNRVRVIRK,HydrAMP_epoch37,0.9166666666666665,False
vae_ana_02649,KRWRTRVRGIR,HydrAMP_epoch37,0.782608695652174,True
vae_ana_02650,NRKRIRVRVIRK,HydrAMP_epoch37,0.8333333333333335,False
vae_ana_02651,NRWRIRVRVIRK,HydrAMP_epoch37,0.9166666666666665,False
vae_ana_02652,WRWRIQVRVIRK,HydrAMP_epoch37,0.8333333333333335,False
vae_ana_02653,KWKKFKKFAAVLKVK,HydrAMP_epoch37,0.8,True
vae_ana_02654,KWKKFKKFGAVLKTN,HydrAMP_epoch37,0.8,True
vae_ana_02655,KWKKFKKFGAVLKVN,HydrAMP_epoch37,0.8666666666666667,False
vae_ana_02656,KWKKFKKFGGVLKVL,HydrAMP_epoch37,0.8666666666666667,False
vae_ana_02657,KWKKFKKIASVNKFN,HydrAMP_epoch37,0.7333333333333334,True
vae_ana_02658,KWKKFKKIGAVLKGL,HydrAMP_epoch37,0.9333333333333332,False
vae_ana_02659,KWKKFKKIGAVLKHL,HydrAMP_epoch37,0.9333333333333332,False
vae_ana_02660,KWKKFKKIGAVLKVLL,HydrAMP_epoch37,0.967741935483871,False
vae_ana_02661,KWKKFKKIGAVTKGIL,HydrAMP_epoch37,0.8387096774193549,False
vae_ana_02662,KWKKFKKISAVLKVL,HydrAMP_epoch37,0.9333333333333332,False
vae_ana_02663,KWKKFKKISMVLQVL,HydrAMP_epoch37,0.8,True
vae_ana_02664,KWKKFKKIVAGLKVL,HydrAMP_epoch37,0.8666666666666667,False
vae_ana_02665,KWKKFKKPGAVLPVL,HydrAMP_epoch37,0.8666666666666667,False
vae_ana_02666,KWKKFNKISAVLKCL,HydrAMP_epoch37,0.8,True
vae_ana_02667,KWKKFWKIGAVNKV,HydrAMP_epoch37,0.8275862068965517,False
vae_ana_02668,KWKKPKKISAVLKVL,HydrAMP_epoch37,0.8666666666666667,False
vae_ana_02669,KWKKYKKIGDVLKVLL,HydrAMP_epoch37,0.8387096774193549,False
vae_ana_02670,KWKKYPKIGAVLKVL,HydrAMP_epoch37,0.8666666666666667,False
vae_ana_02671,KWKWFKKFSAVLKVI,HydrAMP_epoch37,0.7586206896551724,True
vae_ana_02672,KWKWFNKIGAVLKHLL,HydrAMP_epoch37,0.8,True
vae_ana_02673,LWKKYKKIAAVNKHL,HydrAMP_epoch37,0.6666666666666667,True
vae_ana_02674,NWKKYKKIGSVLQVL,HydrAMP_epoch37,0.7333333333333334,True
vae_ana_02675,WWKKFKKIGAVLQV,HydrAMP_epoch37,0.8275862068965517,False
vae_ana_02676,IKQILVFFRRF,HydrAMP_epoch37,0.7272727272727273,True
vae_ana_02677,IKRLLCFCRRC,HydrAMP_epoch37,0.7,True
vae_ana_02678,IKRLLHFHRRY,HydrAMP_epoch37,0.6363636363636364,True
vae_ana_02679,IKWLLHFPWRF,HydrAMP_epoch37,0.7272727272727273,True
vae_ana_02680,IKYLLVFCQRF,HydrAMP_epoch37,0.7272727272727273,True
vae_ana_02681,TKWLLVFYRRY,HydrAMP_epoch37,0.6363636363636364,True
vae_ana_02682,RQIIRKIIHIIKK,HydrAMP_epoch37,0.923076923076923,False
vae_ana_02683,RRHIRKIIVIIWK,HydrAMP_epoch37,0.8,True
vae_ana_02684,RRIHRKIITIIK,HydrAMP_epoch37,0.8333333333333335,False
vae_ana_02685,RRIIRKHKVIIKK,HydrAMP_epoch37,0.8461538461538461,False
vae_ana_02686,RRIIRKIFHHIKK,HydrAMP_epoch37,0.8461538461538461,False
vae_ana_02687,RRIIRKIIFIIKK,HydrAMP_epoch37,0.923076923076923,False
vae_ana_02688,RRIIRKIIHIIKW,HydrAMP_epoch37,0.96,False
vae_ana_02689,RRIIRKIIHIIQK,HydrAMP_epoch37,0.96,False
vae_ana_02690,RRIIWKIIHIIK,HydrAMP_epoch37,0.9166666666666665,False
vae_ana_02691,RRIPWKIFVIIK,HydrAMP_epoch37,0.6666666666666667,True
vae_ana_02692,RRKFRKIIHIFK,HydrAMP_epoch37,0.75,True
vae_ana_02693,RRKIRKIIHIIKK,HydrAMP_epoch37,0.923076923076923,False
vae_ana_02694,RRLFRKIPVIIKK,HydrAMP_epoch37,0.6923076923076923,True
vae_ana_02695,RRLIQKIIHILKK,HydrAMP_epoch37,0.7692307692307692,True
vae_ana_02696,RRLIRKIFHHFKK,HydrAMP_epoch37,0.6923076923076923,True
vae_ana_02697,RRLPWKNIHTPKK,HydrAMP_epoch37,0.6363636363636364,True
vae_ana_02698,RRPIRKIFHIIKK,HydrAMP_epoch37,0.8461538461538461,False
vae_ana_02699,RRPIRKIIHHLKK,HydrAMP_epoch37,0.7692307692307692,True
vae_ana_02700,RRPPRKIHHHIK,HydrAMP_epoch37,0.6666666666666667,True
vae_ana_02701,RRTHRWIIVVIKK,HydrAMP_epoch37,0.72,True
vae_ana_02702,GIGKFLHGAKKFAKAFVAEIMNS,HydrAMP_epoch37,0.9777777777777777,False
vae_ana_02703,GIGKFLHSAKKFAKAFGAEIMKK,HydrAMP_epoch37,0.8695652173913043,False
vae_ana_02704,GIGKFLHSAKKFAKAFGAEKMNS,HydrAMP_epoch37,0.9130434782608696,False
vae_ana_02705,GIGKFLHSAKKFAKAFGAKKMNS,HydrAMP_epoch37,0.8695652173913043,False
vae_ana_02706,GIGKFLHSAKKFAKAFVAEKMNS,HydrAMP_epoch37,0.9565217391304348,False
vae_ana_02707,GIGKFLHSAKKIAKAFVAEIMNS,HydrAMP_epoch37,0.9565217391304348,False
vae_ana_02708,GIGKFLVGAKKFAKAFVAEIMNKS,HydrAMP_epoch37,0.9130434782608696,False
vae_ana_02709,GIGKILHSAKKFAKAFGAEIMNS,HydrAMP_epoch37,0.9130434782608696,False
vae_ana_02710,GIGKILHSAKKFAKAFVAEIMNKS,HydrAMP_epoch37,0.9361702127659575,False
vae_ana_02711,GIGKILHSAKKFAKAFVAEIMNS,HydrAMP_epoch37,0.9565217391304348,False
vae_ana_02712,GIGKILHSAKKFAKAFVAEKMKS,HydrAMP_epoch37,0.8695652173913043,False
vae_ana_02713,GIGKILHSAKKIAKAFVAEKMNS,HydrAMP_epoch37,0.8695652173913043,False
vae_ana_02714,GIGNFLHSAKKFAKAFVANIMNS,HydrAMP_epoch37,0.9130434782608696,False
vae_ana_02715,GIGPILHGAKKFAKAFGAEIMNS,HydrAMP_epoch37,0.8444444444444444,False
vae_ana_02716,GIGQFLVGAKKFAKAFGAEIMNS,HydrAMP_epoch37,0.8444444444444444,False
vae_ana_02717,GIGWFLCSAKKFAKAFVGEIMNS,HydrAMP_epoch37,0.9130434782608696,False
vae_ana_02718,GIGWILCSAKKHAKAFVAEIMNS,HydrAMP_epoch37,0.826086956521739,False
vae_ana_02719,GIVKFLHAAKKFAKAFGAEIMNS,HydrAMP_epoch37,0.9130434782608696,False
vae_ana_02720,EKRYLKWFKRFGGGRKRRRWF,HydrAMP_epoch37,0.8095238095238095,False
vae_ana_02721,LKQFLKKFKWFSGGRWRRRWF,HydrAMP_epoch37,0.7619047619047619,True
vae_ana_02722,LKRFLKKFKRFGGGRRWRRRY,HydrAMP_epoch37,0.8095238095238095,False
vae_ana_02723,LKRFLKKIQRFSGGRWRWRWF,HydrAMP_epoch37,0.8571428571428572,False
vae_ana_02724,LKRFLKWCKRFGGGRRRRRWP,HydrAMP_epoch37,0.8095238095238095,False
vae_ana_02725,LKRFLKWCKRFSGGRWRRRWF,HydrAMP_epoch37,0.8571428571428572,False
vae_ana_02726,LKRFLKWCKRIGGGRWRRRWF,HydrAMP_epoch37,0.8571428571428572,False
vae_ana_02727,LKRFLKWFKRFGGGRRRRRWF,HydrAMP_epoch37,0.9047619047619048,False
vae_ana_02728,LKRFLKWFKRFGGGRWRRRWF,HydrAMP_epoch37,0.9523809523809522,False
vae_ana_02729,LKRFLKWFKRFGGGRWRWRWP,HydrAMP_epoch37,0.9523809523809522,False
vae_ana_02730,LKRFLKWFKRFVGGRKRWRWF,HydrAMP_epoch37,0.9047619047619048,False
vae_ana_02731,LKRFLKWFKRIGGGRQRRRWF,HydrAMP_epoch37,0.8571428571428572,False
vae_ana_02732,LKRFLKWFKRIGGGRWRWRWF,HydrAMP_epoch37,0.9523809523809522,False
vae_ana_02733,LKRFLKWHKRFGGGRWRRRKF,HydrAMP_epoch37,0.8571428571428572,False
vae_ana_02734,LKRYLKKFKRFGGGRWWRRWF,HydrAMP_epoch37,0.8571428571428572,False
vae_ana_02735,LKRYLKWFKRFGGGRKRRRWF,HydrAMP_epoch37,0.8571428571428572,False
vae_ana_02736,LKRYLKWFWRCVGGRWRWRKF,HydrAMP_epoch37,0.7619047619047619,True
vae_ana_02737,LKYFLKKCKRFGGGRQRRRWF,HydrAMP_epoch37,0.7619047619047619,True
vae_ana_02738,LKYFLKWCWRHVGGRWRRRWF,HydrAMP_epoch37,0.7142857142857143,True
vae_ana_02739,LKYFLKWFKRFVGGRKRWRWY,HydrAMP_epoch37,0.8095238095238095,False
vae_ana_02740,LNRFLKWFWRVGGGRWRRRKY,HydrAMP_epoch37,0.7142857142857143,True
vae_ana_02741,NKRFNKWFWRFGGGRRRRRWF,HydrAMP_epoch37,0.7619047619047619,True
vae_ana_02742,KIGKKIMRIFLRRISKDILTGKK,HydrAMP_epoch37,0.9130434782608696,False
vae_ana_02743,KIGKKIMRIFLRRITKDILTGKKK,HydrAMP_epoch37,0.851063829787234,False
vae_ana_02744,KIGKKIMRTFLRRIVKAILEVNK,HydrAMP_epoch37,0.7391304347826086,True
vae_ana_02745,KISKKIGRLFLRQITKANLTGKK,HydrAMP_epoch37,0.7619047619047619,True
vae_ana_02746,KISKKIMRIFLRRISKAFLSGKK,HydrAMP_epoch37,0.826086956521739,False
vae_ana_02747,KISKKIMRTFLRRISKAFLTGKK,HydrAMP_epoch37,0.9130434782608696,False
vae_ana_02748,KISKKIMRTFLRRISKANLLGKK,HydrAMP_epoch37,0.8695652173913043,False
vae_ana_02749,KISKKIMRTFLRRITKANLLGKK,HydrAMP_epoch37,0.8571428571428572,False
vae_ana_02750,KISKKIMRTFLRRITKGFTLGKK,HydrAMP_epoch37,0.8571428571428572,False
vae_ana_02751,KISKKIMRTFLRRTTKAILTGKK,HydrAMP_epoch37,0.9047619047619048,False
vae_ana_02752,KISKKIMRTFNRRISKAFLTVKK,HydrAMP_epoch37,0.826086956521739,False
vae_ana_02753,KLSKKIMRTFLRRIVKDFLLGKK,HydrAMP_epoch37,0.826086956521739,False
vae_ana_02754,WISKKIMRLFLRRITKDFLTGKK,HydrAMP_epoch37,0.826086956521739,False
vae_ana_02755,GLNRIVYIPQPRPPCPN,HydrAMP_epoch37,0.7647058823529411,True
vae_ana_02756,GNKRFVYIPWPRPPHPL,HydrAMP_epoch37,0.8235294117647058,False
vae_ana_02757,GNKRIVYIPQPRFPHKI,HydrAMP_epoch37,0.7428571428571429,True
vae_ana_02758,GNKRPVYIPQPRPPHYL,HydrAMP_epoch37,0.8823529411764706,False
vae_ana_02759,GNNRIVYIKPPRPPHPN,HydrAMP_epoch37,0.8235294117647058,False
vae_ana_02760,GNNRPVYIPQQRPPHPN,HydrAMP_epoch37,0.8823529411764706,False
vae_ana_02761,GNNRPVYIPRPRPPHPL,HydrAMP_epoch37,0.9714285714285714,False
vae_ana_02762,GNNRPVYIPRPRPYHN,HydrAMP_epoch37,0.8484848484848484,False
vae_ana_02763,GNNRPVYIPWPRPPHKL,HydrAMP_epoch37,0.8823529411764706,False
vae_ana_02764,GNNRPVYTPQPRPPHPL,HydrAMP_epoch37,0.9411764705882352,False
vae_ana_02765,GNNRPVYTPQQRPPHPL,HydrAMP_epoch37,0.8823529411764706,False
vae_ana_02766,GAKKLAKLAKKLAKEALAN,HydrAMP_epoch37,0.8571428571428572,False
vae_ana_02767,GAKKLAKLAKKLAKKALAL,HydrAMP_epoch37,0.8947368421052632,False
vae_ana_02768,GAKKLAKLAKKLAKNALAL,HydrAMP_epoch37,0.8947368421052632,False
vae_ana_02769,GAKKLAKLAKKLGKLALAD,HydrAMP_epoch37,0.8421052631578947,False
vae_ana_02770,GAKKLDKLAKKIAKLALAL,HydrAMP_epoch37,0.8421052631578947,False
vae_ana_02771,VAKKLAKLAKKKAKLALDAN,HydrAMP_epoch37,0.8717948717948718,False
vae_ana_02772,VAKKLAKLAKKLAKLALDAL,HydrAMP_epoch37,0.9743589743589743,False
vae_ana_02773,VAKKLAKLAKKLAKLALDDI,HydrAMP_epoch37,0.9189189189189189,False
vae_ana_02774,VAKKLAKLAKKLAKLGLAL,HydrAMP_epoch37,0.9473684210526316,False
vae_ana_02775,VAKKLAKLAKKNAKLALAL,HydrAMP_epoch37,0.9473684210526316,False
vae_ana_02776,VAKKLDKLAKKLMKLALAL,HydrAMP_epoch37,0.8947368421052632,False
vae_ana_02777,VAKKLGKLAKKLGKLALAL,HydrAMP_epoch37,0.8947368421052632,False
vae_ana_02778,VAKKLSKLAKKLAKKALAL,HydrAMP_epoch37,0.8947368421052632,False
vae_ana_02779,VAPKLAKLMKKKAKLGLAL,HydrAMP_epoch37,0.7894736842105263,True
vae_ana_02780,VAWKLAKLAWKLAKLALAL,HydrAMP_epoch37,0.8947368421052632,False
vae_ana_02781,VDKWLAKNAKKLAKLALAK,HydrAMP_epoch37,0.7894736842105263,True
vae_ana_02784,RIWVIKRRF,HydrAMP_epoch37,0.9411764705882352,False
vae_ana_02785,RIWVIWRRK,HydrAMP_epoch37,0.9411764705882352,False
vae_ana_02786,RIWVIWRRR,HydrAMP_epoch37,0.9411764705882352,False
vae_ana_02788,RKWVFWRRQ,HydrAMP_epoch37,0.8235294117647058,False
vae_ana_02789,RKWVKWRR,HydrAMP_epoch37,0.9411764705882352,False
vae_ana_02790,RLWGIWRR,HydrAMP_epoch37,0.875,False
vae_ana_02791,RLWVIWRRW,HydrAMP_epoch37,0.9411764705882352,False
vae_ana_02792,RLWVPWRR,HydrAMP_epoch37,0.875,False
vae_ana_02793,RHRFRHRC,HydrAMP_epoch37,0.8235294117647058,False
vae_ana_02794,RHRHQHRH,HydrAMP_epoch37,0.875,False
vae_ana_02795,RHRHRFRHK,HydrAMP_epoch37,0.8235294117647058,False
vae_ana_02796,RHRHRFRTW,HydrAMP_epoch37,0.7058823529411764,True
vae_ana_02797,RHRHRHRHK,HydrAMP_epoch37,0.9411764705882352,False
vae_ana_02798,RHRVRHRH,HydrAMP_epoch37,0.875,False
